timestamp,_header,_orientation,_orientation_covariance,_angular_velocity,_angular_velocity_covariance,_linear_acceleration,_linear_acceleration_covariance,_check_fields
26165639839,"std_msgs.msg.Header(stamp=builtin_interfaces.msg.Time(sec=1731184274, nanosec=73957412), frame_id='RL_myo')","geometry_msgs.msg.Quaternion(x=-0.5687484562151655, y=-0.5367681803211053, z=-0.028318412242068543, w=-0.6225778518994423)",[0. 0. 0. 0. 0. 0. 0. 0. 0.],"geometry_msgs.msg.Vector3(x=7.4375, y=-2.625, z=-2.375)",[0. 0. 0. 0. 0. 0. 0. 0. 0.],"geometry_msgs.msg.Vector3(x=0.64306640625, y=0.61572265625, z=0.4033203125)",[0. 0. 0. 0. 0. 0. 0. 0. 0.],False
26182436559,"std_msgs.msg.Header(stamp=builtin_interfaces.msg.Time(sec=1731184274, nanosec=90675299), frame_id='RL_myo')","geometry_msgs.msg.Quaternion(x=-0.568332891499614, y=-0.5382439615694905, z=-0.029783768368966027, w=-0.6216141000777028)",[0. 0. 0. 0. 0. 0. 0. 0. 0.],"geometry_msgs.msg.Vector3(x=11.375, y=-1.875, z=-8.625)",[0. 0. 0. 0. 0. 0. 0. 0. 0.],"geometry_msgs.msg.Vector3(x=0.6806640625, y=0.6357421875, z=0.4091796875)",[0. 0. 0. 0. 0. 0. 0. 0. 0.],False
26205634008,"std_msgs.msg.Header(stamp=builtin_interfaces.msg.Time(sec=1731184274, nanosec=113897400), frame_id='RL_myo')","geometry_msgs.msg.Quaternion(x=-0.5677226149014591, y=-0.5405022014155367, z=-0.03338467752645648, w=-0.6200273107701487)",[0. 0. 0. 0. 0. 0. 0. 0. 0.],"geometry_msgs.msg.Vector3(x=23.4375, y=0.75, z=-18.6875)",[0. 0. 0. 0. 0. 0. 0. 0. 0.],"geometry_msgs.msg.Vector3(x=0.7177734375, y=0.63671875, z=0.427734375)",[0. 0. 0. 0. 0. 0. 0. 0. 0.],False
26225885206,"std_msgs.msg.Header(stamp=builtin_interfaces.msg.Time(sec=1731184274, nanosec=134159321), frame_id='RL_myo')","geometry_msgs.msg.Quaternion(x=-0.5664343469475187, y=-0.544096778691642, z=-0.04131839811264628, w=-0.6175788338284605)",[0. 0. 0. 0. 0. 0. 0. 0. 0.],"geometry_msgs.msg.Vector3(x=46.375, y=7.625, z=-33.5)",[0. 0. 0. 0. 0. 0. 0. 0. 0.],"geometry_msgs.msg.Vector3(x=0.7705078125, y=0.67626953125, z=0.4521484375)",[0. 0. 0. 0. 0. 0. 0. 0. 0.],False
26249899328,"std_msgs.msg.Header(stamp=builtin_interfaces.msg.Time(sec=1731184274, nanosec=158267907), frame_id='RL_myo')","geometry_msgs.msg.Quaternion(x=-0.5644268582073562, y=-0.549290843843664, z=-0.054990116700349034, w=-0.6137409695213206)",[0. 0. 0. 0. 0. 0. 0. 0. 0.],"geometry_msgs.msg.Vector3(x=70.5625, y=20.0, z=-53.75)",[0. 0. 0. 0. 0. 0. 0. 0. 0.],"geometry_msgs.msg.Vector3(x=0.90478515625, y=0.857421875, z=0.45068359375)",[0. 0. 0. 0. 0. 0. 0. 0. 0.],False
26271282428,"std_msgs.msg.Header(stamp=builtin_interfaces.msg.Time(sec=1731184274, nanosec=179435372), frame_id='RL_myo')","geometry_msgs.msg.Quaternion(x=-0.5611209081103202, y=-0.5536140697703628, z=-0.07616694510786161, w=-0.6106172161892272)",[0. 0. 0. 0. 0. 0. 0. 0. 0.],"geometry_msgs.msg.Vector3(x=92.6875, y=53.1875, z=-68.8125)",[0. 0. 0. 0. 0. 0. 0. 0. 0.],"geometry_msgs.msg.Vector3(x=1.0537109375, y=1.15283203125, z=0.46826171875)",[0. 0. 0. 0. 0. 0. 0. 0. 0.],False
26287679128,"std_msgs.msg.Header(stamp=builtin_interfaces.msg.Time(sec=1731184274, nanosec=195882679), frame_id='RL_myo')","geometry_msgs.msg.Quaternion(x=-0.5603936341224509, y=-0.5523984733655307, z=-0.10454740745499437, w=-0.6081815033794623)",[0. 0. 0. 0. 0. 0. 0. 0. 0.],"geometry_msgs.msg.Vector3(x=83.375, y=95.3125, z=-86.25)",[0. 0. 0. 0. 0. 0. 0. 0. 0.],"geometry_msgs.msg.Vector3(x=0.87548828125, y=1.4130859375, z=0.40283203125)",[0. 0. 0. 0. 0. 0. 0. 0. 0.],False
26309818647,"std_msgs.msg.Header(stamp=builtin_interfaces.msg.Time(sec=1731184274, nanosec=218145311), frame_id='RL_myo')","geometry_msgs.msg.Quaternion(x=-0.5634599991235761, y=-0.5452110238486683, z=-0.1339682298609456, w=-0.6060612858857356)",[0. 0. 0. 0. 0. 0. 0. 0. 0.],"geometry_msgs.msg.Vector3(x=65.3125, y=112.5, z=-109.5625)",[0. 0. 0. 0. 0. 0. 0. 0. 0.],"geometry_msgs.msg.Vector3(x=0.5927734375, y=1.4951171875, z=0.27783203125)",[0. 0. 0. 0. 0. 0. 0. 0. 0.],False
26330903510,"std_msgs.msg.Header(stamp=builtin_interfaces.msg.Time(sec=1731184274, nanosec=239103295), frame_id='RL_myo')","geometry_msgs.msg.Quaternion(x=-0.5725414413320195, y=-0.5333588802686834, z=-0.16179590245935227, w=-0.6012875258504483)",[0. 0. 0. 0. 0. 0. 0. 0. 0.],"geometry_msgs.msg.Vector3(x=27.0625, y=110.0, z=-136.8125)",[0. 0. 0. 0. 0. 0. 0. 0. 0.],"geometry_msgs.msg.Vector3(x=0.3935546875, y=1.46826171875, z=0.21240234375)",[0. 0. 0. 0. 0. 0. 0. 0. 0.],False
26347331546,"std_msgs.msg.Header(stamp=builtin_interfaces.msg.Time(sec=1731184274, nanosec=255506450), frame_id='RL_myo')","geometry_msgs.msg.Quaternion(x=-0.5864495794633768, y=-0.5181555759854376, z=-0.18907490864580515, w=-0.5931630203772047)",[0. 0. 0. 0. 0. 0. 0. 0. 0.],"geometry_msgs.msg.Vector3(x=4.3125, y=104.5625, z=-167.0625)",[0. 0. 0. 0. 0. 0. 0. 0. 0.],"geometry_msgs.msg.Vector3(x=0.248046875, y=1.27978515625, z=0.244140625)",[0. 0. 0. 0. 0. 0. 0. 0. 0.],False
26369752510,"std_msgs.msg.Header(stamp=builtin_interfaces.msg.Time(sec=1731184274, nanosec=278123719), frame_id='RL_myo')","geometry_msgs.msg.Quaternion(x=-0.5975411707728954, y=-0.5063628938722003, z=-0.22098831369305016, w=-0.5811241985598519)",[0. 0. 0. 0. 0. 0. 0. 0. 0.],"geometry_msgs.msg.Vector3(x=45.25, y=99.3125, z=-181.875)",[0. 0. 0. 0. 0. 0. 0. 0. 0.],"geometry_msgs.msg.Vector3(x=0.201171875, y=1.20947265625, z=0.30322265625)",[0. 0. 0. 0. 0. 0. 0. 0. 0.],False
26390939233,"std_msgs.msg.Header(stamp=builtin_interfaces.msg.Time(sec=1731184274, nanosec=299191797), frame_id='RL_myo')","geometry_msgs.msg.Quaternion(x=-0.6038453074270375, y=-0.49856603157180807, z=-0.2574917477293987, w=-0.5661278625119466)",[0. 0. 0. 0. 0. 0. 0. 0. 0.],"geometry_msgs.msg.Vector3(x=94.1875, y=99.5, z=-187.6875)",[0. 0. 0. 0. 0. 0. 0. 0. 0.],"geometry_msgs.msg.Vector3(x=0.24609375, y=1.029296875, z=0.345703125)",[0. 0. 0. 0. 0. 0. 0. 0. 0.],False
26407397541,"std_msgs.msg.Header(stamp=builtin_interfaces.msg.Time(sec=1731184274, nanosec=315696868), frame_id='RL_myo')","geometry_msgs.msg.Quaternion(x=-0.6056815531347919, y=-0.49435918786697036, z=-0.295822096739655, w=-0.5488607625293412)",[0. 0. 0. 0. 0. 0. 0. 0. 0.],"geometry_msgs.msg.Vector3(x=129.9375, y=94.3125, z=-180.5)",[0. 0. 0. 0. 0. 0. 0. 0. 0.],"geometry_msgs.msg.Vector3(x=0.130859375, y=0.9404296875, z=0.3115234375)",[0. 0. 0. 0. 0. 0. 0. 0. 0.],False
26429675994,"std_msgs.msg.Header(stamp=builtin_interfaces.msg.Time(sec=1731184274, nanosec=338071428), frame_id='RL_myo')","geometry_msgs.msg.Quaternion(x=-0.6011099334529787, y=-0.4940587786883808, z=-0.3353130241030221, w=-0.5311665906022208)",[0. 0. 0. 0. 0. 0. 0. 0. 0.],"geometry_msgs.msg.Vector3(x=164.1875, y=94.4375, z=-155.875)",[0. 0. 0. 0. 0. 0. 0. 0. 0.],"geometry_msgs.msg.Vector3(x=-0.10986328125, y=1.025390625, z=0.18994140625)",[0. 0. 0. 0. 0. 0. 0. 0. 0.],False
26450787619,"std_msgs.msg.Header(stamp=builtin_interfaces.msg.Time(sec=1731184274, nanosec=359095361), frame_id='RL_myo')","geometry_msgs.msg.Quaternion(x=-0.5923624439343248, y=-0.4962393397516994, z=-0.3752157742950988, w=-0.5119241891326104)",[0. 0. 0. 0. 0. 0. 0. 0. 0.],"geometry_msgs.msg.Vector3(x=189.375, y=92.4375, z=-144.75)",[0. 0. 0. 0. 0. 0. 0. 0. 0.],"geometry_msgs.msg.Vector3(x=-0.1572265625, y=1.16064453125, z=0.18408203125)",[0. 0. 0. 0. 0. 0. 0. 0. 0.],False
26467461644,"std_msgs.msg.Header(stamp=builtin_interfaces.msg.Time(sec=1731184274, nanosec=375751813), frame_id='RL_myo')","geometry_msgs.msg.Quaternion(x=-0.5829710222763321, y=-0.5036913575006877, z=-0.41232749439896355, w=-0.48623640436301696)",[0. 0. 0. 0. 0. 0. 0. 0. 0.],"geometry_msgs.msg.Vector3(x=217.625, y=50.1875, z=-144.25)",[0. 0. 0. 0. 0. 0. 0. 0. 0.],"geometry_msgs.msg.Vector3(x=-0.27978515625, y=1.1669921875, z=0.27392578125)",[0. 0. 0. 0. 0. 0. 0. 0. 0.],False
26489938927,"std_msgs.msg.Header(stamp=builtin_interfaces.msg.Time(sec=1731184274, nanosec=398275490), frame_id='RL_myo')","geometry_msgs.msg.Quaternion(x=-0.5719970280098057, y=-0.5126123600356763, z=-0.44559862371954667, w=-0.459880239655771)",[0. 0. 0. 0. 0. 0. 0. 0. 0.],"geometry_msgs.msg.Vector3(x=218.75, y=35.5625, z=-127.3125)",[0. 0. 0. 0. 0. 0. 0. 0. 0.],"geometry_msgs.msg.Vector3(x=-0.34765625, y=1.15283203125, z=0.20703125)",[0. 0. 0. 0. 0. 0. 0. 0. 0.],False
26510990144,"std_msgs.msg.Header(stamp=builtin_interfaces.msg.Time(sec=1731184274, nanosec=419195870), frame_id='RL_myo')","geometry_msgs.msg.Quaternion(x=-0.5597800282968032, y=-0.5164477321682892, z=-0.47812001108560365, w=-0.43741206528599963)",[0. 0. 0. 0. 0. 0. 0. 0. 0.],"geometry_msgs.msg.Vector3(x=195.6875, y=61.875, z=-125.5625)",[0. 0. 0. 0. 0. 0. 0. 0. 0.],"geometry_msgs.msg.Vector3(x=-0.1875, y=1.16162109375, z=0.22998046875)",[0. 0. 0. 0. 0. 0. 0. 0. 0.],False
26527417242,"std_msgs.msg.Header(stamp=builtin_interfaces.msg.Time(sec=1731184274, nanosec=435690439), frame_id='RL_myo')","geometry_msgs.msg.Quaternion(x=-0.550979898535359, y=-0.5163147919372105, z=-0.5095404489224316, w=-0.4125635926117664)",[0. 0. 0. 0. 0. 0. 0. 0. 0.],"geometry_msgs.msg.Vector3(x=177.8125, y=52.4375, z=-143.75)",[0. 0. 0. 0. 0. 0. 0. 0. 0.],"geometry_msgs.msg.Vector3(x=-0.59033203125, y=1.04833984375, z=0.2529296875)",[0. 0. 0. 0. 0. 0. 0. 0. 0.],False
26549661632,"std_msgs.msg.Header(stamp=builtin_interfaces.msg.Time(sec=1731184274, nanosec=458061792), frame_id='RL_myo')","geometry_msgs.msg.Quaternion(x=-0.5454485985734862, y=-0.5132844034914422, z=-0.5378195200435896, w=-0.3870078956645939)",[0. 0. 0. 0. 0. 0. 0. 0. 0.],"geometry_msgs.msg.Vector3(x=153.6875, y=38.4375, z=-153.5625)",[0. 0. 0. 0. 0. 0. 0. 0. 0.],"geometry_msgs.msg.Vector3(x=-0.5615234375, y=0.8671875, z=0.21142578125)",[0. 0. 0. 0. 0. 0. 0. 0. 0.],False
26571043512,"std_msgs.msg.Header(stamp=builtin_interfaces.msg.Time(sec=1731184274, nanosec=479283897), frame_id='RL_myo')","geometry_msgs.msg.Quaternion(x=-0.5401997432451826, y=-0.5105378886279462, z=-0.5627818136327906, w=-0.36167932193774177)",[0. 0. 0. 0. 0. 0. 0. 0. 0.],"geometry_msgs.msg.Vector3(x=145.25, y=27.375, z=-144.9375)",[0. 0. 0. 0. 0. 0. 0. 0. 0.],"geometry_msgs.msg.Vector3(x=-0.431640625, y=0.640625, z=0.19482421875)",[0. 0. 0. 0. 0. 0. 0. 0. 0.],False
26588019577,"std_msgs.msg.Header(stamp=builtin_interfaces.msg.Time(sec=1731184274, nanosec=496273033), frame_id='RL_myo')","geometry_msgs.msg.Quaternion(x=-0.5339737991301747, y=-0.5088283876269593, z=-0.585485273180451, w=-0.33641142768379506)",[0. 0. 0. 0. 0. 0. 0. 0. 0.],"geometry_msgs.msg.Vector3(x=145.4375, y=22.1875, z=-131.6875)",[0. 0. 0. 0. 0. 0. 0. 0. 0.],"geometry_msgs.msg.Vector3(x=-0.4931640625, y=0.47021484375, z=0.1396484375)",[0. 0. 0. 0. 0. 0. 0. 0. 0.],False
26609816976,"std_msgs.msg.Header(stamp=builtin_interfaces.msg.Time(sec=1731184274, nanosec=518153043), frame_id='RL_myo')","geometry_msgs.msg.Quaternion(x=-0.5255942524331136, y=-0.5098483958228323, z=-0.6051779618122103, w=-0.3123538532225587)",[0. 0. 0. 0. 0. 0. 0. 0. 0.],"geometry_msgs.msg.Vector3(x=149.3125, y=18.25, z=-107.3125)",[0. 0. 0. 0. 0. 0. 0. 0. 0.],"geometry_msgs.msg.Vector3(x=-0.396484375, y=0.3623046875, z=0.08349609375)",[0. 0. 0. 0. 0. 0. 0. 0. 0.],False
26638384701,"std_msgs.msg.Header(stamp=builtin_interfaces.msg.Time(sec=1731184274, nanosec=546639175), frame_id='RL_myo')","geometry_msgs.msg.Quaternion(x=-0.5167711576350885, y=-0.5150622179381731, z=-0.618819270965178, w=-0.2910690505210508)",[0. 0. 0. 0. 0. 0. 0. 0. 0.],"geometry_msgs.msg.Vector3(x=142.0, y=2.3125, z=-65.875)",[0. 0. 0. 0. 0. 0. 0. 0. 0.],"geometry_msgs.msg.Vector3(x=-0.41162109375, y=0.3701171875, z=0.01806640625)",[0. 0. 0. 0. 0. 0. 0. 0. 0.],False
26647312158,"std_msgs.msg.Header(stamp=builtin_interfaces.msg.Time(sec=1731184274, nanosec=555634180), frame_id='RL_myo')","geometry_msgs.msg.Quaternion(x=-0.5080888921656818, y=-0.5235299119516177, z=-0.6261241975648923, w=-0.2751919297027098)",[0. 0. 0. 0. 0. 0. 0. 0. 0.],"geometry_msgs.msg.Vector3(x=121.5, y=-6.6875, z=-20.875)",[0. 0. 0. 0. 0. 0. 0. 0. 0.],"geometry_msgs.msg.Vector3(x=-0.37060546875, y=0.43505859375, z=-0.00732421875)",[0. 0. 0. 0. 0. 0. 0. 0. 0.],False
26669836276,"std_msgs.msg.Header(stamp=builtin_interfaces.msg.Time(sec=1731184274, nanosec=578177296), frame_id='RL_myo')","geometry_msgs.msg.Quaternion(x=-0.4989960324149771, y=-0.53469963796326, z=-0.6282613940410683, w=-0.2653052535357027)",[0. 0. 0. 0. 0. 0. 0. 0. 0.],"geometry_msgs.msg.Vector3(x=101.25, y=-6.75, z=21.0)",[0. 0. 0. 0. 0. 0. 0. 0. 0.],"geometry_msgs.msg.Vector3(x=-0.306640625, y=0.46484375, z=-0.01416015625)",[0. 0. 0. 0. 0. 0. 0. 0. 0.],False
26690837078,"std_msgs.msg.Header(stamp=builtin_interfaces.msg.Time(sec=1731184274, nanosec=599118442), frame_id='RL_myo')","geometry_msgs.msg.Quaternion(x=-0.49233968429171404, y=-0.5449486848941012, z=-0.6257541568170254, w=-0.2628008777191175)",[0. 0. 0. 0. 0. 0. 0. 0. 0.],"geometry_msgs.msg.Vector3(x=64.5, y=-0.375, z=52.375)",[0. 0. 0. 0. 0. 0. 0. 0. 0.],"geometry_msgs.msg.Vector3(x=-0.2724609375, y=0.49658203125, z=-0.052734375)",[0. 0. 0. 0. 0. 0. 0. 0. 0.],False
26707389805,"std_msgs.msg.Header(stamp=builtin_interfaces.msg.Time(sec=1731184274, nanosec=615647450), frame_id='RL_myo')","geometry_msgs.msg.Quaternion(x=-0.48714717067960966, y=-0.5545250805305604, z=-0.6207434067880618, w=-0.26432402859100346)",[0. 0. 0. 0. 0. 0. 0. 0. 0.],"geometry_msgs.msg.Vector3(x=38.0625, y=0.9375, z=69.375)",[0. 0. 0. 0. 0. 0. 0. 0. 0.],"geometry_msgs.msg.Vector3(x=-0.30322265625, y=0.515625, z=-0.10107421875)",[0. 0. 0. 0. 0. 0. 0. 0. 0.],False
26729714822,"std_msgs.msg.Header(stamp=builtin_interfaces.msg.Time(sec=1731184274, nanosec=638081646), frame_id='RL_myo')","geometry_msgs.msg.Quaternion(x=-0.48215759156880056, y=-0.565039871233412, z=-0.6142321520947353, w=-0.26640732749339424)",[0. 0. 0. 0. 0. 0. 0. 0. 0.],"geometry_msgs.msg.Vector3(x=32.3125, y=-5.75, z=77.0625)",[0. 0. 0. 0. 0. 0. 0. 0. 0.],"geometry_msgs.msg.Vector3(x=-0.279296875, y=0.556640625, z=-0.1748046875)",[0. 0. 0. 0. 0. 0. 0. 0. 0.],False
26750712163,"std_msgs.msg.Header(stamp=builtin_interfaces.msg.Time(sec=1731184274, nanosec=659055985), frame_id='RL_myo')","geometry_msgs.msg.Quaternion(x=-0.47726222133890944, y=-0.5771088957775866, z=-0.6069530423549174, w=-0.26603401826295475)",[0. 0. 0. 0. 0. 0. 0. 0. 0.],"geometry_msgs.msg.Vector3(x=42.75, y=-21.25, z=72.8125)",[0. 0. 0. 0. 0. 0. 0. 0. 0.],"geometry_msgs.msg.Vector3(x=-0.2021484375, y=0.6240234375, z=-0.232421875)",[0. 0. 0. 0. 0. 0. 0. 0. 0.],False
26766879495,"std_msgs.msg.Header(stamp=builtin_interfaces.msg.Time(sec=1731184274, nanosec=675060680), frame_id='RL_myo')","geometry_msgs.msg.Quaternion(x=-0.4699463972186605, y=-0.5904235645056262, z=-0.602507900434106, w=-0.2598742544619554)",[0. 0. 0. 0. 0. 0. 0. 0. 0.],"geometry_msgs.msg.Vector3(x=71.1875, y=-31.375, z=50.0625)",[0. 0. 0. 0. 0. 0. 0. 0. 0.],"geometry_msgs.msg.Vector3(x=-0.1064453125, y=0.6494140625, z=-0.388671875)",[0. 0. 0. 0. 0. 0. 0. 0. 0.],False
26789753934,"std_msgs.msg.Header(stamp=builtin_interfaces.msg.Time(sec=1731184274, nanosec=698132859), frame_id='RL_myo')","geometry_msgs.msg.Quaternion(x=-0.46147996651649476, y=-0.6049714889712334, z=-0.5983797899388592, w=-0.2509728372326182)",[0. 0. 0. 0. 0. 0. 0. 0. 0.],"geometry_msgs.msg.Vector3(x=86.75, y=-41.625, z=40.1875)",[0. 0. 0. 0. 0. 0. 0. 0. 0.],"geometry_msgs.msg.Vector3(x=-0.01220703125, y=0.74853515625, z=-0.48486328125)",[0. 0. 0. 0. 0. 0. 0. 0. 0.],False
26810799806,"std_msgs.msg.Header(stamp=builtin_interfaces.msg.Time(sec=1731184274, nanosec=719094182), frame_id='RL_myo')","geometry_msgs.msg.Quaternion(x=-0.45072674865296153, y=-0.6214353087047332, z=-0.5911630720991992, w=-0.24736567532707557)",[0. 0. 0. 0. 0. 0. 0. 0. 0.],"geometry_msgs.msg.Vector3(x=81.625, y=-29.0, z=68.3125)",[0. 0. 0. 0. 0. 0. 0. 0. 0.],"geometry_msgs.msg.Vector3(x=0.12060546875, y=0.7490234375, z=-0.4345703125)",[0. 0. 0. 0. 0. 0. 0. 0. 0.],False
26826848522,"std_msgs.msg.Header(stamp=builtin_interfaces.msg.Time(sec=1731184274, nanosec=735030761), frame_id='RL_myo')","geometry_msgs.msg.Quaternion(x=-0.44302610451071495, y=-0.6353967177381256, z=-0.5788817469739814, w=-0.25474458744010525)",[0. 0. 0. 0. 0. 0. 0. 0. 0.],"geometry_msgs.msg.Vector3(x=27.375, y=-9.5625, z=99.375)",[0. 0. 0. 0. 0. 0. 0. 0. 0.],"geometry_msgs.msg.Vector3(x=0.16845703125, y=0.84423828125, z=-0.37060546875)",[0. 0. 0. 0. 0. 0. 0. 0. 0.],False
26849685863,"std_msgs.msg.Header(stamp=builtin_interfaces.msg.Time(sec=1731184274, nanosec=758047884), frame_id='RL_myo')","geometry_msgs.msg.Quaternion(x=-0.43772508033711977, y=-0.6454186732522367, z=-0.5669308799848725, w=-0.2653693041419125)",[0. 0. 0. 0. 0. 0. 0. 0. 0.],"geometry_msgs.msg.Vector3(x=-8.125, y=8.5625, z=106.625)",[0. 0. 0. 0. 0. 0. 0. 0. 0.],"geometry_msgs.msg.Vector3(x=0.19091796875, y=0.78369140625, z=-0.44482421875)",[0. 0. 0. 0. 0. 0. 0. 0. 0.],False
26872252778,"std_msgs.msg.Header(stamp=builtin_interfaces.msg.Time(sec=1731184274, nanosec=780688815), frame_id='RL_myo')","geometry_msgs.msg.Quaternion(x=-0.43095457532758696, y=-0.6536032498489065, z=-0.5563165209051062, w=-0.27855497547020347)",[0. 0. 0. 0. 0. 0. 0. 0. 0.],"geometry_msgs.msg.Vector3(x=-19.875, y=20.25, z=90.5625)",[0. 0. 0. 0. 0. 0. 0. 0. 0.],"geometry_msgs.msg.Vector3(x=0.2080078125, y=0.7392578125, z=-0.5048828125)",[0. 0. 0. 0. 0. 0. 0. 0. 0.],False
26893501221,"std_msgs.msg.Header(stamp=builtin_interfaces.msg.Time(sec=1731184274, nanosec=801755496), frame_id='RL_myo')","geometry_msgs.msg.Quaternion(x=-0.4204633135332736, y=-0.6617917997737387, z=-0.549550250406967, w=-0.28850777806238703)",[0. 0. 0. 0. 0. 0. 0. 0. 0.],"geometry_msgs.msg.Vector3(x=9.5, y=32.5, z=78.4375)",[0. 0. 0. 0. 0. 0. 0. 0. 0.],"geometry_msgs.msg.Vector3(x=0.171875, y=0.6513671875, z=-0.48046875)",[0. 0. 0. 0. 0. 0. 0. 0. 0.],False
26909945738,"std_msgs.msg.Header(stamp=builtin_interfaces.msg.Time(sec=1731184274, nanosec=818222443), frame_id='RL_myo')","geometry_msgs.msg.Quaternion(x=-0.40727606010835216, y=-0.6699028976096618, z=-0.5455167728530573, w=-0.2962562559217655)",[0. 0. 0. 0. 0. 0. 0. 0. 0.],"geometry_msgs.msg.Vector3(x=28.3125, y=42.625, z=73.625)",[0. 0. 0. 0. 0. 0. 0. 0. 0.],"geometry_msgs.msg.Vector3(x=0.08740234375, y=0.705078125, z=-0.56640625)",[0. 0. 0. 0. 0. 0. 0. 0. 0.],False
26932378418,"std_msgs.msg.Header(stamp=builtin_interfaces.msg.Time(sec=1731184274, nanosec=840693419), frame_id='RL_myo')","geometry_msgs.msg.Quaternion(x=-0.39182671038213485, y=-0.6775794608508506, z=-0.5450175270580162, w=-0.3005225423553944)",[0. 0. 0. 0. 0. 0. 0. 0. 0.],"geometry_msgs.msg.Vector3(x=55.9375, y=46.875, z=56.25)",[0. 0. 0. 0. 0. 0. 0. 0. 0.],"geometry_msgs.msg.Vector3(x=0.07568359375, y=0.8037109375, z=-0.59619140625)",[0. 0. 0. 0. 0. 0. 0. 0. 0.],False
26946528317,"std_msgs.msg.Header(stamp=builtin_interfaces.msg.Time(sec=1731184274, nanosec=854977329), frame_id='RL_myo')","geometry_msgs.msg.Quaternion(x=-0.37704299424925974, y=-0.6835353731938668, z=-0.5456076996743902, w=-0.3048445704556576)",[0. 0. 0. 0. 0. 0. 0. 0. 0.],"geometry_msgs.msg.Vector3(x=53.4375, y=48.9375, z=43.4375)",[0. 0. 0. 0. 0. 0. 0. 0. 0.],"geometry_msgs.msg.Vector3(x=0.142578125, y=0.849609375, z=-0.6123046875)",[0. 0. 0. 0. 0. 0. 0. 0. 0.],False
26969871613,"std_msgs.msg.Header(stamp=builtin_interfaces.msg.Time(sec=1731184274, nanosec=878309988), frame_id='RL_myo')","geometry_msgs.msg.Quaternion(x=-0.36429291988593276, y=-0.6878782878261599, z=-0.5459206179225445, w=-0.30997549674998365)",[0. 0. 0. 0. 0. 0. 0. 0. 0.],"geometry_msgs.msg.Vector3(x=36.625, y=49.875, z=40.25)",[0. 0. 0. 0. 0. 0. 0. 0. 0.],"geometry_msgs.msg.Vector3(x=0.125, y=0.9208984375, z=-0.71533203125)",[0. 0. 0. 0. 0. 0. 0. 0. 0.],False
26992685774,"std_msgs.msg.Header(stamp=builtin_interfaces.msg.Time(sec=1731184274, nanosec=900819304), frame_id='RL_myo')","geometry_msgs.msg.Quaternion(x=-0.35122629641099495, y=-0.692321651865565, z=-0.546216394939775, w=-0.31460843753235085)",[0. 0. 0. 0. 0. 0. 0. 0. 0.],"geometry_msgs.msg.Vector3(x=38.25, y=50.9375, z=43.75)",[0. 0. 0. 0. 0. 0. 0. 0. 0.],"geometry_msgs.msg.Vector3(x=0.08984375, y=0.919921875, z=-0.7587890625)",[0. 0. 0. 0. 0. 0. 0. 0. 0.],False
27006742883,"std_msgs.msg.Header(stamp=builtin_interfaces.msg.Time(sec=1731184274, nanosec=915013408), frame_id='RL_myo')","geometry_msgs.msg.Quaternion(x=-0.3400028021453869, y=-0.6958125915023436, z=-0.5450053891865563, w=-0.3212663346783911)",[0. 0. 0. 0. 0. 0. 0. 0. 0.],"geometry_msgs.msg.Vector3(x=26.75, y=52.375, z=48.625)",[0. 0. 0. 0. 0. 0. 0. 0. 0.],"geometry_msgs.msg.Vector3(x=0.09619140625, y=0.9072265625, z=-0.64990234375)",[0. 0. 0. 0. 0. 0. 0. 0. 0.],False
27029878800,"std_msgs.msg.Header(stamp=builtin_interfaces.msg.Time(sec=1731184274, nanosec=938113285), frame_id='RL_myo')","geometry_msgs.msg.Quaternion(x=-0.33183345784966495, y=-0.6983943825958646, z=-0.5422123302439623, w=-0.32884286755453274)",[0. 0. 0. 0. 0. 0. 0. 0. 0.],"geometry_msgs.msg.Vector3(x=3.9375, y=46.9375, z=50.25)",[0. 0. 0. 0. 0. 0. 0. 0. 0.],"geometry_msgs.msg.Vector3(x=0.0849609375, y=0.87109375, z=-0.67919921875)",[0. 0. 0. 0. 0. 0. 0. 0. 0.],False
27052198623,"std_msgs.msg.Header(stamp=builtin_interfaces.msg.Time(sec=1731184274, nanosec=960592647), frame_id='RL_myo')","geometry_msgs.msg.Quaternion(x=-0.32255802899071645, y=-0.7016934076265406, z=-0.5402618112820856, w=-0.33421528226171493)",[0. 0. 0. 0. 0. 0. 0. 0. 0.],"geometry_msgs.msg.Vector3(x=10.25, y=42.0625, z=45.5)",[0. 0. 0. 0. 0. 0. 0. 0. 0.],"geometry_msgs.msg.Vector3(x=0.1162109375, y=0.76318359375, z=-0.76171875)",[0. 0. 0. 0. 0. 0. 0. 0. 0.],False
27066780751,"std_msgs.msg.Header(stamp=builtin_interfaces.msg.Time(sec=1731184274, nanosec=975019535), frame_id='RL_myo')","geometry_msgs.msg.Quaternion(x=-0.311822139595653, y=-0.7055517584117732, z=-0.5392954444054003, w=-0.3378225763675748)",[0. 0. 0. 0. 0. 0. 0. 0. 0.],"geometry_msgs.msg.Vector3(x=22.5, y=39.4375, z=41.0)",[0. 0. 0. 0. 0. 0. 0. 0. 0.],"geometry_msgs.msg.Vector3(x=0.17138671875, y=0.7587890625, z=-0.79931640625)",[0. 0. 0. 0. 0. 0. 0. 0. 0.],False
27090470516,"std_msgs.msg.Header(stamp=builtin_interfaces.msg.Time(sec=1731184274, nanosec=998658752), frame_id='RL_myo')","geometry_msgs.msg.Quaternion(x=-0.3028507298703475, y=-0.7075061790925168, z=-0.5402730070157832, w=-0.34032560857659366)",[0. 0. 0. 0. 0. 0. 0. 0. 0.],"geometry_msgs.msg.Vector3(x=31.375, y=35.75, z=23.25)",[0. 0. 0. 0. 0. 0. 0. 0. 0.],"geometry_msgs.msg.Vector3(x=0.1767578125, y=0.861328125, z=-0.6796875)",[0. 0. 0. 0. 0. 0. 0. 0. 0.],False
27112100120,"std_msgs.msg.Header(stamp=builtin_interfaces.msg.Time(sec=1731184275, nanosec=20617183), frame_id='RL_myo')","geometry_msgs.msg.Quaternion(x=-0.29801072297968356, y=-0.7069134147601218, z=-0.5417045212303239, w=-0.34353929134807265)",[0. 0. 0. 0. 0. 0. 0. 0. 0.],"geometry_msgs.msg.Vector3(x=14.5625, y=34.0625, z=11.375)",[0. 0. 0. 0. 0. 0. 0. 0. 0.],"geometry_msgs.msg.Vector3(x=0.123046875, y=0.9423828125, z=-0.63671875)",[0. 0. 0. 0. 0. 0. 0. 0. 0.],False
27133478285,"std_msgs.msg.Header(stamp=builtin_interfaces.msg.Time(sec=1731184275, nanosec=41737451), frame_id='RL_myo')","geometry_msgs.msg.Quaternion(x=-0.2965584779322792, y=-0.7055394124093738, z=-0.5413611235355662, w=-0.3481312117978433)",[0. 0. 0. 0. 0. 0. 0. 0. 0.],"geometry_msgs.msg.Vector3(x=-12.3125, y=29.6875, z=13.625)",[0. 0. 0. 0. 0. 0. 0. 0. 0.],"geometry_msgs.msg.Vector3(x=0.0986328125, y=0.94970703125, z=-0.7119140625)",[0. 0. 0. 0. 0. 0. 0. 0. 0.],False
27149920100,"std_msgs.msg.Header(stamp=builtin_interfaces.msg.Time(sec=1731184275, nanosec=58310486), frame_id='RL_myo')","geometry_msgs.msg.Quaternion(x=-0.2950259867108835, y=-0.7052793343878712, z=-0.5394569086755273, w=-0.3528837929586943)",[0. 0. 0. 0. 0. 0. 0. 0. 0.],"geometry_msgs.msg.Vector3(x=-18.0, y=26.3125, z=23.75)",[0. 0. 0. 0. 0. 0. 0. 0. 0.],"geometry_msgs.msg.Vector3(x=0.07861328125, y=0.79150390625, z=-0.66650390625)",[0. 0. 0. 0. 0. 0. 0. 0. 0.],False
27172427651,"std_msgs.msg.Header(stamp=builtin_interfaces.msg.Time(sec=1731184275, nanosec=80654696), frame_id='RL_myo')","geometry_msgs.msg.Quaternion(x=-0.2919749002468333, y=-0.707355579820401, z=-0.5359790079363901, w=-0.3565462724168061)",[0. 0. 0. 0. 0. 0. 0. 0. 0.],"geometry_msgs.msg.Vector3(x=-9.125, y=20.375, z=38.9375)",[0. 0. 0. 0. 0. 0. 0. 0. 0.],"geometry_msgs.msg.Vector3(x=0.05419921875, y=0.6943359375, z=-0.61962890625)",[0. 0. 0. 0. 0. 0. 0. 0. 0.],False
27193414648,"std_msgs.msg.Header(stamp=builtin_interfaces.msg.Time(sec=1731184275, nanosec=101670349), frame_id='RL_myo')","geometry_msgs.msg.Quaternion(x=-0.2864760532729032, y=-0.7107584397989414, z=-0.5332214055060408, w=-0.35836970277343155)",[0. 0. 0. 0. 0. 0. 0. 0. 0.],"geometry_msgs.msg.Vector3(x=12.3125, y=16.4375, z=39.875)",[0. 0. 0. 0. 0. 0. 0. 0. 0.],"geometry_msgs.msg.Vector3(x=0.11328125, y=0.70654296875, z=-0.59765625)",[0. 0. 0. 0. 0. 0. 0. 0. 0.],False
27209837811,"std_msgs.msg.Header(stamp=builtin_interfaces.msg.Time(sec=1731184275, nanosec=118205237), frame_id='RL_myo')","geometry_msgs.msg.Quaternion(x=-0.2790345720484577, y=-0.7143089744652557, z=-0.5321308910084214, w=-0.35880232919354393)",[0. 0. 0. 0. 0. 0. 0. 0. 0.],"geometry_msgs.msg.Vector3(x=28.625, y=16.8125, z=31.625)",[0. 0. 0. 0. 0. 0. 0. 0. 0.],"geometry_msgs.msg.Vector3(x=0.1943359375, y=0.73486328125, z=-0.61962890625)",[0. 0. 0. 0. 0. 0. 0. 0. 0.],False
27232543650,"std_msgs.msg.Header(stamp=builtin_interfaces.msg.Time(sec=1731184275, nanosec=140782411), frame_id='RL_myo')","geometry_msgs.msg.Quaternion(x=-0.27214135845737225, y=-0.7174302912461114, z=-0.5323204594001347, w=-0.35758605499029916)",[0. 0. 0. 0. 0. 0. 0. 0. 0.],"geometry_msgs.msg.Vector3(x=30.25, y=14.9375, z=25.0)",[0. 0. 0. 0. 0. 0. 0. 0. 0.],"geometry_msgs.msg.Vector3(x=0.1806640625, y=0.869140625, z=-0.8037109375)",[0. 0. 0. 0. 0. 0. 0. 0. 0.],False
27253664256,"std_msgs.msg.Header(stamp=builtin_interfaces.msg.Time(sec=1731184275, nanosec=161850670), frame_id='RL_myo')","geometry_msgs.msg.Quaternion(x=-0.2739005504629883, y=-0.7153271729003311, z=-0.5338863670789263, w=-0.35812130795829217)",[0. 0. 0. 0. 0. 0. 0. 0. 0.],"geometry_msgs.msg.Vector3(x=7.4375, y=4.375, z=-8.5625)",[0. 0. 0. 0. 0. 0. 0. 0. 0.],"geometry_msgs.msg.Vector3(x=0.232421875, y=1.28271484375, z=-0.68896484375)",[0. 0. 0. 0. 0. 0. 0. 0. 0.],False
27269966338,"std_msgs.msg.Header(stamp=builtin_interfaces.msg.Time(sec=1731184275, nanosec=178203344), frame_id='RL_myo')","geometry_msgs.msg.Quaternion(x=-0.27604613647715204, y=-0.7126665345221543, z=-0.5367733297184506, w=-0.35746235271869986)",[0. 0. 0. 0. 0. 0. 0. 0. 0.],"geometry_msgs.msg.Vector3(x=-2.5625, y=3.1875, z=-21.3125)",[0. 0. 0. 0. 0. 0. 0. 0. 0.],"geometry_msgs.msg.Vector3(x=0.205078125, y=1.0205078125, z=-0.72998046875)",[0. 0. 0. 0. 0. 0. 0. 0. 0.],False
27292551581,"std_msgs.msg.Header(stamp=builtin_interfaces.msg.Time(sec=1731184275, nanosec=200784574), frame_id='RL_myo')","geometry_msgs.msg.Quaternion(x=-0.28008257297722905, y=-0.7126267426633529, z=-0.5319676849138218, w=-0.36156224936088577)",[0. 0. 0. 0. 0. 0. 0. 0. 0.],"geometry_msgs.msg.Vector3(x=-50.5, y=3.375, z=22.125)",[0. 0. 0. 0. 0. 0. 0. 0. 0.],"geometry_msgs.msg.Vector3(x=0.1455078125, y=0.81298828125, z=-0.81298828125)",[0. 0. 0. 0. 0. 0. 0. 0. 0.],False
27313192121,"std_msgs.msg.Header(stamp=builtin_interfaces.msg.Time(sec=1731184275, nanosec=221625617), frame_id='RL_myo')","geometry_msgs.msg.Quaternion(x=-0.2824048838565813, y=-0.7132447531333497, z=-0.528860669681711, w=-0.36309199352989024)",[0. 0. 0. 0. 0. 0. 0. 0. 0.],"geometry_msgs.msg.Vector3(x=-18.6875, y=-4.625, z=16.125)",[0. 0. 0. 0. 0. 0. 0. 0. 0.],"geometry_msgs.msg.Vector3(x=0.17138671875, y=0.875, z=-0.6220703125)",[0. 0. 0. 0. 0. 0. 0. 0. 0.],False
27329814282,"std_msgs.msg.Header(stamp=builtin_interfaces.msg.Time(sec=1731184275, nanosec=238197422), frame_id='RL_myo')","geometry_msgs.msg.Quaternion(x=-0.28019468063508757, y=-0.7141882275739043, z=-0.5304840261555611, w=-0.36057289766763173)",[0. 0. 0. 0. 0. 0. 0. 0. 0.],"geometry_msgs.msg.Vector3(x=21.0, y=-1.8125, z=-2.0)",[0. 0. 0. 0. 0. 0. 0. 0. 0.],"geometry_msgs.msg.Vector3(x=0.17724609375, y=0.73046875, z=-0.5537109375)",[0. 0. 0. 0. 0. 0. 0. 0. 0.],False
27352417515,"std_msgs.msg.Header(stamp=builtin_interfaces.msg.Time(sec=1731184275, nanosec=260744347), frame_id='RL_myo')","geometry_msgs.msg.Quaternion(x=-0.2752548756210964, y=-0.7163340299700242, z=-0.5332986925004747, w=-0.3559393424883003)",[0. 0. 0. 0. 0. 0. 0. 0. 0.],"geometry_msgs.msg.Vector3(x=40.6875, y=3.25, z=6.1875)",[0. 0. 0. 0. 0. 0. 0. 0. 0.],"geometry_msgs.msg.Vector3(x=0.05810546875, y=0.7392578125, z=-0.61962890625)",[0. 0. 0. 0. 0. 0. 0. 0. 0.],False
27373283521,"std_msgs.msg.Header(stamp=builtin_interfaces.msg.Time(sec=1731184275, nanosec=281664643), frame_id='RL_myo')","geometry_msgs.msg.Quaternion(x=-0.2702450774983089, y=-0.7197991065977992, z=-0.5348753069546475, w=-0.3503787240103413)",[0. 0. 0. 0. 0. 0. 0. 0. 0.],"geometry_msgs.msg.Vector3(x=43.3125, y=-4.5, z=13.875)",[0. 0. 0. 0. 0. 0. 0. 0. 0.],"geometry_msgs.msg.Vector3(x=0.06494140625, y=0.7890625, z=-0.6845703125)",[0. 0. 0. 0. 0. 0. 0. 0. 0.],False
27389745158,"std_msgs.msg.Header(stamp=builtin_interfaces.msg.Time(sec=1731184275, nanosec=298100052), frame_id='RL_myo')","geometry_msgs.msg.Quaternion(x=-0.26805569463973555, y=-0.722261177223732, z=-0.5351958985190896, w=-0.3464827364457602)",[0. 0. 0. 0. 0. 0. 0. 0. 0.],"geometry_msgs.msg.Vector3(x=28.875, y=-9.4375, z=11.6875)",[0. 0. 0. 0. 0. 0. 0. 0. 0.],"geometry_msgs.msg.Vector3(x=0.11181640625, y=0.86181640625, z=-0.63623046875)",[0. 0. 0. 0. 0. 0. 0. 0. 0.],False
27412673322,"std_msgs.msg.Header(stamp=builtin_interfaces.msg.Time(sec=1731184275, nanosec=320892122), frame_id='RL_myo')","geometry_msgs.msg.Quaternion(x=-0.2684877222548213, y=-0.7237999313980281, z=-0.5338016864834433, w=-0.3450851515409774)",[0. 0. 0. 0. 0. 0. 0. 0. 0.],"geometry_msgs.msg.Vector3(x=3.5, y=-8.875, z=12.0625)",[0. 0. 0. 0. 0. 0. 0. 0. 0.],"geometry_msgs.msg.Vector3(x=0.1572265625, y=0.86767578125, z=-0.67626953125)",[0. 0. 0. 0. 0. 0. 0. 0. 0.],False
27433619224,"std_msgs.msg.Header(stamp=builtin_interfaces.msg.Time(sec=1731184275, nanosec=341810962), frame_id='RL_myo')","geometry_msgs.msg.Quaternion(x=-0.2718951753212112, y=-0.7242603918152218, z=-0.5312178689103978, w=-0.34543809030708317)",[0. 0. 0. 0. 0. 0. 0. 0. 0.],"geometry_msgs.msg.Vector3(x=-18.9375, y=-10.9375, z=9.875)",[0. 0. 0. 0. 0. 0. 0. 0. 0.],"geometry_msgs.msg.Vector3(x=0.1767578125, y=0.89501953125, z=-0.71240234375)",[0. 0. 0. 0. 0. 0. 0. 0. 0.],False
27450092252,"std_msgs.msg.Header(stamp=builtin_interfaces.msg.Time(sec=1731184275, nanosec=358388042), frame_id='RL_myo')","geometry_msgs.msg.Quaternion(x=-0.27512220173988744, y=-0.7244843959303913, z=-0.5283347161628673, w=-0.34683218111973835)",[0. 0. 0. 0. 0. 0. 0. 0. 0.],"geometry_msgs.msg.Vector3(x=-24.5, y=-8.25, z=8.5)",[0. 0. 0. 0. 0. 0. 0. 0. 0.],"geometry_msgs.msg.Vector3(x=0.216796875, y=0.80712890625, z=-0.66943359375)",[0. 0. 0. 0. 0. 0. 0. 0. 0.],False
27473179942,"std_msgs.msg.Header(stamp=builtin_interfaces.msg.Time(sec=1731184275, nanosec=381364868), frame_id='RL_myo')","geometry_msgs.msg.Quaternion(x=-0.27708343037428623, y=-0.724811193639873, z=-0.5247496331185271, w=-0.3500161835234651)",[0. 0. 0. 0. 0. 0. 0. 0. 0.],"geometry_msgs.msg.Vector3(x=-27.8125, y=0.0625, z=14.9375)",[0. 0. 0. 0. 0. 0. 0. 0. 0.],"geometry_msgs.msg.Vector3(x=0.26416015625, y=0.7890625, z=-0.6787109375)",[0. 0. 0. 0. 0. 0. 0. 0. 0.],False
27493580214,"std_msgs.msg.Header(stamp=builtin_interfaces.msg.Time(sec=1731184275, nanosec=401885574), frame_id='RL_myo')","geometry_msgs.msg.Quaternion(x=-0.2770855111026197, y=-0.7261593416517553, z=-0.5210306185645516, w=-0.35276525422315896)",[0. 0. 0. 0. 0. 0. 0. 0. 0.],"geometry_msgs.msg.Vector3(x=-17.5, y=3.3125, z=23.125)",[0. 0. 0. 0. 0. 0. 0. 0. 0.],"geometry_msgs.msg.Vector3(x=0.23974609375, y=0.77392578125, z=-0.669921875)",[0. 0. 0. 0. 0. 0. 0. 0. 0.],False
27510299388,"std_msgs.msg.Header(stamp=builtin_interfaces.msg.Time(sec=1731184275, nanosec=418393071), frame_id='RL_myo')","geometry_msgs.msg.Quaternion(x=-0.2783056633340967, y=-0.7268904496291868, z=-0.518527393790896, w=-0.3539852735389826)",[0. 0. 0. 0. 0. 0. 0. 0. 0.],"geometry_msgs.msg.Vector3(x=-12.25, y=-1.0, z=16.3125)",[0. 0. 0. 0. 0. 0. 0. 0. 0.],"geometry_msgs.msg.Vector3(x=0.1640625, y=0.84423828125, z=-0.642578125)",[0. 0. 0. 0. 0. 0. 0. 0. 0.],False
27532702438,"std_msgs.msg.Header(stamp=builtin_interfaces.msg.Time(sec=1731184275, nanosec=440939661), frame_id='RL_myo')","geometry_msgs.msg.Quaternion(x=-0.27909413432176394, y=-0.7275489121473317, z=-0.5177248067901867, w=-0.3531856014257704)",[0. 0. 0. 0. 0. 0. 0. 0. 0.],"geometry_msgs.msg.Vector3(x=-3.0625, y=-1.8125, z=10.1875)",[0. 0. 0. 0. 0. 0. 0. 0. 0.],"geometry_msgs.msg.Vector3(x=0.109375, y=0.8583984375, z=-0.6923828125)",[0. 0. 0. 0. 0. 0. 0. 0. 0.],False
27553600717,"std_msgs.msg.Header(stamp=builtin_interfaces.msg.Time(sec=1731184275, nanosec=461816547), frame_id='RL_myo')","geometry_msgs.msg.Quaternion(x=-0.2784235658911729, y=-0.7288325786655825, z=-0.5164445889020397, w=-0.3529424554030366)",[0. 0. 0. 0. 0. 0. 0. 0. 0.],"geometry_msgs.msg.Vector3(x=4.875, y=-0.125, z=15.375)",[0. 0. 0. 0. 0. 0. 0. 0. 0.],"geometry_msgs.msg.Vector3(x=0.150390625, y=0.84521484375, z=-0.61474609375)",[0. 0. 0. 0. 0. 0. 0. 0. 0.],False
27570104671,"std_msgs.msg.Header(stamp=builtin_interfaces.msg.Time(sec=1731184275, nanosec=478318036), frame_id='RL_myo')","geometry_msgs.msg.Quaternion(x=-0.2781201143389453, y=-0.7299966398086734, z=-0.5150440300430896, w=-0.35282255453005107)",[0. 0. 0. 0. 0. 0. 0. 0. 0.],"geometry_msgs.msg.Vector3(x=0.875, y=0.5625, z=15.6875)",[0. 0. 0. 0. 0. 0. 0. 0. 0.],"geometry_msgs.msg.Vector3(x=0.13232421875, y=0.82470703125, z=-0.64111328125)",[0. 0. 0. 0. 0. 0. 0. 0. 0.],False
27593896308,"std_msgs.msg.Header(stamp=builtin_interfaces.msg.Time(sec=1731184275, nanosec=502101126), frame_id='RL_myo')","geometry_msgs.msg.Quaternion(x=-0.27928012246900313, y=-0.7307911246599309, z=-0.5143734423445714, w=-0.35123625542157194)",[0. 0. 0. 0. 0. 0. 0. 0. 0.],"geometry_msgs.msg.Vector3(x=-1.9375, y=-3.875, z=11.0625)",[0. 0. 0. 0. 0. 0. 0. 0. 0.],"geometry_msgs.msg.Vector3(x=0.06591796875, y=0.9033203125, z=-0.73193359375)",[0. 0. 0. 0. 0. 0. 0. 0. 0.],False
27620981552,"std_msgs.msg.Header(stamp=builtin_interfaces.msg.Time(sec=1731184275, nanosec=529239797), frame_id='RL_myo')","geometry_msgs.msg.Quaternion(x=-0.2786702491867002, y=-0.7323180727094208, z=-0.51406909962759, w=-0.348978643199639)",[0. 0. 0. 0. 0. 0. 0. 0. 0.],"geometry_msgs.msg.Vector3(x=3.25, y=-4.4375, z=9.1875)",[0. 0. 0. 0. 0. 0. 0. 0. 0.],"geometry_msgs.msg.Vector3(x=0.14404296875, y=0.85498046875, z=-0.810546875)",[0. 0. 0. 0. 0. 0. 0. 0. 0.],False
27630151379,"std_msgs.msg.Header(stamp=builtin_interfaces.msg.Time(sec=1731184275, nanosec=538337134), frame_id='RL_myo')","geometry_msgs.msg.Quaternion(x=-0.27549053210034136, y=-0.7343769545333203, z=-0.5132643719459173, w=-0.34836064626246094)",[0. 0. 0. 0. 0. 0. 0. 0. 0.],"geometry_msgs.msg.Vector3(x=8.875, y=0.3125, z=10.5625)",[0. 0. 0. 0. 0. 0. 0. 0. 0.],"geometry_msgs.msg.Vector3(x=0.322265625, y=0.81103515625, z=-0.7900390625)",[0. 0. 0. 0. 0. 0. 0. 0. 0.],False
27652325257,"std_msgs.msg.Header(stamp=builtin_interfaces.msg.Time(sec=1731184275, nanosec=560733781), frame_id='RL_myo')","geometry_msgs.msg.Quaternion(x=-0.27398018426563664, y=-0.7349065267860394, z=-0.5140866767808995, w=-0.3472205988610397)",[0. 0. 0. 0. 0. 0. 0. 0. 0.],"geometry_msgs.msg.Vector3(x=8.8125, y=0.9375, z=-0.625)",[0. 0. 0. 0. 0. 0. 0. 0. 0.],"geometry_msgs.msg.Vector3(x=0.28076171875, y=0.9443359375, z=-0.81640625)",[0. 0. 0. 0. 0. 0. 0. 0. 0.],False
27673535723,"std_msgs.msg.Header(stamp=builtin_interfaces.msg.Time(sec=1731184275, nanosec=581687600), frame_id='RL_myo')","geometry_msgs.msg.Quaternion(x=-0.2741531659158324, y=-0.7346963070558304, z=-0.5174854616652589, w=-0.3424473316905021)",[0. 0. 0. 0. 0. 0. 0. 0. 0.],"geometry_msgs.msg.Vector3(x=14.875, y=-6.25, z=-14.0)",[0. 0. 0. 0. 0. 0. 0. 0. 0.],"geometry_msgs.msg.Vector3(x=0.1142578125, y=0.95947265625, z=-0.8720703125)",[0. 0. 0. 0. 0. 0. 0. 0. 0.],False
27689486148,"std_msgs.msg.Header(stamp=builtin_interfaces.msg.Time(sec=1731184275, nanosec=597704525), frame_id='RL_myo')","geometry_msgs.msg.Quaternion(x=-0.27695629165482893, y=-0.7350510305620889, z=-0.5194913958937646, w=-0.3363389429946589)",[0. 0. 0. 0. 0. 0. 0. 0. 0.],"geometry_msgs.msg.Vector3(x=3.75, y=-22.75, z=-13.875)",[0. 0. 0. 0. 0. 0. 0. 0. 0.],"geometry_msgs.msg.Vector3(x=0.10693359375, y=0.97314453125, z=-0.923828125)",[0. 0. 0. 0. 0. 0. 0. 0. 0.],False
27712572892,"std_msgs.msg.Header(stamp=builtin_interfaces.msg.Time(sec=1731184275, nanosec=620838858), frame_id='RL_myo')","geometry_msgs.msg.Quaternion(x=-0.2825209995797497, y=-0.7342860544272993, z=-0.5221359151878934, w=-0.32921111940660397)",[0. 0. 0. 0. 0. 0. 0. 0. 0.],"geometry_msgs.msg.Vector3(x=-1.625, y=-36.1875, z=-30.75)",[0. 0. 0. 0. 0. 0. 0. 0. 0.],"geometry_msgs.msg.Vector3(x=0.154296875, y=0.98095703125, z=-0.86962890625)",[0. 0. 0. 0. 0. 0. 0. 0. 0.],False
27733241973,"std_msgs.msg.Header(stamp=builtin_interfaces.msg.Time(sec=1731184275, nanosec=641652100), frame_id='RL_myo')","geometry_msgs.msg.Quaternion(x=-0.2916740144534931, y=-0.7319620119984815, z=-0.5265268304436671, w=-0.31926067579121625)",[0. 0. 0. 0. 0. 0. 0. 0. 0.],"geometry_msgs.msg.Vector3(x=-7.125, y=-48.5625, z=-48.625)",[0. 0. 0. 0. 0. 0. 0. 0. 0.],"geometry_msgs.msg.Vector3(x=0.0234375, y=1.021484375, z=-0.8916015625)",[0. 0. 0. 0. 0. 0. 0. 0. 0.],False
27749941447,"std_msgs.msg.Header(stamp=builtin_interfaces.msg.Time(sec=1731184275, nanosec=658143396), frame_id='RL_myo')","geometry_msgs.msg.Quaternion(x=-0.3031484631535961, y=-0.7296436233141215, z=-0.5308607474350672, w=-0.30644421854121323)",[0. 0. 0. 0. 0. 0. 0. 0. 0.],"geometry_msgs.msg.Vector3(x=-11.375, y=-67.3125, z=-57.3125)",[0. 0. 0. 0. 0. 0. 0. 0. 0.],"geometry_msgs.msg.Vector3(x=-0.03515625, y=0.95068359375, z=-0.8876953125)",[0. 0. 0. 0. 0. 0. 0. 0. 0.],False
27772364358,"std_msgs.msg.Header(stamp=builtin_interfaces.msg.Time(sec=1731184275, nanosec=680735594), frame_id='RL_myo')","geometry_msgs.msg.Quaternion(x=-0.31418732146672695, y=-0.7284043670756384, z=-0.5336546112869193, w=-0.2931316443288053)",[0. 0. 0. 0. 0. 0. 0. 0. 0.],"geometry_msgs.msg.Vector3(x=-11.25, y=-79.75, z=-56.0625)",[0. 0. 0. 0. 0. 0. 0. 0. 0.],"geometry_msgs.msg.Vector3(x=0.06005859375, y=0.8271484375, z=-0.826171875)",[0. 0. 0. 0. 0. 0. 0. 0. 0.],False
27795077178,"std_msgs.msg.Header(stamp=builtin_interfaces.msg.Time(sec=1731184275, nanosec=703291099), frame_id='RL_myo')","geometry_msgs.msg.Quaternion(x=-0.32560435544410254, y=-0.7266439467511686, z=-0.5364079999996658, w=-0.27970848378637714)",[0. 0. 0. 0. 0. 0. 0. 0. 0.],"geometry_msgs.msg.Vector3(x=-8.1875, y=-82.1875, z=-59.625)",[0. 0. 0. 0. 0. 0. 0. 0. 0.],"geometry_msgs.msg.Vector3(x=0.0498046875, y=0.849609375, z=-0.75146484375)",[0. 0. 0. 0. 0. 0. 0. 0. 0.],False
27809373250,"std_msgs.msg.Header(stamp=builtin_interfaces.msg.Time(sec=1731184275, nanosec=717717928), frame_id='RL_myo')","geometry_msgs.msg.Quaternion(x=-0.337981752945702, y=-0.7237496583934778, z=-0.5407219810579487, w=-0.2637697970804124)",[0. 0. 0. 0. 0. 0. 0. 0. 0.],"geometry_msgs.msg.Vector3(x=-3.75, y=-85.25, z=-68.3125)",[0. 0. 0. 0. 0. 0. 0. 0. 0.],"geometry_msgs.msg.Vector3(x=-0.13037109375, y=0.81689453125, z=-0.71435546875)",[0. 0. 0. 0. 0. 0. 0. 0. 0.],False
27833285904,"std_msgs.msg.Header(stamp=builtin_interfaces.msg.Time(sec=1731184275, nanosec=741439260), frame_id='RL_myo')","geometry_msgs.msg.Quaternion(x=-0.35245388551103524, y=-0.7202265459594333, z=-0.5447624904019914, w=-0.24552761582872637)",[0. 0. 0. 0. 0. 0. 0. 0. 0.],"geometry_msgs.msg.Vector3(x=-5.125, y=-95.25, z=-70.375)",[0. 0. 0. 0. 0. 0. 0. 0. 0.],"geometry_msgs.msg.Vector3(x=-0.29931640625, y=0.791015625, z=-0.66064453125)",[0. 0. 0. 0. 0. 0. 0. 0. 0.],False
27855011233,"std_msgs.msg.Header(stamp=builtin_interfaces.msg.Time(sec=1731184275, nanosec=763317785), frame_id='RL_myo')","geometry_msgs.msg.Quaternion(x=-0.36533522553215964, y=-0.719074444908103, z=-0.5452564157875567, w=-0.22838028966611115)",[0. 0. 0. 0. 0. 0. 0. 0. 0.],"geometry_msgs.msg.Vector3(x=-3.3125, y=-106.0625, z=-55.0625)",[0. 0. 0. 0. 0. 0. 0. 0. 0.],"geometry_msgs.msg.Vector3(x=-0.30615234375, y=0.6162109375, z=-0.646484375)",[0. 0. 0. 0. 0. 0. 0. 0. 0.],False
27869431629,"std_msgs.msg.Header(stamp=builtin_interfaces.msg.Time(sec=1731184275, nanosec=777651109), frame_id='RL_myo')","geometry_msgs.msg.Quaternion(x=-0.37638490327301793, y=-0.7207279589348256, z=-0.5418429011282395, w=-0.21281890022912495)",[0. 0. 0. 0. 0. 0. 0. 0. 0.],"geometry_msgs.msg.Vector3(x=2.4375, y=-106.5625, z=-26.375)",[0. 0. 0. 0. 0. 0. 0. 0. 0.],"geometry_msgs.msg.Vector3(x=-0.1982421875, y=0.6240234375, z=-0.4794921875)",[0. 0. 0. 0. 0. 0. 0. 0. 0.],False
27892391321,"std_msgs.msg.Header(stamp=builtin_interfaces.msg.Time(sec=1731184275, nanosec=800692539), frame_id='RL_myo')","geometry_msgs.msg.Quaternion(x=-0.387257473197828, y=-0.7216599469016736, z=-0.5388646541944245, w=-0.19713816208494633)",[0. 0. 0. 0. 0. 0. 0. 0. 0.],"geometry_msgs.msg.Vector3(x=4.375, y=-104.0, z=-29.625)",[0. 0. 0. 0. 0. 0. 0. 0. 0.],"geometry_msgs.msg.Vector3(x=-0.279296875, y=0.73193359375, z=-0.40869140625)",[0. 0. 0. 0. 0. 0. 0. 0. 0.],False
27914995163,"std_msgs.msg.Header(stamp=builtin_interfaces.msg.Time(sec=1731184275, nanosec=823195644), frame_id='RL_myo')","geometry_msgs.msg.Quaternion(x=-0.3984050387173179, y=-0.7219870723078846, z=-0.5357839820617852, w=-0.18150376610681732)",[0. 0. 0. 0. 0. 0. 0. 0. 0.],"geometry_msgs.msg.Vector3(x=0.5625, y=-103.75, z=-30.75)",[0. 0. 0. 0. 0. 0. 0. 0. 0.],"geometry_msgs.msg.Vector3(x=-0.36181640625, y=0.71240234375, z=-0.4794921875)",[0. 0. 0. 0. 0. 0. 0. 0. 0.],False
27920365533,"std_msgs.msg.Header(stamp=builtin_interfaces.msg.Time(sec=1731184275, nanosec=828661693), frame_id='RL_myo')","geometry_msgs.msg.Quaternion(x=-0.4061757759240599, y=-0.7251961787422508, z=-0.5305003522662552, w=-0.16637643353403264)",[0. 0. 0. 0. 0. 0. 0. 0. 0.],"geometry_msgs.msg.Vector3(x=15.0, y=-101.6875, z=-10.3125)",[0. 0. 0. 0. 0. 0. 0. 0. 0.],"geometry_msgs.msg.Vector3(x=-0.1845703125, y=0.46826171875, z=-0.4580078125)",[0. 0. 0. 0. 0. 0. 0. 0. 0.],False
27942967835,"std_msgs.msg.Header(stamp=builtin_interfaces.msg.Time(sec=1731184275, nanosec=851181295), frame_id='RL_myo')","geometry_msgs.msg.Quaternion(x=-0.40945300721328654, y=-0.7311442877351576, z=-0.5241901742368338, w=-0.15166056385825266)",[0. 0. 0. 0. 0. 0. 0. 0. 0.],"geometry_msgs.msg.Vector3(x=36.75, y=-91.5, z=7.5625)",[0. 0. 0. 0. 0. 0. 0. 0. 0.],"geometry_msgs.msg.Vector3(x=-0.130859375, y=0.43896484375, z=-0.39892578125)",[0. 0. 0. 0. 0. 0. 0. 0. 0.],False
27957913939,"std_msgs.msg.Header(stamp=builtin_interfaces.msg.Time(sec=1731184275, nanosec=866142309), frame_id='RL_myo')","geometry_msgs.msg.Quaternion(x=-0.41336523443953366, y=-0.7360989358593261, z=-0.5177288179168115, w=-0.1387242252888026)",[0. 0. 0. 0. 0. 0. 0. 0. 0.],"geometry_msgs.msg.Vector3(x=37.8125, y=-83.0625, z=7.6875)",[0. 0. 0. 0. 0. 0. 0. 0. 0.],"geometry_msgs.msg.Vector3(x=-0.193359375, y=0.68359375, z=-0.38720703125)",[0. 0. 0. 0. 0. 0. 0. 0. 0.],False
27980569091,"std_msgs.msg.Header(stamp=builtin_interfaces.msg.Time(sec=1731184275, nanosec=888754365), frame_id='RL_myo')","geometry_msgs.msg.Quaternion(x=-0.41563801123147376, y=-0.7418009381068036, z=-0.5102399080609575, w=-0.12896374709722527)",[0. 0. 0. 0. 0. 0. 0. 0. 0.],"geometry_msgs.msg.Vector3(x=29.4375, y=-74.125, z=18.0)",[0. 0. 0. 0. 0. 0. 0. 0. 0.],"geometry_msgs.msg.Vector3(x=-0.1025390625, y=0.67626953125, z=-0.51318359375)",[0. 0. 0. 0. 0. 0. 0. 0. 0.],False
28002830641,"std_msgs.msg.Header(stamp=builtin_interfaces.msg.Time(sec=1731184275, nanosec=911099864), frame_id='RL_myo')","geometry_msgs.msg.Quaternion(x=-0.41616105627927424, y=-0.7484063694314035, z=-0.5016025401905492, w=-0.12285264793814035)",[0. 0. 0. 0. 0. 0. 0. 0. 0.],"geometry_msgs.msg.Vector3(x=22.75, y=-61.8125, z=31.1875)",[0. 0. 0. 0. 0. 0. 0. 0. 0.],"geometry_msgs.msg.Vector3(x=0.03662109375, y=0.478515625, z=-0.447265625)",[0. 0. 0. 0. 0. 0. 0. 0. 0.],False
28017809280,"std_msgs.msg.Header(stamp=builtin_interfaces.msg.Time(sec=1731184275, nanosec=926106602), frame_id='RL_myo')","geometry_msgs.msg.Quaternion(x=-0.4180688938587553, y=-0.753134328498838, z=-0.49405367821702545, w=-0.1179747696100692)",[0. 0. 0. 0. 0. 0. 0. 0. 0.],"geometry_msgs.msg.Vector3(x=9.1875, y=-52.0625, z=29.0)",[0. 0. 0. 0. 0. 0. 0. 0. 0.],"geometry_msgs.msg.Vector3(x=-0.11376953125, y=0.59912109375, z=-0.55224609375)",[0. 0. 0. 0. 0. 0. 0. 0. 0.],False
28040440671,"std_msgs.msg.Header(stamp=builtin_interfaces.msg.Time(sec=1731184275, nanosec=948661916), frame_id='RL_myo')","geometry_msgs.msg.Quaternion(x=-0.4210064789644951, y=-0.7571158845396581, z=-0.4863729531557062, w=-0.11388780657404289)",[0. 0. 0. 0. 0. 0. 0. 0. 0.],"geometry_msgs.msg.Vector3(x=4.3125, y=-51.5625, z=26.5625)",[0. 0. 0. 0. 0. 0. 0. 0. 0.],"geometry_msgs.msg.Vector3(x=-0.111328125, y=0.70849609375, z=-0.56494140625)",[0. 0. 0. 0. 0. 0. 0. 0. 0.],False
28071539981,"std_msgs.msg.Header(stamp=builtin_interfaces.msg.Time(sec=1731184275, nanosec=979958549), frame_id='RL_myo')","geometry_msgs.msg.Quaternion(x=-0.4228225006540912, y=-0.7615443364840864, z=-0.4780555207308742, w=-0.11284624764858757)",[0. 0. 0. 0. 0. 0. 0. 0. 0.],"geometry_msgs.msg.Vector3(x=0.75, y=-44.0625, z=30.4375)",[0. 0. 0. 0. 0. 0. 0. 0. 0.],"geometry_msgs.msg.Vector3(x=0.04541015625, y=0.7197265625, z=-0.5849609375)",[0. 0. 0. 0. 0. 0. 0. 0. 0.],False
28077878264,"std_msgs.msg.Header(stamp=builtin_interfaces.msg.Time(sec=1731184275, nanosec=986144050), frame_id='RL_myo')","geometry_msgs.msg.Quaternion(x=-0.42489053684078687, y=-0.7650104681555966, z=-0.4709071218419293, w=-0.11168481505582303)",[0. 0. 0. 0. 0. 0. 0. 0. 0.],"geometry_msgs.msg.Vector3(x=-4.6875, y=-38.5625, z=27.5)",[0. 0. 0. 0. 0. 0. 0. 0. 0.],"geometry_msgs.msg.Vector3(x=-0.0546875, y=0.7529296875, z=-0.66357421875)",[0. 0. 0. 0. 0. 0. 0. 0. 0.],False
28101933956,"std_msgs.msg.Header(stamp=builtin_interfaces.msg.Time(sec=1731184276, nanosec=10151122), frame_id='RL_myo')","geometry_msgs.msg.Quaternion(x=-0.4286241164171717, y=-0.7672878245189637, z=-0.4637782515526253, w=-0.11162658535198733)",[0. 0. 0. 0. 0. 0. 0. 0. 0.],"geometry_msgs.msg.Vector3(x=-15.9375, y=-38.5, z=23.6875)",[0. 0. 0. 0. 0. 0. 0. 0. 0.],"geometry_msgs.msg.Vector3(x=-0.0361328125, y=0.81201171875, z=-0.6611328125)",[0. 0. 0. 0. 0. 0. 0. 0. 0.],False
28134509372,"std_msgs.msg.Header(stamp=builtin_interfaces.msg.Time(sec=1731184276, nanosec=42720631), frame_id='RL_myo')","geometry_msgs.msg.Quaternion(x=-0.43173712979917744, y=-0.7698518738036223, z=-0.45590562052584893, w=-0.11437311015601619)",[0. 0. 0. 0. 0. 0. 0. 0. 0.],"geometry_msgs.msg.Vector3(x=-16.4375, y=-27.5625, z=31.625)",[0. 0. 0. 0. 0. 0. 0. 0. 0.],"geometry_msgs.msg.Vector3(x=0.04248046875, y=0.7978515625, z=-0.5654296875)",[0. 0. 0. 0. 0. 0. 0. 0. 0.],False
28139286938,"std_msgs.msg.Header(stamp=builtin_interfaces.msg.Time(sec=1731184276, nanosec=47482527), frame_id='RL_myo')","geometry_msgs.msg.Quaternion(x=-0.4315585474218487, y=-0.773827014957095, z=-0.4489527188283296, w=-0.1157170139883786)",[0. 0. 0. 0. 0. 0. 0. 0. 0.],"geometry_msgs.msg.Vector3(x=2.375, y=-20.0, z=36.125)",[0. 0. 0. 0. 0. 0. 0. 0. 0.],"geometry_msgs.msg.Vector3(x=-0.0478515625, y=0.74658203125, z=-0.58984375)",[0. 0. 0. 0. 0. 0. 0. 0. 0.],False
28160593118,"std_msgs.msg.Header(stamp=builtin_interfaces.msg.Time(sec=1731184276, nanosec=68800939), frame_id='RL_myo')","geometry_msgs.msg.Quaternion(x=-0.42766502434055, y=-0.7786713829794115, z=-0.4443883319856635, w=-0.1152931684000712)",[0. 0. 0. 0. 0. 0. 0. 0. 0.],"geometry_msgs.msg.Vector3(x=19.6875, y=-15.375, z=25.0625)",[0. 0. 0. 0. 0. 0. 0. 0. 0.],"geometry_msgs.msg.Vector3(x=-0.0078125, y=0.6708984375, z=-0.6650390625)",[0. 0. 0. 0. 0. 0. 0. 0. 0.],False
28176920020,"std_msgs.msg.Header(stamp=builtin_interfaces.msg.Time(sec=1731184276, nanosec=85103572), frame_id='RL_myo')","geometry_msgs.msg.Quaternion(x=-0.42465932713633564, y=-0.7827939824447601, z=-0.4397341839633944, w=-0.11632662798531988)",[0. 0. 0. 0. 0. 0. 0. 0. 0.],"geometry_msgs.msg.Vector3(x=23.3125, y=-8.8125, z=25.6875)",[0. 0. 0. 0. 0. 0. 0. 0. 0.],"geometry_msgs.msg.Vector3(x=-0.05615234375, y=0.97509765625, z=-0.68408203125)",[0. 0. 0. 0. 0. 0. 0. 0. 0.],False
28197904785,"std_msgs.msg.Header(stamp=builtin_interfaces.msg.Time(sec=1731184276, nanosec=106162020), frame_id='RL_myo')","geometry_msgs.msg.Quaternion(x=-0.42379072858482175, y=-0.7859413886398812, z=-0.4346540277910571, w=-0.11736024928983471)",[0. 0. 0. 0. 0. 0. 0. 0. 0.],"geometry_msgs.msg.Vector3(x=9.0625, y=-13.25, z=25.5)",[0. 0. 0. 0. 0. 0. 0. 0. 0.],"geometry_msgs.msg.Vector3(x=-0.0771484375, y=0.9580078125, z=-0.6962890625)",[0. 0. 0. 0. 0. 0. 0. 0. 0.],False
28228352141,"std_msgs.msg.Header(stamp=builtin_interfaces.msg.Time(sec=1731184276, nanosec=136632906), frame_id='RL_myo')","geometry_msgs.msg.Quaternion(x=-0.4245314244998727, y=-0.788337034253142, z=-0.42910874721946596, w=-0.11901039070942378)",[0. 0. 0. 0. 0. 0. 0. 0. 0.],"geometry_msgs.msg.Vector3(x=-9.5, y=-17.625, z=25.4375)",[0. 0. 0. 0. 0. 0. 0. 0. 0.],"geometry_msgs.msg.Vector3(x=-0.03857421875, y=0.88916015625, z=-0.77685546875)",[0. 0. 0. 0. 0. 0. 0. 0. 0.],False
28238093393,"std_msgs.msg.Header(stamp=builtin_interfaces.msg.Time(sec=1731184276, nanosec=146507708), frame_id='RL_myo')","geometry_msgs.msg.Quaternion(x=-0.4272807266559955, y=-0.7896850910158442, z=-0.4229474983182472, w=-0.12224586423253234)",[0. 0. 0. 0. 0. 0. 0. 0. 0.],"geometry_msgs.msg.Vector3(x=-18.875, y=-16.4375, z=25.6875)",[0. 0. 0. 0. 0. 0. 0. 0. 0.],"geometry_msgs.msg.Vector3(x=-0.013671875, y=1.00390625, z=-0.73876953125)",[0. 0. 0. 0. 0. 0. 0. 0. 0.],False
28257836197,"std_msgs.msg.Header(stamp=builtin_interfaces.msg.Time(sec=1731184276, nanosec=166136232), frame_id='RL_myo')","geometry_msgs.msg.Quaternion(x=-0.42850943720893714, y=-0.7911647677737433, z=-0.4185611337955976, w=-0.1234688208907107)",[0. 0. 0. 0. 0. 0. 0. 0. 0.],"geometry_msgs.msg.Vector3(x=-10.625, y=-13.8125, z=20.3125)",[0. 0. 0. 0. 0. 0. 0. 0. 0.],"geometry_msgs.msg.Vector3(x=-0.07763671875, y=0.830078125, z=-0.68896484375)",[0. 0. 0. 0. 0. 0. 0. 0. 0.],False
28280359216,"std_msgs.msg.Header(stamp=builtin_interfaces.msg.Time(sec=1731184276, nanosec=188552471), frame_id='RL_myo')","geometry_msgs.msg.Quaternion(x=-0.42979485475686974, y=-0.7926364354909781, z=-0.4142924558491383, w=-0.12395815819528579)",[0. 0. 0. 0. 0. 0. 0. 0. 0.],"geometry_msgs.msg.Vector3(x=-7.5625, y=-14.9375, z=20.3125)",[0. 0. 0. 0. 0. 0. 0. 0. 0.],"geometry_msgs.msg.Vector3(x=-0.1142578125, y=0.8291015625, z=-0.65380859375)",[0. 0. 0. 0. 0. 0. 0. 0. 0.],False
28302910696,"std_msgs.msg.Header(stamp=builtin_interfaces.msg.Time(sec=1731184276, nanosec=211184681), frame_id='RL_myo')","geometry_msgs.msg.Quaternion(x=-0.43224091037144086, y=-0.7932554521459498, z=-0.40923119232427435, w=-0.1282318769684266)",[0. 0. 0. 0. 0. 0. 0. 0. 0.],"geometry_msgs.msg.Vector3(x=-17.25, y=-8.875, z=19.0)",[0. 0. 0. 0. 0. 0. 0. 0. 0.],"geometry_msgs.msg.Vector3(x=0.056640625, y=1.01220703125, z=-0.6533203125)",[0. 0. 0. 0. 0. 0. 0. 0. 0.],False
28317847796,"std_msgs.msg.Header(stamp=builtin_interfaces.msg.Time(sec=1731184276, nanosec=226071617), frame_id='RL_myo')","geometry_msgs.msg.Quaternion(x=-0.4337531498872695, y=-0.7931695421323982, z=-0.4062888305613554, w=-0.13292730553742407)",[0. 0. 0. 0. 0. 0. 0. 0. 0.],"geometry_msgs.msg.Vector3(x=-22.4375, y=4.8125, z=16.625)",[0. 0. 0. 0. 0. 0. 0. 0. 0.],"geometry_msgs.msg.Vector3(x=-0.0126953125, y=0.79736328125, z=-0.630859375)",[0. 0. 0. 0. 0. 0. 0. 0. 0.],False
28340645092,"std_msgs.msg.Header(stamp=builtin_interfaces.msg.Time(sec=1731184276, nanosec=248843447), frame_id='RL_myo')","geometry_msgs.msg.Quaternion(x=-0.4345383322214224, y=-0.7933376096272852, z=-0.4039009385732266, w=-0.13658662745948644)",[0. 0. 0. 0. 0. 0. 0. 0. 0.],"geometry_msgs.msg.Vector3(x=-13.25, y=10.25, z=21.6875)",[0. 0. 0. 0. 0. 0. 0. 0. 0.],"geometry_msgs.msg.Vector3(x=-0.173828125, y=0.822265625, z=-0.59033203125)",[0. 0. 0. 0. 0. 0. 0. 0. 0.],False
28356848596,"std_msgs.msg.Header(stamp=builtin_interfaces.msg.Time(sec=1731184276, nanosec=265065472), frame_id='RL_myo')","geometry_msgs.msg.Quaternion(x=-0.43314365693977513, y=-0.7945747878961438, z=-0.40244459262517646, w=-0.13811527344719052)",[0. 0. 0. 0. 0. 0. 0. 0. 0.],"geometry_msgs.msg.Vector3(x=4.625, y=5.4375, z=13.875)",[0. 0. 0. 0. 0. 0. 0. 0. 0.],"geometry_msgs.msg.Vector3(x=-0.12939453125, y=0.85302734375, z=-0.630859375)",[0. 0. 0. 0. 0. 0. 0. 0. 0.],False
28377871801,"std_msgs.msg.Header(stamp=builtin_interfaces.msg.Time(sec=1731184276, nanosec=286089159), frame_id='RL_myo')","geometry_msgs.msg.Quaternion(x=-0.43142706513913986, y=-0.7958422590768686, z=-0.4012778261833137, w=-0.1395775495788956)",[0. 0. 0. 0. 0. 0. 0. 0. 0.],"geometry_msgs.msg.Vector3(x=9.125, y=3.8125, z=9.125)",[0. 0. 0. 0. 0. 0. 0. 0. 0.],"geometry_msgs.msg.Vector3(x=-0.07666015625, y=0.95166015625, z=-0.65771484375)",[0. 0. 0. 0. 0. 0. 0. 0. 0.],False
28400370170,"std_msgs.msg.Header(stamp=builtin_interfaces.msg.Time(sec=1731184276, nanosec=308644445), frame_id='RL_myo')","geometry_msgs.msg.Quaternion(x=-0.43136948721001284, y=-0.7958486294876298, z=-0.40079278756482095, w=-0.1411044502588497)",[0. 0. 0. 0. 0. 0. 0. 0. 0.],"geometry_msgs.msg.Vector3(x=-0.75, y=5.125, z=4.4375)",[0. 0. 0. 0. 0. 0. 0. 0. 0.],"geometry_msgs.msg.Vector3(x=-0.1123046875, y=0.9560546875, z=-0.65234375)",[0. 0. 0. 0. 0. 0. 0. 0. 0.],False
28416944104,"std_msgs.msg.Header(stamp=builtin_interfaces.msg.Time(sec=1731184276, nanosec=325131238), frame_id='RL_myo')","geometry_msgs.msg.Quaternion(x=-0.4326693811132006, y=-0.7951497668419774, z=-0.39971107023703634, w=-0.14410105921967367)",[0. 0. 0. 0. 0. 0. 0. 0. 0.],"geometry_msgs.msg.Vector3(x=-11.5, y=7.1875, z=6.9375)",[0. 0. 0. 0. 0. 0. 0. 0. 0.],"geometry_msgs.msg.Vector3(x=-0.0927734375, y=0.92578125, z=-0.6025390625)",[0. 0. 0. 0. 0. 0. 0. 0. 0.],False
28437873068,"std_msgs.msg.Header(stamp=builtin_interfaces.msg.Time(sec=1731184276, nanosec=346111670), frame_id='RL_myo')","geometry_msgs.msg.Quaternion(x=-0.43443314125691024, y=-0.7939177158569666, z=-0.39872881593585197, w=-0.14824924137581272)",[0. 0. 0. 0. 0. 0. 0. 0. 0.],"geometry_msgs.msg.Vector3(x=-18.4375, y=11.125, z=6.5)",[0. 0. 0. 0. 0. 0. 0. 0. 0.],"geometry_msgs.msg.Vector3(x=-0.0556640625, y=0.90966796875, z=-0.59765625)",[0. 0. 0. 0. 0. 0. 0. 0. 0.],False
28460301587,"std_msgs.msg.Header(stamp=builtin_interfaces.msg.Time(sec=1731184276, nanosec=368579596), frame_id='RL_myo')","geometry_msgs.msg.Quaternion(x=-0.43546126958709824, y=-0.7928019470128109, z=-0.3986591468735705, w=-0.15135864731268447)",[0. 0. 0. 0. 0. 0. 0. 0. 0.],"geometry_msgs.msg.Vector3(x=-15.375, y=12.8125, z=5.0)",[0. 0. 0. 0. 0. 0. 0. 0. 0.],"geometry_msgs.msg.Vector3(x=-0.1181640625, y=0.85888671875, z=-0.6220703125)",[0. 0. 0. 0. 0. 0. 0. 0. 0.],False
28477029516,"std_msgs.msg.Header(stamp=builtin_interfaces.msg.Time(sec=1731184276, nanosec=385180898), frame_id='RL_myo')","geometry_msgs.msg.Quaternion(x=-0.43485900128785887, y=-0.7924504242416224, z=-0.399337887077398, w=-0.15313140129561234)",[0. 0. 0. 0. 0. 0. 0. 0. 0.],"geometry_msgs.msg.Vector3(x=2.0625, y=12.375, z=2.0)",[0. 0. 0. 0. 0. 0. 0. 0. 0.],"geometry_msgs.msg.Vector3(x=-0.1318359375, y=0.88818359375, z=-0.56787109375)",[0. 0. 0. 0. 0. 0. 0. 0. 0.],False
28497813124,"std_msgs.msg.Header(stamp=builtin_interfaces.msg.Time(sec=1731184276, nanosec=406101526), frame_id='RL_myo')","geometry_msgs.msg.Quaternion(x=-0.43358119187896, y=-0.7925795830152272, z=-0.4005621287023669, w=-0.15288863818367043)",[0. 0. 0. 0. 0. 0. 0. 0. 0.],"geometry_msgs.msg.Vector3(x=8.625, y=6.0625, z=-3.125)",[0. 0. 0. 0. 0. 0. 0. 0. 0.],"geometry_msgs.msg.Vector3(x=-0.14501953125, y=0.8984375, z=-0.62451171875)",[0. 0. 0. 0. 0. 0. 0. 0. 0.],False
28520574985,"std_msgs.msg.Header(stamp=builtin_interfaces.msg.Time(sec=1731184276, nanosec=428836055), frame_id='RL_myo')","geometry_msgs.msg.Quaternion(x=-0.43362881444953927, y=-0.792921260707729, z=-0.3996952999057048, w=-0.15325009895605812)",[0. 0. 0. 0. 0. 0. 0. 0. 0.],"geometry_msgs.msg.Vector3(x=2.3125, y=-2.9375, z=2.25)",[0. 0. 0. 0. 0. 0. 0. 0. 0.],"geometry_msgs.msg.Vector3(x=-0.08349609375, y=1.0751953125, z=-0.7060546875)",[0. 0. 0. 0. 0. 0. 0. 0. 0.],False
28536704890,"std_msgs.msg.Header(stamp=builtin_interfaces.msg.Time(sec=1731184276, nanosec=445108856), frame_id='RL_myo')","geometry_msgs.msg.Quaternion(x=-0.4327102449141242, y=-0.7931597098595146, z=-0.39993656345871026, w=-0.15398137488269892)",[0. 0. 0. 0. 0. 0. 0. 0. 0.],"geometry_msgs.msg.Vector3(x=2.0625, y=1.375, z=-3.9375)",[0. 0. 0. 0. 0. 0. 0. 0. 0.],"geometry_msgs.msg.Vector3(x=-0.005859375, y=0.88623046875, z=-0.65283203125)",[0. 0. 0. 0. 0. 0. 0. 0. 0.],False
28557894908,"std_msgs.msg.Header(stamp=builtin_interfaces.msg.Time(sec=1731184276, nanosec=466200817), frame_id='RL_myo')","geometry_msgs.msg.Quaternion(x=-0.4302759404393022, y=-0.7937828200501509, z=-0.4013467495501916, w=-0.15392282578552058)",[0. 0. 0. 0. 0. 0. 0. 0. 0.],"geometry_msgs.msg.Vector3(x=11.5625, y=8.5, z=-2.25)",[0. 0. 0. 0. 0. 0. 0. 0. 0.],"geometry_msgs.msg.Vector3(x=-0.11767578125, y=0.849609375, z=-0.66064453125)",[0. 0. 0. 0. 0. 0. 0. 0. 0.],False
28580244095,"std_msgs.msg.Header(stamp=builtin_interfaces.msg.Time(sec=1731184276, nanosec=488559355), frame_id='RL_myo')","geometry_msgs.msg.Quaternion(x=-0.42667345232602116, y=-0.7952446121882499, z=-0.40372548807561576, w=-0.15013827674467345)",[0. 0. 0. 0. 0. 0. 0. 0. 0.],"geometry_msgs.msg.Vector3(x=28.8125, y=-1.8125, z=-9.9375)",[0. 0. 0. 0. 0. 0. 0. 0. 0.],"geometry_msgs.msg.Vector3(x=-0.17724609375, y=0.83349609375, z=-0.646484375)",[0. 0. 0. 0. 0. 0. 0. 0. 0.],False
28596829007,"std_msgs.msg.Header(stamp=builtin_interfaces.msg.Time(sec=1731184276, nanosec=505188072), frame_id='RL_myo')","geometry_msgs.msg.Quaternion(x=-0.42338824694646204, y=-0.7969732922916104, z=-0.4046510130106737, w=-0.1477617047509564)",[0. 0. 0. 0. 0. 0. 0. 0. 0.],"geometry_msgs.msg.Vector3(x=26.3125, y=-4.5, z=-6.0)",[0. 0. 0. 0. 0. 0. 0. 0. 0.],"geometry_msgs.msg.Vector3(x=-0.05908203125, y=0.8095703125, z=-0.59619140625)",[0. 0. 0. 0. 0. 0. 0. 0. 0.],False
28617731235,"std_msgs.msg.Header(stamp=builtin_interfaces.msg.Time(sec=1731184276, nanosec=526071955), frame_id='RL_myo')","geometry_msgs.msg.Quaternion(x=-0.4202030291729675, y=-0.7987214295986385, z=-0.4042127323475038, w=-0.14861210980917586)",[0. 0. 0. 0. 0. 0. 0. 0. 0.],"geometry_msgs.msg.Vector3(x=15.3125, y=4.625, z=5.8125)",[0. 0. 0. 0. 0. 0. 0. 0. 0.],"geometry_msgs.msg.Vector3(x=-0.01171875, y=0.7724609375, z=-0.60546875)",[0. 0. 0. 0. 0. 0. 0. 0. 0.],False
28640249365,"std_msgs.msg.Header(stamp=builtin_interfaces.msg.Time(sec=1731184276, nanosec=548572190), frame_id='RL_myo')","geometry_msgs.msg.Quaternion(x=-0.4195941457106898, y=-0.7990293171846329, z=-0.4042141130242762, w=-0.1486736493019986)",[0. 0. 0. 0. 0. 0. 0. 0. 0.],"geometry_msgs.msg.Vector3(x=12.125, y=2.125, z=0.625)",[0. 0. 0. 0. 0. 0. 0. 0. 0.],"geometry_msgs.msg.Vector3(x=-0.107421875, y=0.91455078125, z=-0.54248046875)",[0. 0. 0. 0. 0. 0. 0. 0. 0.],False
28656699521,"std_msgs.msg.Header(stamp=builtin_interfaces.msg.Time(sec=1731184276, nanosec=565126786), frame_id='RL_myo')","geometry_msgs.msg.Quaternion(x=-0.4174060805984451, y=-0.7999622018429331, z=-0.4055656390666278, w=-0.14611348983077607)",[0. 0. 0. 0. 0. 0. 0. 0. 0.],"geometry_msgs.msg.Vector3(x=21.875, y=-2.1875, z=-6.375)",[0. 0. 0. 0. 0. 0. 0. 0. 0.],"geometry_msgs.msg.Vector3(x=-0.146484375, y=0.8515625, z=-0.611328125)",[0. 0. 0. 0. 0. 0. 0. 0. 0.],False
28685396048,"std_msgs.msg.Header(stamp=builtin_interfaces.msg.Time(sec=1731184276, nanosec=593628594), frame_id='RL_myo')","geometry_msgs.msg.Quaternion(x=-0.41476811702484734, y=-0.8009736268149052, z=-0.4070171530957485, w=-0.1440336604147498)",[0. 0. 0. 0. 0. 0. 0. 0. 0.],"geometry_msgs.msg.Vector3(x=21.1875, y=-0.75, z=-6.9375)",[0. 0. 0. 0. 0. 0. 0. 0. 0.],"geometry_msgs.msg.Vector3(x=-0.11474609375, y=0.81396484375, z=-0.63134765625)",[0. 0. 0. 0. 0. 0. 0. 0. 0.],False
28700761286,"std_msgs.msg.Header(stamp=builtin_interfaces.msg.Time(sec=1731184276, nanosec=608667747), frame_id='RL_myo')","geometry_msgs.msg.Quaternion(x=-0.413240402671417, y=-0.8016412182970111, z=-0.4076865883687883, w=-0.14281236778188094)",[0. 0. 0. 0. 0. 0. 0. 0. 0.],"geometry_msgs.msg.Vector3(x=13.0625, y=-0.6875, z=-3.3125)",[0. 0. 0. 0. 0. 0. 0. 0. 0.],"geometry_msgs.msg.Vector3(x=-0.11279296875, y=0.8173828125, z=-0.62841796875)",[0. 0. 0. 0. 0. 0. 0. 0. 0.],False
28716871396,"std_msgs.msg.Header(stamp=builtin_interfaces.msg.Time(sec=1731184276, nanosec=625197665), frame_id='RL_myo')","geometry_msgs.msg.Quaternion(x=-0.4133699876146306, y=-0.8012896157378541, z=-0.4078160722340118, w=-0.14403560767319182)",[0. 0. 0. 0. 0. 0. 0. 0. 0.],"geometry_msgs.msg.Vector3(x=1.3125, y=2.6875, z=-3.5)",[0. 0. 0. 0. 0. 0. 0. 0. 0.],"geometry_msgs.msg.Vector3(x=-0.029296875, y=0.86767578125, z=-0.58349609375)",[0. 0. 0. 0. 0. 0. 0. 0. 0.],False
28737762339,"std_msgs.msg.Header(stamp=builtin_interfaces.msg.Time(sec=1731184276, nanosec=646093957), frame_id='RL_myo')","geometry_msgs.msg.Quaternion(x=-0.4134346794941146, y=-0.8007474158492447, z=-0.40818587783534666, w=-0.14580682747437848)",[0. 0. 0. 0. 0. 0. 0. 0. 0.],"geometry_msgs.msg.Vector3(x=-5.3125, y=5.75, z=-3.25)",[0. 0. 0. 0. 0. 0. 0. 0. 0.],"geometry_msgs.msg.Vector3(x=-0.02734375, y=0.81884765625, z=-0.64453125)",[0. 0. 0. 0. 0. 0. 0. 0. 0.],False
28760458585,"std_msgs.msg.Header(stamp=builtin_interfaces.msg.Time(sec=1731184276, nanosec=668726672), frame_id='RL_myo')","geometry_msgs.msg.Quaternion(x=-0.41335838057890084, y=-0.8004126917602664, z=-0.40865904567493283, w=-0.14653380655100265)",[0. 0. 0. 0. 0. 0. 0. 0. 0.],"geometry_msgs.msg.Vector3(x=-6.75, y=3.125, z=-2.4375)",[0. 0. 0. 0. 0. 0. 0. 0. 0.],"geometry_msgs.msg.Vector3(x=-0.08056640625, y=0.79150390625, z=-0.71044921875)",[0. 0. 0. 0. 0. 0. 0. 0. 0.],False
28778313716,"std_msgs.msg.Header(stamp=builtin_interfaces.msg.Time(sec=1731184276, nanosec=686688266), frame_id='RL_myo')","geometry_msgs.msg.Quaternion(x=-0.4132533743489234, y=-0.8003236594059124, z=-0.4089810753968595, w=-0.14641778837144695)",[0. 0. 0. 0. 0. 0. 0. 0. 0.],"geometry_msgs.msg.Vector3(x=-2.5, y=0.6875, z=-0.875)",[0. 0. 0. 0. 0. 0. 0. 0. 0.],"geometry_msgs.msg.Vector3(x=-0.12646484375, y=0.828125, z=-0.7119140625)",[0. 0. 0. 0. 0. 0. 0. 0. 0.],False
28797927862,"std_msgs.msg.Header(stamp=builtin_interfaces.msg.Time(sec=1731184276, nanosec=706241305), frame_id='RL_myo')","geometry_msgs.msg.Quaternion(x=-0.41354876822902137, y=-0.800365783139815, z=-0.4089714132087769, w=-0.1453767954429647)",[0. 0. 0. 0. 0. 0. 0. 0. 0.],"geometry_msgs.msg.Vector3(x=-1.125, y=-4.4375, z=-1.125)",[0. 0. 0. 0. 0. 0. 0. 0. 0.],"geometry_msgs.msg.Vector3(x=-0.1435546875, y=0.83251953125, z=-0.7001953125)",[0. 0. 0. 0. 0. 0. 0. 0. 0.],False
28820445709,"std_msgs.msg.Header(stamp=builtin_interfaces.msg.Time(sec=1731184276, nanosec=728703348), frame_id='RL_myo')","geometry_msgs.msg.Quaternion(x=-0.41768908243908237, y=-0.7988212156699517, z=-0.4071919284093451, w=-0.14702118638161155)",[0. 0. 0. 0. 0. 0. 0. 0. 0.],"geometry_msgs.msg.Vector3(x=-26.0625, y=-9.0625, z=-0.375)",[0. 0. 0. 0. 0. 0. 0. 0. 0.],"geometry_msgs.msg.Vector3(x=-0.02001953125, y=0.8818359375, z=-0.64453125)",[0. 0. 0. 0. 0. 0. 0. 0. 0.],False
28838395511,"std_msgs.msg.Header(stamp=builtin_interfaces.msg.Time(sec=1731184276, nanosec=746713255), frame_id='RL_myo')","geometry_msgs.msg.Quaternion(x=-0.4239788128270162, y=-0.7957765568520894, z=-0.40469317804173666, w=-0.15233210260777783)",[0. 0. 0. 0. 0. 0. 0. 0. 0.],"geometry_msgs.msg.Vector3(x=-55.125, y=-0.0625, z=4.375)",[0. 0. 0. 0. 0. 0. 0. 0. 0.],"geometry_msgs.msg.Vector3(x=0.0322265625, y=0.7880859375, z=-0.6650390625)",[0. 0. 0. 0. 0. 0. 0. 0. 0.],False
28860870100,"std_msgs.msg.Header(stamp=builtin_interfaces.msg.Time(sec=1731184276, nanosec=769230347), frame_id='RL_myo')","geometry_msgs.msg.Quaternion(x=-0.43314788737759435, y=-0.7914088566472123, z=-0.4008006448370666, w=-0.1594169764450157)",[0. 0. 0. 0. 0. 0. 0. 0. 0.],"geometry_msgs.msg.Vector3(x=-83.125, y=0.9375, z=12.375)",[0. 0. 0. 0. 0. 0. 0. 0. 0.],"geometry_msgs.msg.Vector3(x=-0.009765625, y=0.7412109375, z=-0.71484375)",[0. 0. 0. 0. 0. 0. 0. 0. 0.],False
28880378849,"std_msgs.msg.Header(stamp=builtin_interfaces.msg.Time(sec=1731184276, nanosec=788703149), frame_id='RL_myo')","geometry_msgs.msg.Quaternion(x=-0.44437982755493444, y=-0.7859804174223933, z=-0.39610288158652995, w=-0.16692471203993212)",[0. 0. 0. 0. 0. 0. 0. 0. 0.],"geometry_msgs.msg.Vector3(x=-99.5, y=-4.8125, z=10.375)",[0. 0. 0. 0. 0. 0. 0. 0. 0.],"geometry_msgs.msg.Vector3(x=0.02783203125, y=0.8330078125, z=-0.78515625)",[0. 0. 0. 0. 0. 0. 0. 0. 0.],False
28898586783,"std_msgs.msg.Header(stamp=builtin_interfaces.msg.Time(sec=1731184276, nanosec=806804504), frame_id='RL_myo')","geometry_msgs.msg.Quaternion(x=-0.45943532501943485, y=-0.7774026527759779, z=-0.3926072590130213, w=-0.17442430378660265)",[0. 0. 0. 0. 0. 0. 0. 0. 0.],"geometry_msgs.msg.Vector3(x=-112.75, y=-2.875, z=-1.5625)",[0. 0. 0. 0. 0. 0. 0. 0. 0.],"geometry_msgs.msg.Vector3(x=0.080078125, y=0.9443359375, z=-0.74462890625)",[0. 0. 0. 0. 0. 0. 0. 0. 0.],False
28917836750,"std_msgs.msg.Header(stamp=builtin_interfaces.msg.Time(sec=1731184276, nanosec=826133426), frame_id='RL_myo')","geometry_msgs.msg.Quaternion(x=-0.4757364514040492, y=-0.7667931719615746, z=-0.38998793129850856, w=-0.18333704939291387)",[0. 0. 0. 0. 0. 0. 0. 0. 0.],"geometry_msgs.msg.Vector3(x=-126.125, y=4.5, z=-8.4375)",[0. 0. 0. 0. 0. 0. 0. 0. 0.],"geometry_msgs.msg.Vector3(x=0.126953125, y=0.94287109375, z=-0.70703125)",[0. 0. 0. 0. 0. 0. 0. 0. 0.],False
28940323646,"std_msgs.msg.Header(stamp=builtin_interfaces.msg.Time(sec=1731184276, nanosec=848610435), frame_id='RL_myo')","geometry_msgs.msg.Quaternion(x=-0.490442952621054, y=-0.7554994164380323, z=-0.38846060147249983, w=-0.19438287756322262)",[0. 0. 0. 0. 0. 0. 0. 0. 0.],"geometry_msgs.msg.Vector3(x=-125.5625, y=20.5, z=-8.3125)",[0. 0. 0. 0. 0. 0. 0. 0. 0.],"geometry_msgs.msg.Vector3(x=0.2099609375, y=0.7939453125, z=-0.638671875)",[0. 0. 0. 0. 0. 0. 0. 0. 0.],False
28958248892,"std_msgs.msg.Header(stamp=builtin_interfaces.msg.Time(sec=1731184276, nanosec=866626425), frame_id='RL_myo')","geometry_msgs.msg.Quaternion(x=-0.5006960268076677, y=-0.7448189067724007, z=-0.38931496282375816, w=-0.2073213558100496)",[0. 0. 0. 0. 0. 0. 0. 0. 0.],"geometry_msgs.msg.Vector3(x=-108.9375, y=44.5, z=-7.5625)",[0. 0. 0. 0. 0. 0. 0. 0. 0.],"geometry_msgs.msg.Vector3(x=0.27587890625, y=0.65087890625, z=-0.7041015625)",[0. 0. 0. 0. 0. 0. 0. 0. 0.],False
28977947996,"std_msgs.msg.Header(stamp=builtin_interfaces.msg.Time(sec=1731184276, nanosec=886256415), frame_id='RL_myo')","geometry_msgs.msg.Quaternion(x=-0.5029147643293407, y=-0.7372217764968575, z=-0.39274957626933343, w=-0.22210034313039692)",[0. 0. 0. 0. 0. 0. 0. 0. 0.],"geometry_msgs.msg.Vector3(x=-85.875, y=63.25, z=-18.375)",[0. 0. 0. 0. 0. 0. 0. 0. 0.],"geometry_msgs.msg.Vector3(x=0.36181640625, y=0.75341796875, z=-0.72216796875)",[0. 0. 0. 0. 0. 0. 0. 0. 0.],False
29000349180,"std_msgs.msg.Header(stamp=builtin_interfaces.msg.Time(sec=1731184276, nanosec=908696878), frame_id='RL_myo')","geometry_msgs.msg.Quaternion(x=-0.5008194313565794, y=-0.7302345230540425, z=-0.4007287821456617, w=-0.23527405652932165)",[0. 0. 0. 0. 0. 0. 0. 0. 0.],"geometry_msgs.msg.Vector3(x=-50.0, y=77.4375, z=-40.3125)",[0. 0. 0. 0. 0. 0. 0. 0. 0.],"geometry_msgs.msg.Vector3(x=0.43798828125, y=0.873046875, z=-0.65576171875)",[0. 0. 0. 0. 0. 0. 0. 0. 0.],False
29018303169,"std_msgs.msg.Header(stamp=builtin_interfaces.msg.Time(sec=1731184276, nanosec=926635832), frame_id='RL_myo')","geometry_msgs.msg.Quaternion(x=-0.49593911826602616, y=-0.7219984948421228, z=-0.41385222261406884, w=-0.24796955913301308)",[0. 0. 0. 0. 0. 0. 0. 0. 0.],"geometry_msgs.msg.Vector3(x=-26.625, y=98.0, z=-65.125)",[0. 0. 0. 0. 0. 0. 0. 0. 0.],"geometry_msgs.msg.Vector3(x=0.4814453125, y=0.88720703125, z=-0.5439453125)",[0. 0. 0. 0. 0. 0. 0. 0. 0.],False
29037816044,"std_msgs.msg.Header(stamp=builtin_interfaces.msg.Time(sec=1731184276, nanosec=946135887), frame_id='RL_myo')","geometry_msgs.msg.Quaternion(x=-0.4951352803419265, y=-0.7082515627225511, z=-0.43117598368244925, w=-0.2594379485681659)",[0. 0. 0. 0. 0. 0. 0. 0. 0.],"geometry_msgs.msg.Vector3(x=-39.875, y=114.4375, z=-79.0625)",[0. 0. 0. 0. 0. 0. 0. 0. 0.],"geometry_msgs.msg.Vector3(x=0.46240234375, y=0.927734375, z=-0.45849609375)",[0. 0. 0. 0. 0. 0. 0. 0. 0.],False
29060598854,"std_msgs.msg.Header(stamp=builtin_interfaces.msg.Time(sec=1731184276, nanosec=968753916), frame_id='RL_myo')","geometry_msgs.msg.Quaternion(x=-0.4960047488352574, y=-0.6920386178224417, z=-0.4492544550481518, w=-0.27061462487209687)",[0. 0. 0. 0. 0. 0. 0. 0. 0.],"geometry_msgs.msg.Vector3(x=-51.75, y=115.5625, z=-90.5625)",[0. 0. 0. 0. 0. 0. 0. 0. 0.],"geometry_msgs.msg.Vector3(x=0.41552734375, y=0.81494140625, z=-0.38818359375)",[0. 0. 0. 0. 0. 0. 0. 0. 0.],False
29078424449,"std_msgs.msg.Header(stamp=builtin_interfaces.msg.Time(sec=1731184276, nanosec=986687763), frame_id='RL_myo')","geometry_msgs.msg.Quaternion(x=-0.49955256735164766, y=-0.6734957337477621, z=-0.466900078221149, w=-0.2808114065222884)",[0. 0. 0. 0. 0. 0. 0. 0. 0.],"geometry_msgs.msg.Vector3(x=-67.0, y=107.3125, z=-101.625)",[0. 0. 0. 0. 0. 0. 0. 0. 0.],"geometry_msgs.msg.Vector3(x=0.38720703125, y=0.7158203125, z=-0.32373046875)",[0. 0. 0. 0. 0. 0. 0. 0. 0.],False
29097878196,"std_msgs.msg.Header(stamp=builtin_interfaces.msg.Time(sec=1731184277, nanosec=6183690), frame_id='RL_myo')","geometry_msgs.msg.Quaternion(x=-0.5039414631678175, y=-0.6538971583359571, z=-0.4843501818699043, w=-0.28959697744111595)",[0. 0. 0. 0. 0. 0. 0. 0. 0.],"geometry_msgs.msg.Vector3(x=-67.0, y=101.5, z=-108.6875)",[0. 0. 0. 0. 0. 0. 0. 0. 0.],"geometry_msgs.msg.Vector3(x=0.3408203125, y=0.72314453125, z=-0.15625)",[0. 0. 0. 0. 0. 0. 0. 0. 0.],False
29120343698,"std_msgs.msg.Header(stamp=builtin_interfaces.msg.Time(sec=1731184277, nanosec=28646879), frame_id='RL_myo')","geometry_msgs.msg.Quaternion(x=-0.5086452767075552, y=-0.6322361916742938, z=-0.5032744122546796, w=-0.29710645632497945)",[0. 0. 0. 0. 0. 0. 0. 0. 0.],"geometry_msgs.msg.Vector3(x=-65.75, y=104.5, z=-121.8125)",[0. 0. 0. 0. 0. 0. 0. 0. 0.],"geometry_msgs.msg.Vector3(x=0.1708984375, y=0.708984375, z=0.01904296875)",[0. 0. 0. 0. 0. 0. 0. 0. 0.],False
29145910028,"std_msgs.msg.Header(stamp=builtin_interfaces.msg.Time(sec=1731184277, nanosec=54168134), frame_id='RL_myo')","geometry_msgs.msg.Quaternion(x=-0.5155191260105929, y=-0.6082844949624221, z=-0.5230257973139317, w=-0.30112127000547717)",[0. 0. 0. 0. 0. 0. 0. 0. 0.],"geometry_msgs.msg.Vector3(x=-68.5, y=93.3125, z=-142.1875)",[0. 0. 0. 0. 0. 0. 0. 0. 0.],"geometry_msgs.msg.Vector3(x=-0.04443359375, y=0.73876953125, z=0.02880859375)",[0. 0. 0. 0. 0. 0. 0. 0. 0.],False
29157890345,"std_msgs.msg.Header(stamp=builtin_interfaces.msg.Time(sec=1731184277, nanosec=66158394), frame_id='RL_myo')","geometry_msgs.msg.Quaternion(x=-0.5260441036067324, y=-0.5823776350638635, z=-0.5408751416826618, w=-0.3026020032117623)",[0. 0. 0. 0. 0. 0. 0. 0. 0.],"geometry_msgs.msg.Vector3(x=-82.8125, y=71.75, z=-154.1875)",[0. 0. 0. 0. 0. 0. 0. 0. 0.],"geometry_msgs.msg.Vector3(x=-0.166015625, y=0.78564453125, z=0.02587890625)",[0. 0. 0. 0. 0. 0. 0. 0. 0.],False
29180381373,"std_msgs.msg.Header(stamp=builtin_interfaces.msg.Time(sec=1731184277, nanosec=88658322), frame_id='RL_myo')","geometry_msgs.msg.Quaternion(x=-0.5384860238147557, y=-0.5560022301884194, z=-0.5559411981104625, w=-0.30302426705658647)",[0. 0. 0. 0. 0. 0. 0. 0. 0.],"geometry_msgs.msg.Vector3(x=-92.625, y=55.25, z=-151.4375)",[0. 0. 0. 0. 0. 0. 0. 0. 0.],"geometry_msgs.msg.Vector3(x=-0.27734375, y=0.78271484375, z=0.0400390625)",[0. 0. 0. 0. 0. 0. 0. 0. 0.],False
29198214041,"std_msgs.msg.Header(stamp=builtin_interfaces.msg.Time(sec=1731184277, nanosec=106605271), frame_id='RL_myo')","geometry_msgs.msg.Quaternion(x=-0.5550183932388036, y=-0.5275543205581943, z=-0.5658819597658002, w=-0.3056446132988705)",[0. 0. 0. 0. 0. 0. 0. 0. 0.],"geometry_msgs.msg.Vector3(x=-128.4375, y=37.6875, z=-139.75)",[0. 0. 0. 0. 0. 0. 0. 0. 0.],"geometry_msgs.msg.Vector3(x=-0.45458984375, y=0.74609375, z=0.03857421875)",[0. 0. 0. 0. 0. 0. 0. 0. 0.],False
29217945827,"std_msgs.msg.Header(stamp=builtin_interfaces.msg.Time(sec=1731184277, nanosec=126230084), frame_id='RL_myo')","geometry_msgs.msg.Quaternion(x=-0.578149187418656, y=-0.4958790401959865, z=-0.5685672785804075, w=-0.3107712089449801)",[0. 0. 0. 0. 0. 0. 0. 0. 0.],"geometry_msgs.msg.Vector3(x=-181.125, y=5.875, z=-129.3125)",[0. 0. 0. 0. 0. 0. 0. 0. 0.],"geometry_msgs.msg.Vector3(x=-0.61279296875, y=0.673828125, z=-0.00927734375)",[0. 0. 0. 0. 0. 0. 0. 0. 0.],False
29240464279,"std_msgs.msg.Header(stamp=builtin_interfaces.msg.Time(sec=1731184277, nanosec=148744522), frame_id='RL_myo')","geometry_msgs.msg.Quaternion(x=-0.607395260295924, y=-0.46201588830789236, z=-0.5629636134414794, w=-0.3173078736212328)",[0. 0. 0. 0. 0. 0. 0. 0. 0.],"geometry_msgs.msg.Vector3(x=-226.4375, y=-34.0, z=-117.875)",[0. 0. 0. 0. 0. 0. 0. 0. 0.],"geometry_msgs.msg.Vector3(x=-0.6982421875, y=0.572265625, z=-0.01318359375)",[0. 0. 0. 0. 0. 0. 0. 0. 0.],False
