timestamp,_header,_orientation,_orientation_covariance,_angular_velocity,_angular_velocity_covariance,_linear_acceleration,_linear_acceleration_covariance,_check_fields,time,orientation,angular_velocity,linear_acceleration
23461085459,"std_msgs.msg.Header(stamp=builtin_interfaces.msg.Time(sec=1730348265, nanosec=110622001), frame_id='RL_myo')","geometry_msgs.msg.Quaternion(x=-0.6303812081875103, y=-0.0055542883370510695, z=0.4590527756369351, w=0.6259866064263271)",[0. 0. 0. 0. 0. 0. 0. 0. 0.],"geometry_msgs.msg.Vector3(x=9.75, y=-52.25, z=166.0625)",[0. 0. 0. 0. 0. 0. 0. 0. 0.],"geometry_msgs.msg.Vector3(x=0.5244140625, y=0.80517578125, z=0.69775390625)",[0. 0. 0. 0. 0. 0. 0. 0. 0.],False,23.461085459,"[-0.6303812081875103, -0.0055542883370510695, 0.4590527756369351, 0.6259866064263271]","[9.75, -52.25, 166.0625]","[0.5244140625, 0.80517578125, 0.69775390625]"
23476830300,"std_msgs.msg.Header(stamp=builtin_interfaces.msg.Time(sec=1730348265, nanosec=126401727), frame_id='RL_myo')","geometry_msgs.msg.Quaternion(x=-0.6433107290104864, y=0.018432622406182816, z=0.45776380147805007, w=0.613403493980587)",[0. 0. 0. 0. 0. 0. 0. 0. 0.],"geometry_msgs.msg.Vector3(x=-62.125, y=-49.6875, z=161.125)",[0. 0. 0. 0. 0. 0. 0. 0. 0.],"geometry_msgs.msg.Vector3(x=0.5654296875, y=1.09033203125, z=0.80029296875)",[0. 0. 0. 0. 0. 0. 0. 0. 0.],False,23.4768303,"[-0.6433107290104864, 0.018432622406182816, 0.45776380147805007, 0.613403493980587]","[-62.125, -49.6875, 161.125]","[0.5654296875, 1.09033203125, 0.80029296875]"
23500138823,"std_msgs.msg.Header(stamp=builtin_interfaces.msg.Time(sec=1730348265, nanosec=149663784), frame_id='RL_myo')","geometry_msgs.msg.Quaternion(x=-0.6555813217207328, y=0.03442397034265835, z=0.44745057904614954, w=0.6073023136692386)",[0. 0. 0. 0. 0. 0. 0. 0. 0.],"geometry_msgs.msg.Vector3(x=-83.9375, y=12.625, z=115.3125)",[0. 0. 0. 0. 0. 0. 0. 0. 0.],"geometry_msgs.msg.Vector3(x=0.74169921875, y=1.22607421875, z=0.7802734375)",[0. 0. 0. 0. 0. 0. 0. 0. 0.],False,23.500138823,"[-0.6555813217207328, 0.03442397034265835, 0.44745057904614954, 0.6073023136692386]","[-83.9375, 12.625, 115.3125]","[0.74169921875, 1.22607421875, 0.7802734375]"
23521123521,"std_msgs.msg.Header(stamp=builtin_interfaces.msg.Time(sec=1730348265, nanosec=170659454), frame_id='RL_myo')","geometry_msgs.msg.Quaternion(x=-0.6559507145594686, y=0.04052770768284053, z=0.4380532500598592, w=0.6133477929290128)",[0. 0. 0. 0. 0. 0. 0. 0. 0.],"geometry_msgs.msg.Vector3(x=-56.75, y=-2.5, z=-3.6875)",[0. 0. 0. 0. 0. 0. 0. 0. 0.],"geometry_msgs.msg.Vector3(x=0.56591796875, y=0.435546875, z=0.970703125)",[0. 0. 0. 0. 0. 0. 0. 0. 0.],False,23.521123521,"[-0.6559507145594686, 0.04052770768284053, 0.4380532500598592, 0.6133477929290128]","[-56.75, -2.5, -3.6875]","[0.56591796875, 0.435546875, 0.970703125]"
23537612506,"std_msgs.msg.Header(stamp=builtin_interfaces.msg.Time(sec=1730348265, nanosec=187160467), frame_id='RL_myo')","geometry_msgs.msg.Quaternion(x=-0.6586877341440077, y=0.03173810431383284, z=0.4416479284901816, w=0.6083340109537921)",[0. 0. 0. 0. 0. 0. 0. 0. 0.],"geometry_msgs.msg.Vector3(x=70.375, y=20.0, z=-3.4375)",[0. 0. 0. 0. 0. 0. 0. 0. 0.],"geometry_msgs.msg.Vector3(x=0.7138671875, y=0.3681640625, z=0.77294921875)",[0. 0. 0. 0. 0. 0. 0. 0. 0.],False,23.537612506,"[-0.6586877341440077, 0.03173810431383284, 0.4416479284901816, 0.6083340109537921]","[70.375, 20.0, -3.4375]","[0.7138671875, 0.3681640625, 0.77294921875]"
23559978595,"std_msgs.msg.Header(stamp=builtin_interfaces.msg.Time(sec=1730348265, nanosec=209540213), frame_id='RL_myo')","geometry_msgs.msg.Quaternion(x=-0.6628451983317862, y=0.019897563043845514, z=0.44775620395598376, w=0.599795558379969)",[0. 0. 0. 0. 0. 0. 0. 0. 0.],"geometry_msgs.msg.Vector3(x=94.25, y=27.0, z=9.5625)",[0. 0. 0. 0. 0. 0. 0. 0. 0.],"geometry_msgs.msg.Vector3(x=0.44287109375, y=0.2294921875, z=0.4404296875)",[0. 0. 0. 0. 0. 0. 0. 0. 0.],False,23.559978595,"[-0.6628451983317862, 0.019897563043845514, 0.44775620395598376, 0.599795558379969]","[94.25, 27.0, 9.5625]","[0.44287109375, 0.2294921875, 0.4404296875]"
23582545804,"std_msgs.msg.Header(stamp=builtin_interfaces.msg.Time(sec=1730348265, nanosec=232082330), frame_id='RL_myo')","geometry_msgs.msg.Quaternion(x=-0.6697323088964484, y=0.006591733287233794, z=0.45782029062537677, w=0.5846501218371529)",[0. 0. 0. 0. 0. 0. 0. 0. 0.],"geometry_msgs.msg.Vector3(x=125.5625, y=22.75, z=45.75)",[0. 0. 0. 0. 0. 0. 0. 0. 0.],"geometry_msgs.msg.Vector3(x=0.400390625, y=0.31494140625, z=0.427734375)",[0. 0. 0. 0. 0. 0. 0. 0. 0.],False,23.582545804,"[-0.6697323088964484, 0.006591733287233794, 0.45782029062537677, 0.5846501218371529]","[125.5625, 22.75, 45.75]","[0.400390625, 0.31494140625, 0.427734375]"
23596778465,"std_msgs.msg.Header(stamp=builtin_interfaces.msg.Time(sec=1730348265, nanosec=246320984), frame_id='RL_myo')","geometry_msgs.msg.Quaternion(x=-0.6771907171052862, y=-0.005554245629254714, z=0.4687539168425956, w=0.5671434108465363)",[0. 0. 0. 0. 0. 0. 0. 0. 0.],"geometry_msgs.msg.Vector3(x=128.25, y=18.8125, z=59.9375)",[0. 0. 0. 0. 0. 0. 0. 0. 0.],"geometry_msgs.msg.Vector3(x=0.73095703125, y=0.64453125, z=0.53173828125)",[0. 0. 0. 0. 0. 0. 0. 0. 0.],False,23.596778465,"[-0.6771907171052862, -0.005554245629254714, 0.4687539168425956, 0.5671434108465363]","[128.25, 18.8125, 59.9375]","[0.73095703125, 0.64453125, 0.53173828125]"
23628093254,"std_msgs.msg.Header(stamp=builtin_interfaces.msg.Time(sec=1730348265, nanosec=277576223), frame_id='RL_myo')","geometry_msgs.msg.Quaternion(x=-0.6803668402270368, y=-0.017517294621437116, z=0.4785822547968238, w=0.5547550202586827)",[0. 0. 0. 0. 0. 0. 0. 0. 0.],"geometry_msgs.msg.Vector3(x=109.6875, y=11.375, z=27.0625)",[0. 0. 0. 0. 0. 0. 0. 0. 0.],"geometry_msgs.msg.Vector3(x=0.83740234375, y=0.76171875, z=0.55126953125)",[0. 0. 0. 0. 0. 0. 0. 0. 0.],False,23.628093254,"[-0.6803668402270368, -0.017517294621437116, 0.4785822547968238, 0.5547550202586827]","[109.6875, 11.375, 27.0625]","[0.83740234375, 0.76171875, 0.55126953125]"
23642590677,"std_msgs.msg.Header(stamp=builtin_interfaces.msg.Time(sec=1730348265, nanosec=292182926), frame_id='RL_myo')","geometry_msgs.msg.Quaternion(x=-0.6812164178434013, y=-0.031738422836535135, z=0.4885275699685139, w=0.5443139516465776)",[0. 0. 0. 0. 0. 0. 0. 0. 0.],"geometry_msgs.msg.Vector3(x=113.625, y=11.3125, z=5.8125)",[0. 0. 0. 0. 0. 0. 0. 0. 0.],"geometry_msgs.msg.Vector3(x=0.90478515625, y=0.8818359375, z=0.62353515625)",[0. 0. 0. 0. 0. 0. 0. 0. 0.],False,23.642590677,"[-0.6812164178434013, -0.031738422836535135, 0.4885275699685139, 0.5443139516465776]","[113.625, 11.3125, 5.8125]","[0.90478515625, 0.8818359375, 0.62353515625]"
23656845592,"std_msgs.msg.Header(stamp=builtin_interfaces.msg.Time(sec=1730348265, nanosec=306482111), frame_id='RL_myo')","geometry_msgs.msg.Quaternion(x=-0.6835632884665537, y=-0.051088710817618135, z=0.495322447174398, w=0.533654239759182)",[0. 0. 0. 0. 0. 0. 0. 0. 0.],"geometry_msgs.msg.Vector3(x=124.6875, y=43.4375, z=-3.625)",[0. 0. 0. 0. 0. 0. 0. 0. 0.],"geometry_msgs.msg.Vector3(x=1.0322265625, y=1.00927734375, z=0.71044921875)",[0. 0. 0. 0. 0. 0. 0. 0. 0.],False,23.656845592,"[-0.6835632884665537, -0.051088710817618135, 0.495322447174398, 0.533654239759182]","[124.6875, 43.4375, -3.625]","[1.0322265625, 1.00927734375, 0.71044921875]"
23680079504,"std_msgs.msg.Header(stamp=builtin_interfaces.msg.Time(sec=1730348265, nanosec=329623187), frame_id='RL_myo')","geometry_msgs.msg.Quaternion(x=-0.6879526262005016, y=-0.07519808672513689, z=0.49660035194457286, w=0.5238840733456575)",[0. 0. 0. 0. 0. 0. 0. 0. 0.],"geometry_msgs.msg.Vector3(x=124.4375, y=85.1875, z=-17.1875)",[0. 0. 0. 0. 0. 0. 0. 0. 0.],"geometry_msgs.msg.Vector3(x=1.08251953125, y=1.0400390625, z=0.79833984375)",[0. 0. 0. 0. 0. 0. 0. 0. 0.],False,23.680079504,"[-0.6879526262005016, -0.07519808672513689, 0.49660035194457286, 0.5238840733456575]","[124.4375, 85.1875, -17.1875]","[1.08251953125, 1.0400390625, 0.79833984375]"
23702527580,"std_msgs.msg.Header(stamp=builtin_interfaces.msg.Time(sec=1730348265, nanosec=352098513), frame_id='RL_myo')","geometry_msgs.msg.Quaternion(x=-0.6919593827750209, y=-0.10192927310878405, z=0.4916408951444644, w=0.5187406539829674)",[0. 0. 0. 0. 0. 0. 0. 0. 0.],"geometry_msgs.msg.Vector3(x=101.3125, y=113.875, z=-43.625)",[0. 0. 0. 0. 0. 0. 0. 0. 0.],"geometry_msgs.msg.Vector3(x=0.8505859375, y=1.18359375, z=0.705078125)",[0. 0. 0. 0. 0. 0. 0. 0. 0.],False,23.70252758,"[-0.6919593827750209, -0.10192927310878405, 0.4916408951444644, 0.5187406539829674]","[101.3125, 113.875, -43.625]","[0.8505859375, 1.18359375, 0.705078125]"
23716916778,"std_msgs.msg.Header(stamp=builtin_interfaces.msg.Time(sec=1730348265, nanosec=366451525), frame_id='RL_myo')","geometry_msgs.msg.Quaternion(x=-0.6942119418081866, y=-0.13476525123197433, z=0.48260364197971967, w=0.5167221996965102)",[0. 0. 0. 0. 0. 0. 0. 0. 0.],"geometry_msgs.msg.Vector3(x=102.6875, y=141.0, z=-78.4375)",[0. 0. 0. 0. 0. 0. 0. 0. 0.],"geometry_msgs.msg.Vector3(x=0.65185546875, y=1.35888671875, z=0.56884765625)",[0. 0. 0. 0. 0. 0. 0. 0. 0.],False,23.716916778,"[-0.6942119418081866, -0.13476525123197433, 0.48260364197971967, 0.5167221996965102]","[102.6875, 141.0, -78.4375]","[0.65185546875, 1.35888671875, 0.56884765625]"
23740599817,"std_msgs.msg.Header(stamp=builtin_interfaces.msg.Time(sec=1730348265, nanosec=390096115), frame_id='RL_myo')","geometry_msgs.msg.Quaternion(x=-0.6936784484984999, y=-0.17303813475523513, z=0.46906457340175733, w=0.5185040404746817)",[0. 0. 0. 0. 0. 0. 0. 0. 0.],"geometry_msgs.msg.Vector3(x=101.6875, y=164.75, z=-119.0)",[0. 0. 0. 0. 0. 0. 0. 0. 0.],"geometry_msgs.msg.Vector3(x=0.49072265625, y=1.443359375, z=0.4931640625)",[0. 0. 0. 0. 0. 0. 0. 0. 0.],False,23.740599817,"[-0.6936784484984999, -0.17303813475523513, 0.46906457340175733, 0.5185040404746817]","[101.6875, 164.75, -119.0]","[0.49072265625, 1.443359375, 0.4931640625]"
23762629946,"std_msgs.msg.Header(stamp=builtin_interfaces.msg.Time(sec=1730348265, nanosec=412150369), frame_id='RL_myo')","geometry_msgs.msg.Quaternion(x=-0.6910983413478774, y=-0.2111197706192977, z=0.4489117990473937, w=0.5256326870694975)",[0. 0. 0. 0. 0. 0. 0. 0. 0.],"geometry_msgs.msg.Vector3(x=69.25, y=179.0, z=-153.125)",[0. 0. 0. 0. 0. 0. 0. 0. 0.],"geometry_msgs.msg.Vector3(x=0.2685546875, y=1.283203125, z=0.39697265625)",[0. 0. 0. 0. 0. 0. 0. 0. 0.],False,23.762629946,"[-0.6910983413478774, -0.2111197706192977, 0.4489117990473937, 0.5256326870694975]","[69.25, 179.0, -153.125]","[0.2685546875, 1.283203125, 0.39697265625]"
23783709828,"std_msgs.msg.Header(stamp=builtin_interfaces.msg.Time(sec=1730348265, nanosec=433242044), frame_id='RL_myo')","geometry_msgs.msg.Quaternion(x=-0.6878720048261915, y=-0.24878139233997842, z=0.4264562287240994, w=0.532047938426789)",[0. 0. 0. 0. 0. 0. 0. 0. 0.],"geometry_msgs.msg.Vector3(x=64.875, y=185.3125, z=-154.9375)",[0. 0. 0. 0. 0. 0. 0. 0. 0.],"geometry_msgs.msg.Vector3(x=0.11669921875, y=1.072265625, z=0.408203125)",[0. 0. 0. 0. 0. 0. 0. 0. 0.],False,23.783709828,"[-0.6878720048261915, -0.24878139233997842, 0.4264562287240994, 0.532047938426789]","[64.875, 185.3125, -154.9375]","[0.11669921875, 1.072265625, 0.408203125]"
23799992286,"std_msgs.msg.Header(stamp=builtin_interfaces.msg.Time(sec=1730348265, nanosec=449551244), frame_id='RL_myo')","geometry_msgs.msg.Quaternion(x=-0.6805028832117401, y=-0.2901094451435466, z=0.40785005521758433, w=0.535173493586917)",[0. 0. 0. 0. 0. 0. 0. 0. 0.],"geometry_msgs.msg.Vector3(x=108.75, y=175.5625, z=-159.75)",[0. 0. 0. 0. 0. 0. 0. 0. 0.],"geometry_msgs.msg.Vector3(x=0.05419921875, y=0.814453125, z=0.45361328125)",[0. 0. 0. 0. 0. 0. 0. 0. 0.],False,23.799992286,"[-0.6805028832117401, -0.2901094451435466, 0.40785005521758433, 0.535173493586917]","[108.75, 175.5625, -159.75]","[0.05419921875, 0.814453125, 0.45361328125]"
23822845192,"std_msgs.msg.Header(stamp=builtin_interfaces.msg.Time(sec=1730348265, nanosec=472481221), frame_id='RL_myo')","geometry_msgs.msg.Quaternion(x=-0.6660638729958963, y=-0.33696862849906933, z=0.39476781183335996, w=0.5356952820750465)",[0. 0. 0. 0. 0. 0. 0. 0. 0.],"geometry_msgs.msg.Vector3(x=165.625, y=159.1875, z=-176.1875)",[0. 0. 0. 0. 0. 0. 0. 0. 0.],"geometry_msgs.msg.Vector3(x=0.0146484375, y=0.72119140625, z=0.3837890625)",[0. 0. 0. 0. 0. 0. 0. 0. 0.],False,23.822845192,"[-0.6660638729958963, -0.33696862849906933, 0.39476781183335996, 0.5356952820750465]","[165.625, 159.1875, -176.1875]","[0.0146484375, 0.72119140625, 0.3837890625]"
23843635822,"std_msgs.msg.Header(stamp=builtin_interfaces.msg.Time(sec=1730348265, nanosec=493151086), frame_id='RL_myo')","geometry_msgs.msg.Quaternion(x=-0.6442240642874979, y=-0.3896472218295961, z=0.38690064836745136, w=0.5324080068952955)",[0. 0. 0. 0. 0. 0. 0. 0. 0.],"geometry_msgs.msg.Vector3(x=225.125, y=147.125, z=-185.125)",[0. 0. 0. 0. 0. 0. 0. 0. 0.],"geometry_msgs.msg.Vector3(x=-0.177734375, y=0.7880859375, z=0.2451171875)",[0. 0. 0. 0. 0. 0. 0. 0. 0.],False,23.843635822,"[-0.6442240642874979, -0.3896472218295961, 0.38690064836745136, 0.5324080068952955]","[225.125, 147.125, -185.125]","[-0.177734375, 0.7880859375, 0.2451171875]"
23860033736,"std_msgs.msg.Header(stamp=builtin_interfaces.msg.Time(sec=1730348265, nanosec=509620909), frame_id='RL_myo')","geometry_msgs.msg.Quaternion(x=-0.6167088794751094, y=-0.4439766814431854, z=0.3811705218054294, w=0.5265585414916636)",[0. 0. 0. 0. 0. 0. 0. 0. 0.],"geometry_msgs.msg.Vector3(x=256.25, y=136.625, z=-188.9375)",[0. 0. 0. 0. 0. 0. 0. 0. 0.],"geometry_msgs.msg.Vector3(x=-0.42822265625, y=0.9013671875, z=0.18994140625)",[0. 0. 0. 0. 0. 0. 0. 0. 0.],False,23.860033736,"[-0.6167088794751094, -0.4439766814431854, 0.3811705218054294, 0.5265585414916636]","[256.25, 136.625, -188.9375]","[-0.42822265625, 0.9013671875, 0.18994140625]"
23882596483,"std_msgs.msg.Header(stamp=builtin_interfaces.msg.Time(sec=1730348265, nanosec=532138790), frame_id='RL_myo')","geometry_msgs.msg.Quaternion(x=-0.5871644447842558, y=-0.49377966302542925, z=0.3735391270353062, w=0.5214288827226504)",[0. 0. 0. 0. 0. 0. 0. 0. 0.],"geometry_msgs.msg.Vector3(x=239.5625, y=123.625, z=-191.625)",[0. 0. 0. 0. 0. 0. 0. 0. 0.],"geometry_msgs.msg.Vector3(x=-0.56298828125, y=0.96923828125, z=0.2138671875)",[0. 0. 0. 0. 0. 0. 0. 0. 0.],False,23.882596483,"[-0.5871644447842558, -0.49377966302542925, 0.3735391270353062, 0.5214288827226504]","[239.5625, 123.625, -191.625]","[-0.56298828125, 0.96923828125, 0.2138671875]"
23903634570,"std_msgs.msg.Header(stamp=builtin_interfaces.msg.Time(sec=1730348265, nanosec=553141704), frame_id='RL_myo')","geometry_msgs.msg.Quaternion(x=-0.5593652015178714, y=-0.5372103113759197, z=0.3630228280009055, w=0.5164591746038437)",[0. 0. 0. 0. 0. 0. 0. 0. 0.],"geometry_msgs.msg.Vector3(x=205.5, y=118.5625, z=-181.6875)",[0. 0. 0. 0. 0. 0. 0. 0. 0.],"geometry_msgs.msg.Vector3(x=-0.5830078125, y=0.87744140625, z=0.21728515625)",[0. 0. 0. 0. 0. 0. 0. 0. 0.],False,23.90363457,"[-0.5593652015178714, -0.5372103113759197, 0.3630228280009055, 0.5164591746038437]","[205.5, 118.5625, -181.6875]","[-0.5830078125, 0.87744140625, 0.21728515625]"
23927509675,"std_msgs.msg.Header(stamp=builtin_interfaces.msg.Time(sec=1730348265, nanosec=577088359), frame_id='RL_myo')","geometry_msgs.msg.Quaternion(x=-0.5339850783256987, y=-0.5754270566298648, z=0.35118872336107787, w=0.5103039478661752)",[0. 0. 0. 0. 0. 0. 0. 0. 0.],"geometry_msgs.msg.Vector3(x=181.0625, y=116.6875, z=-164.25)",[0. 0. 0. 0. 0. 0. 0. 0. 0.],"geometry_msgs.msg.Vector3(x=-0.62109375, y=0.80224609375, z=0.22607421875)",[0. 0. 0. 0. 0. 0. 0. 0. 0.],False,23.927509675,"[-0.5339850783256987, -0.5754270566298648, 0.35118872336107787, 0.5103039478661752]","[181.0625, 116.6875, -164.25]","[-0.62109375, 0.80224609375, 0.22607421875]"
23942649079,"std_msgs.msg.Header(stamp=builtin_interfaces.msg.Time(sec=1730348265, nanosec=592143263), frame_id='RL_myo')","geometry_msgs.msg.Quaternion(x=-0.5099490771656418, y=-0.6090702383047204, z=0.3398439810482697, w=0.5034793462045934)",[0. 0. 0. 0. 0. 0. 0. 0. 0.],"geometry_msgs.msg.Vector3(x=166.625, y=107.5625, z=-147.1875)",[0. 0. 0. 0. 0. 0. 0. 0. 0.],"geometry_msgs.msg.Vector3(x=-0.6484375, y=0.70361328125, z=0.216796875)",[0. 0. 0. 0. 0. 0. 0. 0. 0.],False,23.942649079,"[-0.5099490771656418, -0.6090702383047204, 0.3398439810482697, 0.5034793462045934]","[166.625, 107.5625, -147.1875]","[-0.6484375, 0.70361328125, 0.216796875]"
23963717834,"std_msgs.msg.Header(stamp=builtin_interfaces.msg.Time(sec=1730348265, nanosec=613223023), frame_id='RL_myo')","geometry_msgs.msg.Quaternion(x=-0.48778908277750593, y=-0.6358591922392464, z=0.33056377281318466, w=0.49847015003051687)",[0. 0. 0. 0. 0. 0. 0. 0. 0.],"geometry_msgs.msg.Vector3(x=142.25, y=79.875, z=-126.75)",[0. 0. 0. 0. 0. 0. 0. 0. 0.],"geometry_msgs.msg.Vector3(x=-0.64892578125, y=0.6484375, z=0.193359375)",[0. 0. 0. 0. 0. 0. 0. 0. 0.],False,23.963717834,"[-0.48778908277750593, -0.6358591922392464, 0.33056377281318466, 0.49847015003051687]","[142.25, 79.875, -126.75]","[-0.64892578125, 0.6484375, 0.193359375]"
23980008923,"std_msgs.msg.Header(stamp=builtin_interfaces.msg.Time(sec=1730348265, nanosec=629518986), frame_id='RL_myo')","geometry_msgs.msg.Quaternion(x=-0.4674709104942876, y=-0.6558875054408688, z=0.3249530131181077, w=0.495669312459082)",[0. 0. 0. 0. 0. 0. 0. 0. 0.],"geometry_msgs.msg.Vector3(x=121.875, y=46.1875, z=-101.1875)",[0. 0. 0. 0. 0. 0. 0. 0. 0.],"geometry_msgs.msg.Vector3(x=-0.66552734375, y=0.5693359375, z=0.11181640625)",[0. 0. 0. 0. 0. 0. 0. 0. 0.],False,23.980008923,"[-0.4674709104942876, -0.6558875054408688, 0.3249530131181077, 0.495669312459082]","[121.875, 46.1875, -101.1875]","[-0.66552734375, 0.5693359375, 0.11181640625]"
24002526225,"std_msgs.msg.Header(stamp=builtin_interfaces.msg.Time(sec=1730348265, nanosec=652066700), frame_id='RL_myo')","geometry_msgs.msg.Quaternion(x=-0.4492861403209722, y=-0.6695040990600114, z=0.32422333614794246, w=0.4947579749275643)",[0. 0. 0. 0. 0. 0. 0. 0. 0.],"geometry_msgs.msg.Vector3(x=106.9375, y=11.625, z=-70.1875)",[0. 0. 0. 0. 0. 0. 0. 0. 0.],"geometry_msgs.msg.Vector3(x=-0.666015625, y=0.52587890625, z=0.0966796875)",[0. 0. 0. 0. 0. 0. 0. 0. 0.],False,24.002526225,"[-0.4492861403209722, -0.6695040990600114, 0.32422333614794246, 0.4947579749275643]","[106.9375, 11.625, -70.1875]","[-0.666015625, 0.52587890625, 0.0966796875]"
24023507035,"std_msgs.msg.Header(stamp=builtin_interfaces.msg.Time(sec=1730348265, nanosec=673124800), frame_id='RL_myo')","geometry_msgs.msg.Quaternion(x=-0.4326780840370459, y=-0.6770627713673226, z=0.3263548759128346, w=0.4978636100282386)",[0. 0. 0. 0. 0. 0. 0. 0. 0.],"geometry_msgs.msg.Vector3(x=92.0, y=-19.25, z=-31.25)",[0. 0. 0. 0. 0. 0. 0. 0. 0.],"geometry_msgs.msg.Vector3(x=-0.669921875, y=0.47265625, z=0.06787109375)",[0. 0. 0. 0. 0. 0. 0. 0. 0.],False,24.023507035,"[-0.4326780840370459, -0.6770627713673226, 0.3263548759128346, 0.4978636100282386]","[92.0, -19.25, -31.25]","[-0.669921875, 0.47265625, 0.06787109375]"
24039907951,"std_msgs.msg.Header(stamp=builtin_interfaces.msg.Time(sec=1730348265, nanosec=689510119), frame_id='RL_myo')","geometry_msgs.msg.Quaternion(x=-0.4204140959553926, y=-0.6778627975726756, z=0.33453682635474835, w=0.5018357573962308)",[0. 0. 0. 0. 0. 0. 0. 0. 0.],"geometry_msgs.msg.Vector3(x=75.1875, y=-49.5, z=3.9375)",[0. 0. 0. 0. 0. 0. 0. 0. 0.],"geometry_msgs.msg.Vector3(x=-0.48828125, y=0.44677734375, z=0.08544921875)",[0. 0. 0. 0. 0. 0. 0. 0. 0.],False,24.039907951,"[-0.4204140959553926, -0.6778627975726756, 0.33453682635474835, 0.5018357573962308]","[75.1875, -49.5, 3.9375]","[-0.48828125, 0.44677734375, 0.08544921875]"
24062562987,"std_msgs.msg.Header(stamp=builtin_interfaces.msg.Time(sec=1730348265, nanosec=712066549), frame_id='RL_myo')","geometry_msgs.msg.Quaternion(x=-0.41588181208188174, y=-0.6703301940263146, z=0.3473412668855282, w=0.507004727467595)",[0. 0. 0. 0. 0. 0. 0. 0. 0.],"geometry_msgs.msg.Vector3(x=39.6875, y=-75.5, z=38.75)",[0. 0. 0. 0. 0. 0. 0. 0. 0.],"geometry_msgs.msg.Vector3(x=-0.25927734375, y=0.6142578125, z=0.11572265625)",[0. 0. 0. 0. 0. 0. 0. 0. 0.],False,24.062562987,"[-0.41588181208188174, -0.6703301940263146, 0.3473412668855282, 0.507004727467595]","[39.6875, -75.5, 38.75]","[-0.25927734375, 0.6142578125, 0.11572265625]"
24083528961,"std_msgs.msg.Header(stamp=builtin_interfaces.msg.Time(sec=1730348265, nanosec=733052823), frame_id='RL_myo')","geometry_msgs.msg.Quaternion(x=-0.41905256128243046, y=-0.6586681097232726, z=0.36015571863204515, w=0.51072412362531)",[0. 0. 0. 0. 0. 0. 0. 0. 0.],"geometry_msgs.msg.Vector3(x=-4.0, y=-71.625, z=58.9375)",[0. 0. 0. 0. 0. 0. 0. 0. 0.],"geometry_msgs.msg.Vector3(x=-0.08251953125, y=0.73828125, z=-0.00341796875)",[0. 0. 0. 0. 0. 0. 0. 0. 0.],False,24.083528961,"[-0.41905256128243046, -0.6586681097232726, 0.36015571863204515, 0.51072412362531]","[-4.0, -71.625, 58.9375]","[-0.08251953125, 0.73828125, -0.00341796875]"
24099919927,"std_msgs.msg.Header(stamp=builtin_interfaces.msg.Time(sec=1730348265, nanosec=749512189), frame_id='RL_myo')","geometry_msgs.msg.Quaternion(x=-0.4193115906059736, y=-0.6491089906978936, z=0.37127691494266923, w=0.5147705902723118)",[0. 0. 0. 0. 0. 0. 0. 0. 0.],"geometry_msgs.msg.Vector3(x=-2.25, y=-71.375, z=47.0625)",[0. 0. 0. 0. 0. 0. 0. 0. 0.],"geometry_msgs.msg.Vector3(x=-0.1533203125, y=0.62841796875, z=-0.1201171875)",[0. 0. 0. 0. 0. 0. 0. 0. 0.],False,24.099919927,"[-0.4193115906059736, -0.6491089906978936, 0.37127691494266923, 0.5147705902723118]","[-2.25, -71.375, 47.0625]","[-0.1533203125, 0.62841796875, -0.1201171875]"
24122380032,"std_msgs.msg.Header(stamp=builtin_interfaces.msg.Time(sec=1730348265, nanosec=771977064), frame_id='RL_myo')","geometry_msgs.msg.Quaternion(x=-0.41424074220644, y=-0.6405564445935742, z=0.38683627878361826, w=0.518121358566446)",[0. 0. 0. 0. 0. 0. 0. 0. 0.],"geometry_msgs.msg.Vector3(x=33.6875, y=-86.9375, z=53.6875)",[0. 0. 0. 0. 0. 0. 0. 0. 0.],"geometry_msgs.msg.Vector3(x=-0.15234375, y=0.37841796875, z=-0.1044921875)",[0. 0. 0. 0. 0. 0. 0. 0. 0.],False,24.122380032,"[-0.41424074220644, -0.6405564445935742, 0.38683627878361826, 0.518121358566446]","[33.6875, -86.9375, 53.6875]","[-0.15234375, 0.37841796875, -0.1044921875]"
24143431376,"std_msgs.msg.Header(stamp=builtin_interfaces.msg.Time(sec=1730348265, nanosec=793118531), frame_id='RL_myo')","geometry_msgs.msg.Quaternion(x=-0.4098418082974202, y=-0.6301127072021692, z=0.40971974074468825, w=0.5168340182669477)",[0. 0. 0. 0. 0. 0. 0. 0. 0.],"geometry_msgs.msg.Vector3(x=60.125, y=-92.8125, z=83.8125)",[0. 0. 0. 0. 0. 0. 0. 0. 0.],"geometry_msgs.msg.Vector3(x=0.0576171875, y=0.42919921875, z=-0.09130859375)",[0. 0. 0. 0. 0. 0. 0. 0. 0.],False,24.143431376,"[-0.4098418082974202, -0.6301127072021692, 0.40971974074468825, 0.5168340182669477]","[60.125, -92.8125, 83.8125]","[0.0576171875, 0.42919921875, -0.09130859375]"
24150444646,"std_msgs.msg.Header(stamp=builtin_interfaces.msg.Time(sec=1730348265, nanosec=800002580), frame_id='RL_myo')","geometry_msgs.msg.Quaternion(x=-0.40557697321133956, y=-0.6193212260610177, z=0.43749823084708533, w=0.5104349476247454)",[0. 0. 0. 0. 0. 0. 0. 0. 0.],"geometry_msgs.msg.Vector3(x=86.375, y=-88.8125, z=99.125)",[0. 0. 0. 0. 0. 0. 0. 0. 0.],"geometry_msgs.msg.Vector3(x=0.24755859375, y=0.64892578125, z=-0.12841796875)",[0. 0. 0. 0. 0. 0. 0. 0. 0.],False,24.150444646,"[-0.40557697321133956, -0.6193212260610177, 0.43749823084708533, 0.5104349476247454]","[86.375, -88.8125, 99.125]","[0.24755859375, 0.64892578125, -0.12841796875]"
24165561323,"std_msgs.msg.Header(stamp=builtin_interfaces.msg.Time(sec=1730348265, nanosec=815045525), frame_id='RL_myo')","geometry_msgs.msg.Quaternion(x=-0.39959047011192184, y=-0.611439946476437, z=0.4626997638488589, w=0.5023719504339741)",[0. 0. 0. 0. 0. 0. 0. 0. 0.],"geometry_msgs.msg.Vector3(x=96.875, y=-69.5, z=102.375)",[0. 0. 0. 0. 0. 0. 0. 0. 0.],"geometry_msgs.msg.Vector3(x=0.2724609375, y=0.7646484375, z=-0.14404296875)",[0. 0. 0. 0. 0. 0. 0. 0. 0.],False,24.165561323,"[-0.39959047011192184, -0.611439946476437, 0.4626997638488589, 0.5023719504339741]","[96.875, -69.5, 102.375]","[0.2724609375, 0.7646484375, -0.14404296875]"
24187920078,"std_msgs.msg.Header(stamp=builtin_interfaces.msg.Time(sec=1730348265, nanosec=837513934), frame_id='RL_myo')","geometry_msgs.msg.Quaternion(x=-0.39544803984281096, y=-0.6043720466929332, z=0.48559725343253646, w=0.49249424810798603)",[0. 0. 0. 0. 0. 0. 0. 0. 0.],"geometry_msgs.msg.Vector3(x=90.25, y=-50.4375, z=104.1875)",[0. 0. 0. 0. 0. 0. 0. 0. 0.],"geometry_msgs.msg.Vector3(x=0.19482421875, y=0.70654296875, z=-0.16064453125)",[0. 0. 0. 0. 0. 0. 0. 0. 0.],False,24.187920078,"[-0.39544803984281096, -0.6043720466929332, 0.48559725343253646, 0.49249424810798603]","[90.25, -50.4375, 104.1875]","[0.19482421875, 0.70654296875, -0.16064453125]"
24213114866,"std_msgs.msg.Header(stamp=builtin_interfaces.msg.Time(sec=1730348265, nanosec=862745190), frame_id='RL_myo')","geometry_msgs.msg.Quaternion(x=-0.3928243246125923, y=-0.5966828150112962, z=0.5076320552832396, w=0.48163094243597976)",[0. 0. 0. 0. 0. 0. 0. 0. 0.],"geometry_msgs.msg.Vector3(x=69.25, y=-48.375, z=96.9375)",[0. 0. 0. 0. 0. 0. 0. 0. 0.],"geometry_msgs.msg.Vector3(x=0.1259765625, y=0.740234375, z=-0.404296875)",[0. 0. 0. 0. 0. 0. 0. 0. 0.],False,24.213114866,"[-0.3928243246125923, -0.5966828150112962, 0.5076320552832396, 0.48163094243597976]","[69.25, -48.375, 96.9375]","[0.1259765625, 0.740234375, -0.404296875]"
24247820120,"std_msgs.msg.Header(stamp=builtin_interfaces.msg.Time(sec=1730348265, nanosec=897412923), frame_id='RL_myo')","geometry_msgs.msg.Quaternion(x=-0.38196167540157205, y=-0.583135482068811, z=0.5487113234036646, w=0.46149124763683064)",[0. 0. 0. 0. 0. 0. 0. 0. 0.],"geometry_msgs.msg.Vector3(x=76.875, y=-52.4375, z=77.25)",[0. 0. 0. 0. 0. 0. 0. 0. 0.],"geometry_msgs.msg.Vector3(x=0.14697265625, y=0.90625, z=-0.44580078125)",[0. 0. 0. 0. 0. 0. 0. 0. 0.],False,24.24782012,"[-0.38196167540157205, -0.583135482068811, 0.5487113234036646, 0.46149124763683064]","[76.875, -52.4375, 77.25]","[0.14697265625, 0.90625, -0.44580078125]"
24270381943,"std_msgs.msg.Header(stamp=builtin_interfaces.msg.Time(sec=1730348265, nanosec=919979723), frame_id='RL_myo')","geometry_msgs.msg.Quaternion(x=-0.3803552513439203, y=-0.5744389643210812, z=0.563514126389348, w=0.455852595039753)",[0. 0. 0. 0. 0. 0. 0. 0. 0.],"geometry_msgs.msg.Vector3(x=36.3125, y=-47.25, z=68.625)",[0. 0. 0. 0. 0. 0. 0. 0. 0.],"geometry_msgs.msg.Vector3(x=0.14208984375, y=0.9775390625, z=-0.40771484375)",[0. 0. 0. 0. 0. 0. 0. 0. 0.],False,24.270381943,"[-0.3803552513439203, -0.5744389643210812, 0.563514126389348, 0.455852595039753]","[36.3125, -47.25, 68.625]","[0.14208984375, 0.9775390625, -0.40771484375]"
24285358137,"std_msgs.msg.Header(stamp=builtin_interfaces.msg.Time(sec=1730348265, nanosec=934977570), frame_id='RL_myo')","geometry_msgs.msg.Quaternion(x=-0.3811022925410487, y=-0.5645123484484561, z=0.5744000120281566, w=0.454039070181432)",[0. 0. 0. 0. 0. 0. 0. 0. 0.],"geometry_msgs.msg.Vector3(x=-0.4375, y=-47.25, z=58.4375)",[0. 0. 0. 0. 0. 0. 0. 0. 0.],"geometry_msgs.msg.Vector3(x=0.14892578125, y=1.00048828125, z=-0.47265625)",[0. 0. 0. 0. 0. 0. 0. 0. 0.],False,24.285358137,"[-0.3811022925410487, -0.5645123484484561, 0.5744000120281566, 0.454039070181432]","[-0.4375, -47.25, 58.4375]","[0.14892578125, 1.00048828125, -0.47265625]"
24307926809,"std_msgs.msg.Header(stamp=builtin_interfaces.msg.Time(sec=1730348265, nanosec=957464014), frame_id='RL_myo')","geometry_msgs.msg.Quaternion(x=-0.38122506828441083, y=-0.5557243430562857, z=0.5841056521744815, w=0.452391963836704)",[0. 0. 0. 0. 0. 0. 0. 0. 0.],"geometry_msgs.msg.Vector3(x=0.375, y=-43.5, z=49.5)",[0. 0. 0. 0. 0. 0. 0. 0. 0.],"geometry_msgs.msg.Vector3(x=0.15673828125, y=0.9345703125, z=-0.455078125)",[0. 0. 0. 0. 0. 0. 0. 0. 0.],False,24.307926809,"[-0.38122506828441083, -0.5557243430562857, 0.5841056521744815, 0.452391963836704]","[0.375, -43.5, 49.5]","[0.15673828125, 0.9345703125, -0.455078125]"
24330307462,"std_msgs.msg.Header(stamp=builtin_interfaces.msg.Time(sec=1730348265, nanosec=979893289), frame_id='RL_myo')","geometry_msgs.msg.Quaternion(x=-0.3808447670454535, y=-0.5486239761172407, z=0.5933610296820351, w=0.44932358573535713)",[0. 0. 0. 0. 0. 0. 0. 0. 0.],"geometry_msgs.msg.Vector3(x=9.0625, y=-33.5625, z=50.3125)",[0. 0. 0. 0. 0. 0. 0. 0. 0.],"geometry_msgs.msg.Vector3(x=0.0927734375, y=0.896484375, z=-0.45263671875)",[0. 0. 0. 0. 0. 0. 0. 0. 0.],False,24.330307462,"[-0.3808447670454535, -0.5486239761172407, 0.5933610296820351, 0.44932358573535713]","[9.0625, -33.5625, 50.3125]","[0.0927734375, 0.896484375, -0.45263671875]"
24345440726,"std_msgs.msg.Header(stamp=builtin_interfaces.msg.Time(sec=1730348265, nanosec=994979983), frame_id='RL_myo')","geometry_msgs.msg.Quaternion(x=-0.38024317327057905, y=-0.5422279857681901, z=0.6020415186422138, w=0.4460380594320051)",[0. 0. 0. 0. 0. 0. 0. 0. 0.],"geometry_msgs.msg.Vector3(x=10.75, y=-29.125, z=49.1875)",[0. 0. 0. 0. 0. 0. 0. 0. 0.],"geometry_msgs.msg.Vector3(x=0.05126953125, y=0.9892578125, z=-0.48583984375)",[0. 0. 0. 0. 0. 0. 0. 0. 0.],False,24.345440726,"[-0.38024317327057905, -0.5422279857681901, 0.6020415186422138, 0.4460380594320051]","[10.75, -29.125, 49.1875]","[0.05126953125, 0.9892578125, -0.48583984375]"
24367842025,"std_msgs.msg.Header(stamp=builtin_interfaces.msg.Time(sec=1730348266, nanosec=17442378), frame_id='RL_myo')","geometry_msgs.msg.Quaternion(x=-0.3807346991924596, y=-0.5357629351573278, z=0.6096760035641999, w=0.4430511672712511)",[0. 0. 0. 0. 0. 0. 0. 0. 0.],"geometry_msgs.msg.Vector3(x=8.25, y=-25.3125, z=45.375)",[0. 0. 0. 0. 0. 0. 0. 0. 0.],"geometry_msgs.msg.Vector3(x=0.11865234375, y=1.02978515625, z=-0.4365234375)",[0. 0. 0. 0. 0. 0. 0. 0. 0.],False,24.367842025,"[-0.3807346991924596, -0.5357629351573278, 0.6096760035641999, 0.4430511672712511]","[8.25, -25.3125, 45.375]","[0.11865234375, 1.02978515625, -0.4365234375]"
24390196238,"std_msgs.msg.Header(stamp=builtin_interfaces.msg.Time(sec=1730348266, nanosec=39956296), frame_id='RL_myo')","geometry_msgs.msg.Quaternion(x=-0.3832266677930969, y=-0.5295229447002562, z=0.6152744128081239, w=0.440658789849683)",[0. 0. 0. 0. 0. 0. 0. 0. 0.],"geometry_msgs.msg.Vector3(x=-5.75, y=-15.4375, z=40.3125)",[0. 0. 0. 0. 0. 0. 0. 0. 0.],"geometry_msgs.msg.Vector3(x=0.15234375, y=0.9814453125, z=-0.43408203125)",[0. 0. 0. 0. 0. 0. 0. 0. 0.],False,24.390196238,"[-0.3832266677930969, -0.5295229447002562, 0.6152744128081239, 0.440658789849683]","[-5.75, -15.4375, 40.3125]","[0.15234375, 0.9814453125, -0.43408203125]"
24405367335,"std_msgs.msg.Header(stamp=builtin_interfaces.msg.Time(sec=1730348266, nanosec=54947627), frame_id='RL_myo')","geometry_msgs.msg.Quaternion(x=-0.3874564345022814, y=-0.523444609686762, z=0.6178062429162086, w=0.44067981365886444)",[0. 0. 0. 0. 0. 0. 0. 0. 0.],"geometry_msgs.msg.Vector3(x=-25.625, y=-7.8125, z=34.25)",[0. 0. 0. 0. 0. 0. 0. 0. 0.],"geometry_msgs.msg.Vector3(x=0.1005859375, y=0.9580078125, z=-0.40234375)",[0. 0. 0. 0. 0. 0. 0. 0. 0.],False,24.405367335,"[-0.3874564345022814, -0.523444609686762, 0.6178062429162086, 0.44067981365886444]","[-25.625, -7.8125, 34.25]","[0.1005859375, 0.9580078125, -0.40234375]"
24427640883,"std_msgs.msg.Header(stamp=builtin_interfaces.msg.Time(sec=1730348266, nanosec=77296001), frame_id='RL_myo')","geometry_msgs.msg.Quaternion(x=-0.38982253215888013, y=-0.5197023424663949, z=0.6209573261600825, w=0.43858849476964346)",[0. 0. 0. 0. 0. 0. 0. 0. 0.],"geometry_msgs.msg.Vector3(x=-6.75, y=-2.75, z=29.5625)",[0. 0. 0. 0. 0. 0. 0. 0. 0.],"geometry_msgs.msg.Vector3(x=0.08056640625, y=0.9130859375, z=-0.3955078125)",[0. 0. 0. 0. 0. 0. 0. 0. 0.],False,24.427640883,"[-0.38982253215888013, -0.5197023424663949, 0.6209573261600825, 0.43858849476964346]","[-6.75, -2.75, 29.5625]","[0.08056640625, 0.9130859375, -0.3955078125]"
24450117164,"std_msgs.msg.Header(stamp=builtin_interfaces.msg.Time(sec=1730348266, nanosec=99822249), frame_id='RL_myo')","geometry_msgs.msg.Quaternion(x=-0.3910019389122218, y=-0.5190572101950568, z=0.6247119645280347, w=0.43293424175841233)",[0. 0. 0. 0. 0. 0. 0. 0. 0.],"geometry_msgs.msg.Vector3(x=21.125, y=9.0, z=22.875)",[0. 0. 0. 0. 0. 0. 0. 0. 0.],"geometry_msgs.msg.Vector3(x=0.1298828125, y=0.90478515625, z=-0.35888671875)",[0. 0. 0. 0. 0. 0. 0. 0. 0.],False,24.450117164,"[-0.3910019389122218, -0.5190572101950568, 0.6247119645280347, 0.43293424175841233]","[21.125, 9.0, 22.875]","[0.1298828125, 0.90478515625, -0.35888671875]"
24465227665,"std_msgs.msg.Header(stamp=builtin_interfaces.msg.Time(sec=1730348266, nanosec=114898848), frame_id='RL_myo')","geometry_msgs.msg.Quaternion(x=-0.3886824987920655, y=-0.5230855864711057, z=0.6294727716775395, w=0.42316830466793187)",[0. 0. 0. 0. 0. 0. 0. 0. 0.],"geometry_msgs.msg.Vector3(x=52.5, y=20.5625, z=15.6875)",[0. 0. 0. 0. 0. 0. 0. 0. 0.],"geometry_msgs.msg.Vector3(x=0.05126953125, y=0.94677734375, z=-0.49609375)",[0. 0. 0. 0. 0. 0. 0. 0. 0.],False,24.465227665,"[-0.3886824987920655, -0.5230855864711057, 0.6294727716775395, 0.42316830466793187]","[52.5, 20.5625, 15.6875]","[0.05126953125, 0.94677734375, -0.49609375]"
24487692388,"std_msgs.msg.Header(stamp=builtin_interfaces.msg.Time(sec=1730348266, nanosec=137397016), frame_id='RL_myo')","geometry_msgs.msg.Quaternion(x=-0.38287156329090444, y=-0.5291720793451525, z=0.6339078680598332, w=0.4141824371898737)",[0. 0. 0. 0. 0. 0. 0. 0. 0.],"geometry_msgs.msg.Vector3(x=77.0625, y=11.875, z=0.5625)",[0. 0. 0. 0. 0. 0. 0. 0. 0.],"geometry_msgs.msg.Vector3(x=0.01416015625, y=1.28173828125, z=-0.45751953125)",[0. 0. 0. 0. 0. 0. 0. 0. 0.],False,24.487692388,"[-0.38287156329090444, -0.5291720793451525, 0.6339078680598332, 0.4141824371898737]","[77.0625, 11.875, 0.5625]","[0.01416015625, 1.28173828125, -0.45751953125]"
24510231346,"std_msgs.msg.Header(stamp=builtin_interfaces.msg.Time(sec=1730348266, nanosec=159919862), frame_id='RL_myo')","geometry_msgs.msg.Quaternion(x=-0.3784906851294199, y=-0.5343182482862348, z=0.635578697670158, w=0.40900920513663)",[0. 0. 0. 0. 0. 0. 0. 0. 0.],"geometry_msgs.msg.Vector3(x=52.75, y=8.9375, z=-10.3125)",[0. 0. 0. 0. 0. 0. 0. 0. 0.],"geometry_msgs.msg.Vector3(x=0.0185546875, y=1.22314453125, z=-0.4189453125)",[0. 0. 0. 0. 0. 0. 0. 0. 0.],False,24.510231346,"[-0.3784906851294199, -0.5343182482862348, 0.635578697670158, 0.40900920513663]","[52.75, 8.9375, -10.3125]","[0.0185546875, 1.22314453125, -0.4189453125]"
24525357077,"std_msgs.msg.Header(stamp=builtin_interfaces.msg.Time(sec=1730348266, nanosec=174983605), frame_id='RL_myo')","geometry_msgs.msg.Quaternion(x=-0.3770745091113072, y=-0.5353994163037207, z=0.6370838015707064, w=0.4065544359324081)",[0. 0. 0. 0. 0. 0. 0. 0. 0.],"geometry_msgs.msg.Vector3(x=12.6875, y=5.1875, z=10.0)",[0. 0. 0. 0. 0. 0. 0. 0. 0.],"geometry_msgs.msg.Vector3(x=-0.06103515625, y=1.04931640625, z=-0.53466796875)",[0. 0. 0. 0. 0. 0. 0. 0. 0.],False,24.525357077,"[-0.3770745091113072, -0.5353994163037207, 0.6370838015707064, 0.4065544359324081]","[12.6875, 5.1875, 10.0]","[-0.06103515625, 1.04931640625, -0.53466796875]"
24547935993,"std_msgs.msg.Header(stamp=builtin_interfaces.msg.Time(sec=1730348266, nanosec=197445139), frame_id='RL_myo')","geometry_msgs.msg.Quaternion(x=-0.3748163143692237, y=-0.535582667088412, z=0.6390370967995069, w=0.40533384525745225)",[0. 0. 0. 0. 0. 0. 0. 0. 0.],"geometry_msgs.msg.Vector3(x=16.0625, y=-5.625, z=9.25)",[0. 0. 0. 0. 0. 0. 0. 0. 0.],"geometry_msgs.msg.Vector3(x=-0.05078125, y=1.0126953125, z=-0.43212890625)",[0. 0. 0. 0. 0. 0. 0. 0. 0.],False,24.547935993,"[-0.3748163143692237, -0.535582667088412, 0.6390370967995069, 0.40533384525745225]","[16.0625, -5.625, 9.25]","[-0.05078125, 1.0126953125, -0.43212890625]"
24573170913,"std_msgs.msg.Header(stamp=builtin_interfaces.msg.Time(sec=1730348266, nanosec=222791877), frame_id='RL_myo')","geometry_msgs.msg.Quaternion(x=-0.3728610776284337, y=-0.5349692822742218, z=0.6409255485637882, w=0.40496533803644746)",[0. 0. 0. 0. 0. 0. 0. 0. 0.],"geometry_msgs.msg.Vector3(x=8.375, y=-9.3125, z=9.5625)",[0. 0. 0. 0. 0. 0. 0. 0. 0.],"geometry_msgs.msg.Vector3(x=-0.041015625, y=0.8837890625, z=-0.41064453125)",[0. 0. 0. 0. 0. 0. 0. 0. 0.],False,24.573170913,"[-0.3728610776284337, -0.5349692822742218, 0.6409255485637882, 0.40496533803644746]","[8.375, -9.3125, 9.5625]","[-0.041015625, 0.8837890625, -0.41064453125]"
24585356357,"std_msgs.msg.Header(stamp=builtin_interfaces.msg.Time(sec=1730348266, nanosec=234954785), frame_id='RL_myo')","geometry_msgs.msg.Quaternion(x=-0.36938574401144614, y=-0.5344252436490784, z=0.644227780575151, w=0.40362655736082176)",[0. 0. 0. 0. 0. 0. 0. 0. 0.],"geometry_msgs.msg.Vector3(x=17.625, y=-13.0, z=15.1875)",[0. 0. 0. 0. 0. 0. 0. 0. 0.],"geometry_msgs.msg.Vector3(x=-0.08154296875, y=0.9150390625, z=-0.46923828125)",[0. 0. 0. 0. 0. 0. 0. 0. 0.],False,24.585356357,"[-0.36938574401144614, -0.5344252436490784, 0.644227780575151, 0.40362655736082176]","[17.625, -13.0, 15.1875]","[-0.08154296875, 0.9150390625, -0.46923828125]"
24607967398,"std_msgs.msg.Header(stamp=builtin_interfaces.msg.Time(sec=1730348266, nanosec=257536244), frame_id='RL_myo')","geometry_msgs.msg.Quaternion(x=-0.3659765682707767, y=-0.5340108398600776, z=0.6477223719962445, w=0.4016830880236793)",[0. 0. 0. 0. 0. 0. 0. 0. 0.],"geometry_msgs.msg.Vector3(x=28.5625, y=-13.0, z=13.75)",[0. 0. 0. 0. 0. 0. 0. 0. 0.],"geometry_msgs.msg.Vector3(x=-0.03759765625, y=0.9521484375, z=-0.369140625)",[0. 0. 0. 0. 0. 0. 0. 0. 0.],False,24.607967398,"[-0.3659765682707767, -0.5340108398600776, 0.6477223719962445, 0.4016830880236793]","[28.5625, -13.0, 13.75]","[-0.03759765625, 0.9521484375, -0.369140625]"
24630376278,"std_msgs.msg.Header(stamp=builtin_interfaces.msg.Time(sec=1730348266, nanosec=280015522), frame_id='RL_myo')","geometry_msgs.msg.Quaternion(x=-0.36341044615818924, y=-0.5334577258015745, z=0.6505254509832014, w=0.4002153670573139)",[0. 0. 0. 0. 0. 0. 0. 0. 0.],"geometry_msgs.msg.Vector3(x=17.8125, y=-10.1875, z=12.4375)",[0. 0. 0. 0. 0. 0. 0. 0. 0.],"geometry_msgs.msg.Vector3(x=-0.0244140625, y=0.90283203125, z=-0.42431640625)",[0. 0. 0. 0. 0. 0. 0. 0. 0.],False,24.630376278,"[-0.36341044615818924, -0.5334577258015745, 0.6505254509832014, 0.4002153670573139]","[17.8125, -10.1875, 12.4375]","[-0.0244140625, 0.90283203125, -0.42431640625]"
24645545336,"std_msgs.msg.Header(stamp=builtin_interfaces.msg.Time(sec=1730348266, nanosec=295049541), frame_id='RL_myo')","geometry_msgs.msg.Quaternion(x=-0.3624334621429503, y=-0.5318701901505, z=0.6529661801962415, w=0.3992383421820542)",[0. 0. 0. 0. 0. 0. 0. 0. 0.],"geometry_msgs.msg.Vector3(x=9.125, y=-7.25, z=17.875)",[0. 0. 0. 0. 0. 0. 0. 0. 0.],"geometry_msgs.msg.Vector3(x=-0.02587890625, y=0.919921875, z=-0.42236328125)",[0. 0. 0. 0. 0. 0. 0. 0. 0.],False,24.645545336,"[-0.3624334621429503, -0.5318701901505, 0.6529661801962415, 0.3992383421820542]","[9.125, -7.25, 17.875]","[-0.02587890625, 0.919921875, -0.42236328125]"
24667992997,"std_msgs.msg.Header(stamp=builtin_interfaces.msg.Time(sec=1730348266, nanosec=317523779), frame_id='RL_myo')","geometry_msgs.msg.Quaternion(x=-0.3626775613457821, y=-0.5291845265681473, z=0.6555296211467014, w=0.3983837837266779)",[0. 0. 0. 0. 0. 0. 0. 0. 0.],"geometry_msgs.msg.Vector3(x=-0.9375, y=-6.5625, z=22.375)",[0. 0. 0. 0. 0. 0. 0. 0. 0.],"geometry_msgs.msg.Vector3(x=0.01953125, y=0.951171875, z=-0.49560546875)",[0. 0. 0. 0. 0. 0. 0. 0. 0.],False,24.667992997,"[-0.3626775613457821, -0.5291845265681473, 0.6555296211467014, 0.3983837837266779]","[-0.9375, -6.5625, 22.375]","[0.01953125, 0.951171875, -0.49560546875]"
24690489388,"std_msgs.msg.Header(stamp=builtin_interfaces.msg.Time(sec=1730348266, nanosec=340001030), frame_id='RL_myo')","geometry_msgs.msg.Quaternion(x=-0.36230474823607145, y=-0.52777108456828, z=0.6576539188415886, w=0.3970947931307077)",[0. 0. 0. 0. 0. 0. 0. 0. 0.],"geometry_msgs.msg.Vector3(x=4.5, y=-4.75, z=14.1875)",[0. 0. 0. 0. 0. 0. 0. 0. 0.],"geometry_msgs.msg.Vector3(x=0.05419921875, y=0.95263671875, z=-0.498046875)",[0. 0. 0. 0. 0. 0. 0. 0. 0.],False,24.690489388,"[-0.36230474823607145, -0.52777108456828, 0.6576539188415886, 0.3970947931307077]","[4.5, -4.75, 14.1875]","[0.05419921875, 0.95263671875, -0.498046875]"
24705420918,"std_msgs.msg.Header(stamp=builtin_interfaces.msg.Time(sec=1730348266, nanosec=354999869), frame_id='RL_myo')","geometry_msgs.msg.Quaternion(x=-0.36163754786947433, y=-0.5267395844917406, z=0.6592484649009607, w=0.3964279955126136)",[0. 0. 0. 0. 0. 0. 0. 0. 0.],"geometry_msgs.msg.Vector3(x=3.125, y=-5.125, z=10.875)",[0. 0. 0. 0. 0. 0. 0. 0. 0.],"geometry_msgs.msg.Vector3(x=0.0234375, y=0.93896484375, z=-0.48486328125)",[0. 0. 0. 0. 0. 0. 0. 0. 0.],False,24.705420918,"[-0.36163754786947433, -0.5267395844917406, 0.6592484649009607, 0.3964279955126136]","[3.125, -5.125, 10.875]","[0.0234375, 0.93896484375, -0.48486328125]"
24727944265,"std_msgs.msg.Header(stamp=builtin_interfaces.msg.Time(sec=1730348266, nanosec=377471287), frame_id='RL_myo')","geometry_msgs.msg.Quaternion(x=-0.3614621737601038, y=-0.5247976646385297, z=0.6606664249880723, w=0.3968027003739336)",[0. 0. 0. 0. 0. 0. 0. 0. 0.],"geometry_msgs.msg.Vector3(x=-3.0, y=-7.3125, z=13.8125)",[0. 0. 0. 0. 0. 0. 0. 0. 0.],"geometry_msgs.msg.Vector3(x=0.01171875, y=0.9853515625, z=-0.48486328125)",[0. 0. 0. 0. 0. 0. 0. 0. 0.],False,24.727944265,"[-0.3614621737601038, -0.5247976646385297, 0.6606664249880723, 0.3968027003739336]","[-3.0, -7.3125, 13.8125]","[0.01171875, 0.9853515625, -0.48486328125]"
24750401893,"std_msgs.msg.Header(stamp=builtin_interfaces.msg.Time(sec=1730348266, nanosec=400069612), frame_id='RL_myo')","geometry_msgs.msg.Quaternion(x=-0.36243807660728566, y=-0.5225993283785079, z=0.6615807194924839, w=0.3972902392450021)",[0. 0. 0. 0. 0. 0. 0. 0. 0.],"geometry_msgs.msg.Vector3(x=-8.25, y=-4.0625, z=13.75)",[0. 0. 0. 0. 0. 0. 0. 0. 0.],"geometry_msgs.msg.Vector3(x=0.046875, y=0.95654296875, z=-0.45751953125)",[0. 0. 0. 0. 0. 0. 0. 0. 0.],False,24.750401893,"[-0.36243807660728566, -0.5225993283785079, 0.6615807194924839, 0.3972902392450021]","[-8.25, -4.0625, 13.75]","[0.046875, 0.95654296875, -0.45751953125]"
24768460812,"std_msgs.msg.Header(stamp=builtin_interfaces.msg.Time(sec=1730348266, nanosec=417959731), frame_id='RL_myo')","geometry_msgs.msg.Quaternion(x=-0.3645601783987049, y=-0.5208700087819434, z=0.6613108208521628, w=0.398068220913503)",[0. 0. 0. 0. 0. 0. 0. 0. 0.],"geometry_msgs.msg.Vector3(x=-14.1875, y=2.4375, z=8.5625)",[0. 0. 0. 0. 0. 0. 0. 0. 0.],"geometry_msgs.msg.Vector3(x=0.072265625, y=0.97607421875, z=-0.4619140625)",[0. 0. 0. 0. 0. 0. 0. 0. 0.],False,24.768460812,"[-0.3645601783987049, -0.5208700087819434, 0.6613108208521628, 0.398068220913503]","[-14.1875, 2.4375, 8.5625]","[0.072265625, 0.97607421875, -0.4619140625]"
24787951885,"std_msgs.msg.Header(stamp=builtin_interfaces.msg.Time(sec=1730348266, nanosec=437490983), frame_id='RL_myo')","geometry_msgs.msg.Quaternion(x=-0.3651698035958848, y=-0.5213572559445174, z=0.6603329609065481, w=0.3984946761954758)",[0. 0. 0. 0. 0. 0. 0. 0. 0.],"geometry_msgs.msg.Vector3(x=-4.75, y=4.8125, z=-2.75)",[0. 0. 0. 0. 0. 0. 0. 0. 0.],"geometry_msgs.msg.Vector3(x=0.05615234375, y=1.04833984375, z=-0.478515625)",[0. 0. 0. 0. 0. 0. 0. 0. 0.],False,24.787951885,"[-0.3651698035958848, -0.5213572559445174, 0.6603329609065481, 0.3984946761954758]","[-4.75, 4.8125, -2.75]","[0.05615234375, 1.04833984375, -0.478515625]"
24805842796,"std_msgs.msg.Header(stamp=builtin_interfaces.msg.Time(sec=1730348266, nanosec=455385737), frame_id='RL_myo')","geometry_msgs.msg.Quaternion(x=-0.3654278518691558, y=-0.5233913194885603, z=0.6579776587856186, w=0.3994864356912685)",[0. 0. 0. 0. 0. 0. 0. 0. 0.],"geometry_msgs.msg.Vector3(x=-3.75, y=6.9375, z=-17.625)",[0. 0. 0. 0. 0. 0. 0. 0. 0.],"geometry_msgs.msg.Vector3(x=0.0966796875, y=1.126953125, z=-0.48486328125)",[0. 0. 0. 0. 0. 0. 0. 0. 0.],False,24.805842796,"[-0.3654278518691558, -0.5233913194885603, 0.6579776587856186, 0.3994864356912685]","[-3.75, 6.9375, -17.625]","[0.0966796875, 1.126953125, -0.48486328125]"
24825389066,"std_msgs.msg.Header(stamp=builtin_interfaces.msg.Time(sec=1730348266, nanosec=474953172), frame_id='RL_myo')","geometry_msgs.msg.Quaternion(x=-0.36499502195380956, y=-0.5269234154727823, z=0.6544275293292218, w=0.4010672724512513)",[0. 0. 0. 0. 0. 0. 0. 0. 0.],"geometry_msgs.msg.Vector3(x=-2.75, y=8.75, z=-28.75)",[0. 0. 0. 0. 0. 0. 0. 0. 0.],"geometry_msgs.msg.Vector3(x=0.078125, y=1.1728515625, z=-0.490234375)",[0. 0. 0. 0. 0. 0. 0. 0. 0.],False,24.825389066,"[-0.36499502195380956, -0.5269234154727823, 0.6544275293292218, 0.4010672724512513]","[-2.75, 8.75, -28.75]","[0.078125, 1.1728515625, -0.490234375]"
24847903155,"std_msgs.msg.Header(stamp=builtin_interfaces.msg.Time(sec=1730348266, nanosec=497490958), frame_id='RL_myo')","geometry_msgs.msg.Quaternion(x=-0.36402463337560426, y=-0.5312659974683533, z=0.6498608771881386, w=0.40363764260779195)",[0. 0. 0. 0. 0. 0. 0. 0. 0.],"geometry_msgs.msg.Vector3(x=-5.5625, y=8.8125, z=-35.5625)",[0. 0. 0. 0. 0. 0. 0. 0. 0.],"geometry_msgs.msg.Vector3(x=0.0244140625, y=1.158203125, z=-0.47900390625)",[0. 0. 0. 0. 0. 0. 0. 0. 0.],False,24.847903155,"[-0.36402463337560426, -0.5312659974683533, 0.6498608771881386, 0.40363764260779195]","[-5.5625, 8.8125, -35.5625]","[0.0244140625, 1.158203125, -0.47900390625]"
24870461234,"std_msgs.msg.Header(stamp=builtin_interfaces.msg.Time(sec=1730348266, nanosec=520114842), frame_id='RL_myo')","geometry_msgs.msg.Quaternion(x=-0.36242538539802016, y=-0.5358866426060318, z=0.6448950188810173, w=0.4069198458148535)",[0. 0. 0. 0. 0. 0. 0. 0. 0.],"geometry_msgs.msg.Vector3(x=-9.25, y=6.25, z=-39.875)",[0. 0. 0. 0. 0. 0. 0. 0. 0.],"geometry_msgs.msg.Vector3(x=-0.00927734375, y=1.1435546875, z=-0.5087890625)",[0. 0. 0. 0. 0. 0. 0. 0. 0.],False,24.870461234,"[-0.36242538539802016, -0.5358866426060318, 0.6448950188810173, 0.4069198458148535]","[-9.25, 6.25, -39.875]","[-0.00927734375, 1.1435546875, -0.5087890625]"
24885479469,"std_msgs.msg.Header(stamp=builtin_interfaces.msg.Time(sec=1730348266, nanosec=535002912), frame_id='RL_myo')","geometry_msgs.msg.Quaternion(x=-0.3605438967377705, y=-0.5406632533101694, z=0.6392985905588976, w=0.41108229973402477)",[0. 0. 0. 0. 0. 0. 0. 0. 0.],"geometry_msgs.msg.Vector3(x=-11.9375, y=3.0625, z=-47.625)",[0. 0. 0. 0. 0. 0. 0. 0. 0.],"geometry_msgs.msg.Vector3(x=0.01953125, y=1.09423828125, z=-0.46826171875)",[0. 0. 0. 0. 0. 0. 0. 0. 0.],False,24.885479469,"[-0.3605438967377705, -0.5406632533101694, 0.6392985905588976, 0.41108229973402477]","[-11.9375, 3.0625, -47.625]","[0.01953125, 1.09423828125, -0.46826171875]"
24931843349,"std_msgs.msg.Header(stamp=builtin_interfaces.msg.Time(sec=1730348266, nanosec=581355256), frame_id='RL_myo')","geometry_msgs.msg.Quaternion(x=-0.35939025097046995, y=-0.5495228310949628, z=0.6271628445518986, w=0.41896309148459676)",[0. 0. 0. 0. 0. 0. 0. 0. 0.],"geometry_msgs.msg.Vector3(x=-15.125, y=9.0625, z=-45.5)",[0. 0. 0. 0. 0. 0. 0. 0. 0.],"geometry_msgs.msg.Vector3(x=0.0205078125, y=0.9287109375, z=-0.32373046875)",[0. 0. 0. 0. 0. 0. 0. 0. 0.],False,24.931843349,"[-0.35939025097046995, -0.5495228310949628, 0.6271628445518986, 0.41896309148459676]","[-15.125, 9.0625, -45.5]","[0.0205078125, 0.9287109375, -0.32373046875]"
24945562498,"std_msgs.msg.Header(stamp=builtin_interfaces.msg.Time(sec=1730348266, nanosec=595074194), frame_id='RL_myo')","geometry_msgs.msg.Quaternion(x=-0.3582827137760563, y=-0.5541479997227965, z=0.6211657884325256, w=0.4227369805132821)",[0. 0. 0. 0. 0. 0. 0. 0. 0.],"geometry_msgs.msg.Vector3(x=-11.4375, y=9.25, z=-42.3125)",[0. 0. 0. 0. 0. 0. 0. 0. 0.],"geometry_msgs.msg.Vector3(x=-0.07861328125, y=0.8837890625, z=-0.31591796875)",[0. 0. 0. 0. 0. 0. 0. 0. 0.],False,24.945562498,"[-0.3582827137760563, -0.5541479997227965, 0.6211657884325256, 0.4227369805132821]","[-11.4375, 9.25, -42.3125]","[-0.07861328125, 0.8837890625, -0.31591796875]"
24967970285,"std_msgs.msg.Header(stamp=builtin_interfaces.msg.Time(sec=1730348266, nanosec=617529968), frame_id='RL_myo')","geometry_msgs.msg.Quaternion(x=-0.356509708434602, y=-0.5587821230472148, z=0.6159726035819215, w=0.4257242280998714)",[0. 0. 0. 0. 0. 0. 0. 0. 0.],"geometry_msgs.msg.Vector3(x=-5.6875, y=7.6875, z=-39.875)",[0. 0. 0. 0. 0. 0. 0. 0. 0.],"geometry_msgs.msg.Vector3(x=-0.0859375, y=0.82177734375, z=-0.30615234375)",[0. 0. 0. 0. 0. 0. 0. 0. 0.],False,24.967970285,"[-0.356509708434602, -0.5587821230472148, 0.6159726035819215, 0.4257242280998714]","[-5.6875, 7.6875, -39.875]","[-0.0859375, 0.82177734375, -0.30615234375]"
24990428957,"std_msgs.msg.Header(stamp=builtin_interfaces.msg.Time(sec=1730348266, nanosec=639972779), frame_id='RL_myo')","geometry_msgs.msg.Quaternion(x=-0.3546174884625462, y=-0.5634816959528789, z=0.611883015806717, w=0.4270058432502536)",[0. 0. 0. 0. 0. 0. 0. 0. 0.],"geometry_msgs.msg.Vector3(x=2.875, y=10.375, z=-33.75)",[0. 0. 0. 0. 0. 0. 0. 0. 0.],"geometry_msgs.msg.Vector3(x=-0.09228515625, y=0.77587890625, z=-0.29345703125)",[0. 0. 0. 0. 0. 0. 0. 0. 0.],False,24.990428957,"[-0.3546174884625462, -0.5634816959528789, 0.611883015806717, 0.4270058432502536]","[2.875, 10.375, -33.75]","[-0.09228515625, 0.77587890625, -0.29345703125]"
25005622336,"std_msgs.msg.Header(stamp=builtin_interfaces.msg.Time(sec=1730348266, nanosec=655107471), frame_id='RL_myo')","geometry_msgs.msg.Quaternion(x=-0.3520576136631343, y=-0.5686755871184851, z=0.6091426810606935, w=0.4261557313793349)",[0. 0. 0. 0. 0. 0. 0. 0. 0.],"geometry_msgs.msg.Vector3(x=14.625, y=13.875, z=-27.1875)",[0. 0. 0. 0. 0. 0. 0. 0. 0.],"geometry_msgs.msg.Vector3(x=-0.11083984375, y=0.7255859375, z=-0.31787109375)",[0. 0. 0. 0. 0. 0. 0. 0. 0.],False,25.005622336,"[-0.3520576136631343, -0.5686755871184851, 0.6091426810606935, 0.4261557313793349]","[14.625, 13.875, -27.1875]","[-0.11083984375, 0.7255859375, -0.31787109375]"
25027874679,"std_msgs.msg.Header(stamp=builtin_interfaces.msg.Time(sec=1730348266, nanosec=677434207), frame_id='RL_myo')","geometry_msgs.msg.Quaternion(x=-0.34911879890376313, y=-0.574214975539616, z=0.6076009865536647, w=0.42333706104833935)",[0. 0. 0. 0. 0. 0. 0. 0. 0.],"geometry_msgs.msg.Vector3(x=24.3125, y=17.125, z=-21.4375)",[0. 0. 0. 0. 0. 0. 0. 0. 0.],"geometry_msgs.msg.Vector3(x=-0.1162109375, y=0.70458984375, z=-0.34423828125)",[0. 0. 0. 0. 0. 0. 0. 0. 0.],False,25.027874679,"[-0.34911879890376313, -0.574214975539616, 0.6076009865536647, 0.42333706104833935]","[24.3125, 17.125, -21.4375]","[-0.1162109375, 0.70458984375, -0.34423828125]"
25050450020,"std_msgs.msg.Header(stamp=builtin_interfaces.msg.Time(sec=1730348266, nanosec=699988465), frame_id='RL_myo')","geometry_msgs.msg.Quaternion(x=-0.3462044396803569, y=-0.5796116641757174, z=0.6072616308850266, w=0.41883901006463486)",[0. 0. 0. 0. 0. 0. 0. 0. 0.],"geometry_msgs.msg.Vector3(x=32.875, y=20.0, z=-14.1875)",[0. 0. 0. 0. 0. 0. 0. 0. 0.],"geometry_msgs.msg.Vector3(x=-0.11376953125, y=0.6962890625, z=-0.34912109375)",[0. 0. 0. 0. 0. 0. 0. 0. 0.],False,25.05045002,"[-0.3462044396803569, -0.5796116641757174, 0.6072616308850266, 0.41883901006463486]","[32.875, 20.0, -14.1875]","[-0.11376953125, 0.6962890625, -0.34912109375]"
25065372946,"std_msgs.msg.Header(stamp=builtin_interfaces.msg.Time(sec=1730348266, nanosec=714918390), frame_id='RL_myo')","geometry_msgs.msg.Quaternion(x=-0.3431968007877917, y=-0.5850763884673255, z=0.6070487961293572, w=0.41399678103211646)",[0. 0. 0. 0. 0. 0. 0. 0. 0.],"geometry_msgs.msg.Vector3(x=34.8125, y=21.625, z=-11.625)",[0. 0. 0. 0. 0. 0. 0. 0. 0.],"geometry_msgs.msg.Vector3(x=-0.14404296875, y=0.751953125, z=-0.388671875)",[0. 0. 0. 0. 0. 0. 0. 0. 0.],False,25.065372946,"[-0.3431968007877917, -0.5850763884673255, 0.6070487961293572, 0.41399678103211646]","[34.8125, 21.625, -11.625]","[-0.14404296875, 0.751953125, -0.388671875]"
25088070646,"std_msgs.msg.Header(stamp=builtin_interfaces.msg.Time(sec=1730348266, nanosec=737522405), frame_id='RL_myo')","geometry_msgs.msg.Quaternion(x=-0.33990357526656934, y=-0.5902078600875786, z=0.6067483285553898, w=0.409849615355542)",[0. 0. 0. 0. 0. 0. 0. 0. 0.],"geometry_msgs.msg.Vector3(x=30.625, y=19.0625, z=-9.6875)",[0. 0. 0. 0. 0. 0. 0. 0. 0.],"geometry_msgs.msg.Vector3(x=-0.20068359375, y=0.771484375, z=-0.4365234375)",[0. 0. 0. 0. 0. 0. 0. 0. 0.],False,25.088070646,"[-0.33990357526656934, -0.5902078600875786, 0.6067483285553898, 0.409849615355542]","[30.625, 19.0625, -9.6875]","[-0.20068359375, 0.771484375, -0.4365234375]"
25110517784,"std_msgs.msg.Header(stamp=builtin_interfaces.msg.Time(sec=1730348266, nanosec=760010651), frame_id='RL_myo')","geometry_msgs.msg.Quaternion(x=-0.3375767456794581, y=-0.594100893589558, z=0.6063076101210878, w=0.4067888284132324)",[0. 0. 0. 0. 0. 0. 0. 0. 0.],"geometry_msgs.msg.Vector3(x=19.625, y=15.1875, z=-7.8125)",[0. 0. 0. 0. 0. 0. 0. 0. 0.],"geometry_msgs.msg.Vector3(x=-0.17529296875, y=0.80322265625, z=-0.482421875)",[0. 0. 0. 0. 0. 0. 0. 0. 0.],False,25.110517784,"[-0.3375767456794581, -0.594100893589558, 0.6063076101210878, 0.4067888284132324]","[19.625, 15.1875, -7.8125]","[-0.17529296875, 0.80322265625, -0.482421875]"
25125461270,"std_msgs.msg.Header(stamp=builtin_interfaces.msg.Time(sec=1730348266, nanosec=774992955), frame_id='RL_myo')","geometry_msgs.msg.Quaternion(x=-0.33740681470927436, y=-0.5962603424194829, z=0.6055378091046872, w=0.40491259203714297)",[0. 0. 0. 0. 0. 0. 0. 0. 0.],"geometry_msgs.msg.Vector3(x=5.4375, y=13.5, z=-3.1875)",[0. 0. 0. 0. 0. 0. 0. 0. 0.],"geometry_msgs.msg.Vector3(x=-0.123046875, y=0.81591796875, z=-0.4697265625)",[0. 0. 0. 0. 0. 0. 0. 0. 0.],False,25.12546127,"[-0.33740681470927436, -0.5962603424194829, 0.6055378091046872, 0.40491259203714297]","[5.4375, 13.5, -3.1875]","[-0.123046875, 0.81591796875, -0.4697265625]"
25147891035,"std_msgs.msg.Header(stamp=builtin_interfaces.msg.Time(sec=1730348266, nanosec=797480487), frame_id='RL_myo')","geometry_msgs.msg.Quaternion(x=-0.338188545380007, y=-0.5976434283272024, z=0.6041130160929993, w=0.40434923536230755)",[0. 0. 0. 0. 0. 0. 0. 0. 0.],"geometry_msgs.msg.Vector3(x=-6.875, y=13.25, z=-0.8125)",[0. 0. 0. 0. 0. 0. 0. 0. 0.],"geometry_msgs.msg.Vector3(x=-0.16845703125, y=0.81201171875, z=-0.49267578125)",[0. 0. 0. 0. 0. 0. 0. 0. 0.],False,25.147891035,"[-0.338188545380007, -0.5976434283272024, 0.6041130160929993, 0.40434923536230755]","[-6.875, 13.25, -0.8125]","[-0.16845703125, 0.81201171875, -0.49267578125]"
25170457476,"std_msgs.msg.Header(stamp=builtin_interfaces.msg.Time(sec=1730348266, nanosec=820040311), frame_id='RL_myo')","geometry_msgs.msg.Quaternion(x=-0.3394208852237388, y=-0.5985184679920846, z=0.6030351278565976, w=0.4036306984327611)",[0. 0. 0. 0. 0. 0. 0. 0. 0.],"geometry_msgs.msg.Vector3(x=-7.4375, y=13.375, z=3.25)",[0. 0. 0. 0. 0. 0. 0. 0. 0.],"geometry_msgs.msg.Vector3(x=-0.15771484375, y=0.79296875, z=-0.47021484375)",[0. 0. 0. 0. 0. 0. 0. 0. 0.],False,25.170457476,"[-0.3394208852237388, -0.5985184679920846, 0.6030351278565976, 0.4036306984327611]","[-7.4375, 13.375, 3.25]","[-0.15771484375, 0.79296875, -0.47021484375]"
25185303712,"std_msgs.msg.Header(stamp=builtin_interfaces.msg.Time(sec=1730348266, nanosec=834916213), frame_id='RL_myo')","geometry_msgs.msg.Quaternion(x=-0.3412000243654857, y=-0.5990837637114923, z=0.602318754997963, w=0.4023596709512132)",[0. 0. 0. 0. 0. 0. 0. 0. 0.],"geometry_msgs.msg.Vector3(x=-5.5625, y=14.375, z=5.5)",[0. 0. 0. 0. 0. 0. 0. 0. 0.],"geometry_msgs.msg.Vector3(x=-0.115234375, y=0.8046875, z=-0.453125)",[0. 0. 0. 0. 0. 0. 0. 0. 0.],False,25.185303712,"[-0.3412000243654857, -0.5990837637114923, 0.602318754997963, 0.4023596709512132]","[-5.5625, 14.375, 5.5]","[-0.115234375, 0.8046875, -0.453125]"
25207878752,"std_msgs.msg.Header(stamp=builtin_interfaces.msg.Time(sec=1730348266, nanosec=857423421), frame_id='RL_myo')","geometry_msgs.msg.Quaternion(x=-0.3423506991807843, y=-0.5998614140753696, z=0.6017535288328316, w=0.40106729262202423)",[0. 0. 0. 0. 0. 0. 0. 0. 0.],"geometry_msgs.msg.Vector3(x=-2.375, y=13.9375, z=6.0)",[0. 0. 0. 0. 0. 0. 0. 0. 0.],"geometry_msgs.msg.Vector3(x=-0.15185546875, y=0.841796875, z=-0.4697265625)",[0. 0. 0. 0. 0. 0. 0. 0. 0.],False,25.207878752,"[-0.3423506991807843, -0.5998614140753696, 0.6017535288328316, 0.40106729262202423]","[-2.375, 13.9375, 6.0]","[-0.15185546875, 0.841796875, -0.4697265625]"
25225845635,"std_msgs.msg.Header(stamp=builtin_interfaces.msg.Time(sec=1730348266, nanosec=875450168), frame_id='RL_myo')","geometry_msgs.msg.Quaternion(x=-0.3438026680219945, y=-0.6002661530261524, z=0.6013037254309764, w=0.39989261155336553)",[0. 0. 0. 0. 0. 0. 0. 0. 0.],"geometry_msgs.msg.Vector3(x=-4.5, y=12.625, z=7.1875)",[0. 0. 0. 0. 0. 0. 0. 0. 0.],"geometry_msgs.msg.Vector3(x=-0.134765625, y=0.861328125, z=-0.47998046875)",[0. 0. 0. 0. 0. 0. 0. 0. 0.],False,25.225845635,"[-0.3438026680219945, -0.6002661530261524, 0.6013037254309764, 0.39989261155336553]","[-4.5, 12.625, 7.1875]","[-0.134765625, 0.861328125, -0.47998046875]"
25246836239,"std_msgs.msg.Header(stamp=builtin_interfaces.msg.Time(sec=1730348266, nanosec=896380412), frame_id='RL_myo')","geometry_msgs.msg.Quaternion(x=-0.3459411442060145, y=-0.6002091058789603, z=0.6011856510990197, w=0.39830838163169563)",[0. 0. 0. 0. 0. 0. 0. 0. 0.],"geometry_msgs.msg.Vector3(x=-4.5, y=13.8125, z=9.6875)",[0. 0. 0. 0. 0. 0. 0. 0. 0.],"geometry_msgs.msg.Vector3(x=-0.091796875, y=0.87939453125, z=-0.46533203125)",[0. 0. 0. 0. 0. 0. 0. 0. 0.],False,25.246836239,"[-0.3459411442060145, -0.6002091058789603, 0.6011856510990197, 0.39830838163169563]","[-4.5, 13.8125, 9.6875]","[-0.091796875, 0.87939453125, -0.46533203125]"
25267778376,"std_msgs.msg.Header(stamp=builtin_interfaces.msg.Time(sec=1730348266, nanosec=917465569), frame_id='RL_myo')","geometry_msgs.msg.Quaternion(x=-0.3474183592883779, y=-0.60041363322554, z=0.6014512495480808, w=0.3963083989563313)",[0. 0. 0. 0. 0. 0. 0. 0. 0.],"geometry_msgs.msg.Vector3(x=-1.25, y=13.375, z=11.375)",[0. 0. 0. 0. 0. 0. 0. 0. 0.],"geometry_msgs.msg.Vector3(x=-0.1181640625, y=0.8681640625, z=-0.49658203125)",[0. 0. 0. 0. 0. 0. 0. 0. 0.],False,25.267778376,"[-0.3474183592883779, -0.60041363322554, 0.6014512495480808, 0.3963083989563313]","[-1.25, 13.375, 11.375]","[-0.1181640625, 0.8681640625, -0.49658203125]"
25285677244,"std_msgs.msg.Header(stamp=builtin_interfaces.msg.Time(sec=1730348266, nanosec=935261602), frame_id='RL_myo')","geometry_msgs.msg.Quaternion(x=-0.3481462010715486, y=-0.6007108890158102, z=0.6024198815876901, w=0.3937396814713464)",[0. 0. 0. 0. 0. 0. 0. 0. 0.],"geometry_msgs.msg.Vector3(x=5.0, y=11.75, z=13.0)",[0. 0. 0. 0. 0. 0. 0. 0. 0.],"geometry_msgs.msg.Vector3(x=-0.11376953125, y=0.85205078125, z=-0.49560546875)",[0. 0. 0. 0. 0. 0. 0. 0. 0.],False,25.285677244,"[-0.3481462010715486, -0.6007108890158102, 0.6024198815876901, 0.3937396814713464]","[5.0, 11.75, 13.0]","[-0.11376953125, 0.85205078125, -0.49560546875]"
25306773566,"std_msgs.msg.Header(stamp=builtin_interfaces.msg.Time(sec=1730348266, nanosec=956409069), frame_id='RL_myo')","geometry_msgs.msg.Quaternion(x=-0.34967080485192564, y=-0.6003424745197312, z=0.6034552710020926, w=0.39135786362551006)",[0. 0. 0. 0. 0. 0. 0. 0. 0.],"geometry_msgs.msg.Vector3(x=2.0625, y=10.8125, z=13.5625)",[0. 0. 0. 0. 0. 0. 0. 0. 0.],"geometry_msgs.msg.Vector3(x=-0.0625, y=0.8994140625, z=-0.4921875)",[0. 0. 0. 0. 0. 0. 0. 0. 0.],False,25.306773566,"[-0.34967080485192564, -0.6003424745197312, 0.6034552710020926, 0.39135786362551006]","[2.0625, 10.8125, 13.5625]","[-0.0625, 0.8994140625, -0.4921875]"
25327911385,"std_msgs.msg.Header(stamp=builtin_interfaces.msg.Time(sec=1730348266, nanosec=977495872), frame_id='RL_myo')","geometry_msgs.msg.Quaternion(x=-0.3514438991655777, y=-0.5999815089957674, z=0.6038877975589139, w=0.38965228417385345)",[0. 0. 0. 0. 0. 0. 0. 0. 0.],"geometry_msgs.msg.Vector3(x=-2.875, y=11.0, z=11.625)",[0. 0. 0. 0. 0. 0. 0. 0. 0.],"geometry_msgs.msg.Vector3(x=-0.06396484375, y=0.904296875, z=-0.501953125)",[0. 0. 0. 0. 0. 0. 0. 0. 0.],False,25.327911385,"[-0.3514438991655777, -0.5999815089957674, 0.6038877975589139, 0.38965228417385345]","[-2.875, 11.0, 11.625]","[-0.06396484375, 0.904296875, -0.501953125]"
25345585388,"std_msgs.msg.Header(stamp=builtin_interfaces.msg.Time(sec=1730348266, nanosec=995223255), frame_id='RL_myo')","geometry_msgs.msg.Quaternion(x=-0.3533215818669646, y=-0.5990415142553562, z=0.6041683086718056, w=0.38896500971465975)",[0. 0. 0. 0. 0. 0. 0. 0. 0.],"geometry_msgs.msg.Vector3(x=-7.5, y=7.625, z=13.0625)",[0. 0. 0. 0. 0. 0. 0. 0. 0.],"geometry_msgs.msg.Vector3(x=-0.09228515625, y=0.912109375, z=-0.4892578125)",[0. 0. 0. 0. 0. 0. 0. 0. 0.],False,25.345585388,"[-0.3533215818669646, -0.5990415142553562, 0.6041683086718056, 0.38896500971465975]","[-7.5, 7.625, 13.0625]","[-0.09228515625, 0.912109375, -0.4892578125]"
25366600920,"std_msgs.msg.Header(stamp=builtin_interfaces.msg.Time(sec=1730348267, nanosec=16296116), frame_id='RL_myo')","geometry_msgs.msg.Quaternion(x=-0.35521932483530827, y=-0.5975863246499147, z=0.6041780234612915, w=0.3894595381055158)",[0. 0. 0. 0. 0. 0. 0. 0. 0.],"geometry_msgs.msg.Vector3(x=-12.5, y=3.0, z=11.375)",[0. 0. 0. 0. 0. 0. 0. 0. 0.],"geometry_msgs.msg.Vector3(x=-0.08642578125, y=0.9033203125, z=-0.470703125)",[0. 0. 0. 0. 0. 0. 0. 0. 0.],False,25.36660092,"[-0.35521932483530827, -0.5975863246499147, 0.6041780234612915, 0.3894595381055158]","[-12.5, 3.0, 11.375]","[-0.08642578125, 0.9033203125, -0.470703125]"
25387901737,"std_msgs.msg.Header(stamp=builtin_interfaces.msg.Time(sec=1730348267, nanosec=37459541), frame_id='RL_myo')","geometry_msgs.msg.Quaternion(x=-0.35729269778212036, y=-0.5958743779376223, z=0.604174994080152, w=0.3901899926411164)",[0. 0. 0. 0. 0. 0. 0. 0. 0.],"geometry_msgs.msg.Vector3(x=-16.4375, y=1.4375, z=10.6875)",[0. 0. 0. 0. 0. 0. 0. 0. 0.],"geometry_msgs.msg.Vector3(x=-0.0595703125, y=0.90478515625, z=-0.49462890625)",[0. 0. 0. 0. 0. 0. 0. 0. 0.],False,25.387901737,"[-0.35729269778212036, -0.5958743779376223, 0.604174994080152, 0.3901899926411164]","[-16.4375, 1.4375, 10.6875]","[-0.0595703125, 0.90478515625, -0.49462890625]"
25405640848,"std_msgs.msg.Header(stamp=builtin_interfaces.msg.Time(sec=1730348267, nanosec=55255801), frame_id='RL_myo')","geometry_msgs.msg.Quaternion(x=-0.36022906209027217, y=-0.593444115673283, z=0.6048576762647573, w=0.39013625294493726)",[0. 0. 0. 0. 0. 0. 0. 0. 0.],"geometry_msgs.msg.Vector3(x=-15.4375, y=2.625, z=15.625)",[0. 0. 0. 0. 0. 0. 0. 0. 0.],"geometry_msgs.msg.Vector3(x=-0.00048828125, y=0.86083984375, z=-0.45263671875)",[0. 0. 0. 0. 0. 0. 0. 0. 0.],False,25.405640848,"[-0.36022906209027217, -0.593444115673283, 0.6048576762647573, 0.39013625294493726]","[-15.4375, 2.625, 15.625]","[-0.00048828125, 0.86083984375, -0.45263671875]"
25426735452,"std_msgs.msg.Header(stamp=builtin_interfaces.msg.Time(sec=1730348267, nanosec=76367011), frame_id='RL_myo')","geometry_msgs.msg.Quaternion(x=-0.36371755678056544, y=-0.5912012510448996, z=0.605666943435736, w=0.3890477776337178)",[0. 0. 0. 0. 0. 0. 0. 0. 0.],"geometry_msgs.msg.Vector3(x=-12.1875, y=8.3125, z=18.875)",[0. 0. 0. 0. 0. 0. 0. 0. 0.],"geometry_msgs.msg.Vector3(x=0.00732421875, y=0.88037109375, z=-0.44091796875)",[0. 0. 0. 0. 0. 0. 0. 0. 0.],False,25.426735452,"[-0.36371755678056544, -0.5912012510448996, 0.605666943435736, 0.3890477776337178]","[-12.1875, 8.3125, 18.875]","[0.00732421875, 0.88037109375, -0.44091796875]"
25448021043,"std_msgs.msg.Header(stamp=builtin_interfaces.msg.Time(sec=1730348267, nanosec=97491959), frame_id='RL_myo')","geometry_msgs.msg.Quaternion(x=-0.36590582782936937, y=-0.5900269620728129, z=0.6067505979068826, w=0.38708503087470564)",[0. 0. 0. 0. 0. 0. 0. 0. 0.],"geometry_msgs.msg.Vector3(x=-2.6875, y=10.125, z=18.3125)",[0. 0. 0. 0. 0. 0. 0. 0. 0.],"geometry_msgs.msg.Vector3(x=-0.0380859375, y=0.85400390625, z=-0.44287109375)",[0. 0. 0. 0. 0. 0. 0. 0. 0.],False,25.448021043,"[-0.36590582782936937, -0.5900269620728129, 0.6067505979068826, 0.38708503087470564]","[-2.6875, 10.125, 18.3125]","[-0.0380859375, 0.85400390625, -0.44287109375]"
25465504721,"std_msgs.msg.Header(stamp=builtin_interfaces.msg.Time(sec=1730348267, nanosec=115212028), frame_id='RL_myo')","geometry_msgs.msg.Quaternion(x=-0.3675533864270369, y=-0.5892939133100368, z=0.6085199705542275, w=0.3838497587578272)",[0. 0. 0. 0. 0. 0. 0. 0. 0.],"geometry_msgs.msg.Vector3(x=3.125, y=11.0, z=18.5)",[0. 0. 0. 0. 0. 0. 0. 0. 0.],"geometry_msgs.msg.Vector3(x=-0.00048828125, y=0.87060546875, z=-0.49658203125)",[0. 0. 0. 0. 0. 0. 0. 0. 0.],False,25.465504721,"[-0.3675533864270369, -0.5892939133100368, 0.6085199705542275, 0.3838497587578272]","[3.125, 11.0, 18.5]","[-0.00048828125, 0.87060546875, -0.49658203125]"
25486860512,"std_msgs.msg.Header(stamp=builtin_interfaces.msg.Time(sec=1730348267, nanosec=136460848), frame_id='RL_myo')","geometry_msgs.msg.Quaternion(x=-0.3697491184238067, y=-0.5884980191222093, z=0.6104095301017647, w=0.37994193829451905)",[0. 0. 0. 0. 0. 0. 0. 0. 0.],"geometry_msgs.msg.Vector3(x=5.0, y=14.375, z=20.625)",[0. 0. 0. 0. 0. 0. 0. 0. 0.],"geometry_msgs.msg.Vector3(x=0.02978515625, y=0.87646484375, z=-0.4833984375)",[0. 0. 0. 0. 0. 0. 0. 0. 0.],False,25.486860512,"[-0.3697491184238067, -0.5884980191222093, 0.6104095301017647, 0.37994193829451905]","[5.0, 14.375, 20.625]","[0.02978515625, 0.87646484375, -0.4833984375]"
25508060159,"std_msgs.msg.Header(stamp=builtin_interfaces.msg.Time(sec=1730348267, nanosec=157572068), frame_id='RL_myo')","geometry_msgs.msg.Quaternion(x=-0.3731736483216564, y=-0.5870435311674339, z=0.6117630809826565, w=0.37665269607342844)",[0. 0. 0. 0. 0. 0. 0. 0. 0.],"geometry_msgs.msg.Vector3(x=-1.6875, y=16.3125, z=23.1875)",[0. 0. 0. 0. 0. 0. 0. 0. 0.],"geometry_msgs.msg.Vector3(x=0.0322265625, y=0.89306640625, z=-0.458984375)",[0. 0. 0. 0. 0. 0. 0. 0. 0.],False,25.508060159,"[-0.3731736483216564, -0.5870435311674339, 0.6117630809826565, 0.37665269607342844]","[-1.6875, 16.3125, 23.1875]","[0.0322265625, 0.89306640625, -0.458984375]"
25525912669,"std_msgs.msg.Header(stamp=builtin_interfaces.msg.Time(sec=1730348267, nanosec=175457235), frame_id='RL_myo')","geometry_msgs.msg.Quaternion(x=-0.37701392209589624, y=-0.5848995330168324, z=0.613036722281234, w=0.37408423644580674)",[0. 0. 0. 0. 0. 0. 0. 0. 0.],"geometry_msgs.msg.Vector3(x=-6.875, y=15.25, z=26.625)",[0. 0. 0. 0. 0. 0. 0. 0. 0.],"geometry_msgs.msg.Vector3(x=0.0048828125, y=0.87451171875, z=-0.443359375)",[0. 0. 0. 0. 0. 0. 0. 0. 0.],False,25.525912669,"[-0.37701392209589624, -0.5848995330168324, 0.613036722281234, 0.37408423644580674]","[-6.875, 15.25, 26.625]","[0.0048828125, 0.87451171875, -0.443359375]"
25546796210,"std_msgs.msg.Header(stamp=builtin_interfaces.msg.Time(sec=1730348267, nanosec=196321705), frame_id='RL_myo')","geometry_msgs.msg.Quaternion(x=-0.3810983841462594, y=-0.5829999624223366, z=0.6140664386443812, w=0.37121082196949867)",[0. 0. 0. 0. 0. 0. 0. 0. 0.],"geometry_msgs.msg.Vector3(x=-9.625, y=18.0625, z=24.75)",[0. 0. 0. 0. 0. 0. 0. 0. 0.],"geometry_msgs.msg.Vector3(x=0.0380859375, y=0.8876953125, z=-0.49072265625)",[0. 0. 0. 0. 0. 0. 0. 0. 0.],False,25.54679621,"[-0.3810983841462594, -0.5829999624223366, 0.6140664386443812, 0.37121082196949867]","[-9.625, 18.0625, 24.75]","[0.0380859375, 0.8876953125, -0.49072265625]"
25567837073,"std_msgs.msg.Header(stamp=builtin_interfaces.msg.Time(sec=1730348267, nanosec=217418733), frame_id='RL_myo')","geometry_msgs.msg.Quaternion(x=-0.3849579158606666, y=-0.5813737353056682, z=0.6148828356398216, w=0.36841699383779664)",[0. 0. 0. 0. 0. 0. 0. 0. 0.],"geometry_msgs.msg.Vector3(x=-7.75, y=18.0, z=23.125)",[0. 0. 0. 0. 0. 0. 0. 0. 0.],"geometry_msgs.msg.Vector3(x=0.03564453125, y=0.87548828125, z=-0.462890625)",[0. 0. 0. 0. 0. 0. 0. 0. 0.],False,25.567837073,"[-0.3849579158606666, -0.5813737353056682, 0.6148828356398216, 0.36841699383779664]","[-7.75, 18.0, 23.125]","[0.03564453125, 0.87548828125, -0.462890625]"
25585650575,"std_msgs.msg.Header(stamp=builtin_interfaces.msg.Time(sec=1730348267, nanosec=235296594), frame_id='RL_myo')","geometry_msgs.msg.Quaternion(x=-0.38928002519381266, y=-0.5789762180916442, z=0.6155971047514573, w=0.3664530058425292)",[0. 0. 0. 0. 0. 0. 0. 0. 0.],"geometry_msgs.msg.Vector3(x=-12.75, y=15.875, z=25.875)",[0. 0. 0. 0. 0. 0. 0. 0. 0.],"geometry_msgs.msg.Vector3(x=0.02734375, y=0.8466796875, z=-0.4267578125)",[0. 0. 0. 0. 0. 0. 0. 0. 0.],False,25.585650575,"[-0.38928002519381266, -0.5789762180916442, 0.6155971047514573, 0.3664530058425292]","[-12.75, 15.875, 25.875]","[0.02734375, 0.8466796875, -0.4267578125]"
25608350841,"std_msgs.msg.Header(stamp=builtin_interfaces.msg.Time(sec=1730348267, nanosec=257899347), frame_id='RL_myo')","geometry_msgs.msg.Quaternion(x=-0.3938538748682681, y=-0.5758579434963753, z=0.6166288079643751, w=0.3647405479951604)",[0. 0. 0. 0. 0. 0. 0. 0. 0.],"geometry_msgs.msg.Vector3(x=-14.3125, y=13.6875, z=29.5625)",[0. 0. 0. 0. 0. 0. 0. 0. 0.],"geometry_msgs.msg.Vector3(x=0.03271484375, y=0.86181640625, z=-0.4111328125)",[0. 0. 0. 0. 0. 0. 0. 0. 0.],False,25.608350841,"[-0.3938538748682681, -0.5758579434963753, 0.6166288079643751, 0.3647405479951604]","[-14.3125, 13.6875, 29.5625]","[0.03271484375, 0.86181640625, -0.4111328125]"
25627974201,"std_msgs.msg.Header(stamp=builtin_interfaces.msg.Time(sec=1730348267, nanosec=277528246), frame_id='RL_myo')","geometry_msgs.msg.Quaternion(x=-0.40063067255911633, y=-0.577264610156021, z=0.6130918808434375, w=0.36108029537777764)",[0. 0. 0. 0. 0. 0. 0. 0. 0.],"geometry_msgs.msg.Vector3(x=22.9375, y=40.375, z=-2.3125)",[0. 0. 0. 0. 0. 0. 0. 0. 0.],"geometry_msgs.msg.Vector3(x=0.29833984375, y=2.15087890625, z=-0.43212890625)",[0. 0. 0. 0. 0. 0. 0. 0. 0.],False,25.627974201,"[-0.40063067255911633, -0.577264610156021, 0.6130918808434375, 0.36108029537777764]","[22.9375, 40.375, -2.3125]","[0.29833984375, 2.15087890625, -0.43212890625]"
25645693915,"std_msgs.msg.Header(stamp=builtin_interfaces.msg.Time(sec=1730348267, nanosec=295295802), frame_id='RL_myo')","geometry_msgs.msg.Quaternion(x=-0.4031380608090396, y=-0.5838025059255811, z=0.6019299857227476, w=0.36651688950163247)",[0. 0. 0. 0. 0. 0. 0. 0. 0.],"geometry_msgs.msg.Vector3(x=-39.75, y=30.75, z=-66.5625)",[0. 0. 0. 0. 0. 0. 0. 0. 0.],"geometry_msgs.msg.Vector3(x=0.05322265625, y=1.0322265625, z=-0.52783203125)",[0. 0. 0. 0. 0. 0. 0. 0. 0.],False,25.645693915,"[-0.4031380608090396, -0.5838025059255811, 0.6019299857227476, 0.36651688950163247]","[-39.75, 30.75, -66.5625]","[0.05322265625, 1.0322265625, -0.52783203125]"
25668199649,"std_msgs.msg.Header(stamp=builtin_interfaces.msg.Time(sec=1730348267, nanosec=317783822), frame_id='RL_myo')","geometry_msgs.msg.Quaternion(x=-0.40259205551416105, y=-0.5840514522763808, z=0.6024232243670057, w=0.36590954712058754)",[0. 0. 0. 0. 0. 0. 0. 0. 0.],"geometry_msgs.msg.Vector3(x=-9.1875, y=7.125, z=17.0625)",[0. 0. 0. 0. 0. 0. 0. 0. 0.],"geometry_msgs.msg.Vector3(x=-0.19287109375, y=0.88232421875, z=-0.62451171875)",[0. 0. 0. 0. 0. 0. 0. 0. 0.],False,25.668199649,"[-0.40259205551416105, -0.5840514522763808, 0.6024232243670057, 0.36590954712058754]","[-9.1875, 7.125, 17.0625]","[-0.19287109375, 0.88232421875, -0.62451171875]"
25687857761,"std_msgs.msg.Header(stamp=builtin_interfaces.msg.Time(sec=1730348267, nanosec=337457943), frame_id='RL_myo')","geometry_msgs.msg.Quaternion(x=-0.4061387824729484, y=-0.5808260676303842, z=0.6028603478336807, w=0.36640383396229476)",[0. 0. 0. 0. 0. 0. 0. 0. 0.],"geometry_msgs.msg.Vector3(x=-24.1875, y=3.625, z=19.6875)",[0. 0. 0. 0. 0. 0. 0. 0. 0.],"geometry_msgs.msg.Vector3(x=0.064453125, y=1.12158203125, z=-0.5537109375)",[0. 0. 0. 0. 0. 0. 0. 0. 0.],False,25.687857761,"[-0.4061387824729484, -0.5808260676303842, 0.6028603478336807, 0.36640383396229476]","[-24.1875, 3.625, 19.6875]","[0.064453125, 1.12158203125, -0.5537109375]"
25705770576,"std_msgs.msg.Header(stamp=builtin_interfaces.msg.Time(sec=1730348267, nanosec=355322587), frame_id='RL_myo')","geometry_msgs.msg.Quaternion(x=-0.40722580929313845, y=-0.5815418931272517, z=0.5991199856147252, w=0.37017753797405345)",[0. 0. 0. 0. 0. 0. 0. 0. 0.],"geometry_msgs.msg.Vector3(x=-21.0625, y=0.9375, z=-22.3125)",[0. 0. 0. 0. 0. 0. 0. 0. 0.],"geometry_msgs.msg.Vector3(x=0.07666015625, y=0.9736328125, z=-0.39453125)",[0. 0. 0. 0. 0. 0. 0. 0. 0.],False,25.705770576,"[-0.40722580929313845, -0.5815418931272517, 0.5991199856147252, 0.37017753797405345]","[-21.0625, 0.9375, -22.3125]","[0.07666015625, 0.9736328125, -0.39453125]"
25728179363,"std_msgs.msg.Header(stamp=builtin_interfaces.msg.Time(sec=1730348267, nanosec=377761983), frame_id='RL_myo')","geometry_msgs.msg.Quaternion(x=-0.4095577191346142, y=-0.5810714584443408, z=0.5962696510023914, w=0.3729355683923238)",[0. 0. 0. 0. 0. 0. 0. 0. 0.],"geometry_msgs.msg.Vector3(x=-20.9375, y=4.1875, z=-9.375)",[0. 0. 0. 0. 0. 0. 0. 0. 0.],"geometry_msgs.msg.Vector3(x=0.0498046875, y=0.8818359375, z=-0.31494140625)",[0. 0. 0. 0. 0. 0. 0. 0. 0.],False,25.728179363,"[-0.4095577191346142, -0.5810714584443408, 0.5962696510023914, 0.3729355683923238]","[-20.9375, 4.1875, -9.375]","[0.0498046875, 0.8818359375, -0.31494140625]"
25747916328,"std_msgs.msg.Header(stamp=builtin_interfaces.msg.Time(sec=1730348267, nanosec=397517946), frame_id='RL_myo')","geometry_msgs.msg.Quaternion(x=-0.4133318758234919, y=-0.5792261520326253, z=0.5945460428819602, w=0.37439127677219425)",[0. 0. 0. 0. 0. 0. 0. 0. 0.],"geometry_msgs.msg.Vector3(x=-20.5625, y=8.25, z=6.0625)",[0. 0. 0. 0. 0. 0. 0. 0. 0.],"geometry_msgs.msg.Vector3(x=0.0380859375, y=0.8095703125, z=-0.251953125)",[0. 0. 0. 0. 0. 0. 0. 0. 0.],False,25.747916328,"[-0.4133318758234919, -0.5792261520326253, 0.5945460428819602, 0.37439127677219425]","[-20.5625, 8.25, 6.0625]","[0.0380859375, 0.8095703125, -0.251953125]"
25765732454,"std_msgs.msg.Header(stamp=builtin_interfaces.msg.Time(sec=1730348267, nanosec=415314582), frame_id='RL_myo')","geometry_msgs.msg.Quaternion(x=-0.4165213519619153, y=-0.5786375170865998, z=0.5917606253327621, w=0.3761754238190627)",[0. 0. 0. 0. 0. 0. 0. 0. 0.],"geometry_msgs.msg.Vector3(x=-26.25, y=11.75, z=-1.0)",[0. 0. 0. 0. 0. 0. 0. 0. 0.],"geometry_msgs.msg.Vector3(x=-0.0048828125, y=0.837890625, z=-0.36962890625)",[0. 0. 0. 0. 0. 0. 0. 0. 0.],False,25.765732454,"[-0.4165213519619153, -0.5786375170865998, 0.5917606253327621, 0.3761754238190627]","[-26.25, 11.75, -1.0]","[-0.0048828125, 0.837890625, -0.36962890625]"
25801775879,"std_msgs.msg.Header(stamp=builtin_interfaces.msg.Time(sec=1730348267, nanosec=451284637), frame_id='RL_myo')","geometry_msgs.msg.Quaternion(x=-0.4179063160412142, y=-0.5793437639642478, z=0.5884990067576146, w=0.37866084193364874)",[0. 0. 0. 0. 0. 0. 0. 0. 0.],"geometry_msgs.msg.Vector3(x=-29.9375, y=6.5625, z=-15.6875)",[0. 0. 0. 0. 0. 0. 0. 0. 0.],"geometry_msgs.msg.Vector3(x=0.04833984375, y=0.947265625, z=-0.54443359375)",[0. 0. 0. 0. 0. 0. 0. 0. 0.],False,25.801775879,"[-0.4179063160412142, -0.5793437639642478, 0.5884990067576146, 0.37866084193364874]","[-29.9375, 6.5625, -15.6875]","[0.04833984375, 0.947265625, -0.54443359375]"
25807770642,"std_msgs.msg.Header(stamp=builtin_interfaces.msg.Time(sec=1730348267, nanosec=457400545), frame_id='RL_myo')","geometry_msgs.msg.Quaternion(x=-0.42010583966352727, y=-0.5794079232784926, z=0.5823986520513406, w=0.38549883529200035)",[0. 0. 0. 0. 0. 0. 0. 0. 0.],"geometry_msgs.msg.Vector3(x=-56.0625, y=-1.875, z=-37.1875)",[0. 0. 0. 0. 0. 0. 0. 0. 0.],"geometry_msgs.msg.Vector3(x=0.1220703125, y=0.96337890625, z=-0.5546875)",[0. 0. 0. 0. 0. 0. 0. 0. 0.],False,25.807770642,"[-0.42010583966352727, -0.5794079232784926, 0.5823986520513406, 0.38549883529200035]","[-56.0625, -1.875, -37.1875]","[0.1220703125, 0.96337890625, -0.5546875]"
25825739917,"std_msgs.msg.Header(stamp=builtin_interfaces.msg.Time(sec=1730348267, nanosec=475350083), frame_id='RL_myo')","geometry_msgs.msg.Quaternion(x=-0.4303661021548488, y=-0.5745335583014596, z=0.5692844468583569, w=0.4007635550629325)",[0. 0. 0. 0. 0. 0. 0. 0. 0.],"geometry_msgs.msg.Vector3(x=-132.1875, y=3.0625, z=-45.875)",[0. 0. 0. 0. 0. 0. 0. 0. 0.],"geometry_msgs.msg.Vector3(x=0.2890625, y=0.923828125, z=-0.67822265625)",[0. 0. 0. 0. 0. 0. 0. 0. 0.],False,25.825739917,"[-0.4303661021548488, -0.5745335583014596, 0.5692844468583569, 0.4007635550629325]","[-132.1875, 3.0625, -45.875]","[0.2890625, 0.923828125, -0.67822265625]"
25848136767,"std_msgs.msg.Header(stamp=builtin_interfaces.msg.Time(sec=1730348267, nanosec=497788012), frame_id='RL_myo')","geometry_msgs.msg.Quaternion(x=-0.4470795074829249, y=-0.567745198444528, z=0.5485802884991848, w=0.4205293933866693)",[0. 0. 0. 0. 0. 0. 0. 0. 0.],"geometry_msgs.msg.Vector3(x=-189.1875, y=22.0625, z=-66.25)",[0. 0. 0. 0. 0. 0. 0. 0. 0.],"geometry_msgs.msg.Vector3(x=0.6171875, y=0.931640625, z=-0.5439453125)",[0. 0. 0. 0. 0. 0. 0. 0. 0.],False,25.848136767,"[-0.4470795074829249, -0.567745198444528, 0.5485802884991848, 0.4205293933866693]","[-189.1875, 22.0625, -66.25]","[0.6171875, 0.931640625, -0.5439453125]"
25870728643,"std_msgs.msg.Header(stamp=builtin_interfaces.msg.Time(sec=1730348267, nanosec=520292249), frame_id='RL_myo')","geometry_msgs.msg.Quaternion(x=-0.470637617294278, y=-0.5613349975691188, z=0.5156200999743302, w=0.44445378409245656)",[0. 0. 0. 0. 0. 0. 0. 0. 0.],"geometry_msgs.msg.Vector3(x=-252.1875, y=61.6875, z=-108.625)",[0. 0. 0. 0. 0. 0. 0. 0. 0.],"geometry_msgs.msg.Vector3(x=0.99072265625, y=0.85205078125, z=-0.37158203125)",[0. 0. 0. 0. 0. 0. 0. 0. 0.],False,25.870728643,"[-0.470637617294278, -0.5613349975691188, 0.5156200999743302, 0.44445378409245656]","[-252.1875, 61.6875, -108.625]","[0.99072265625, 0.85205078125, -0.37158203125]"
25885648004,"std_msgs.msg.Header(stamp=builtin_interfaces.msg.Time(sec=1730348267, nanosec=535266102), frame_id='RL_myo')","geometry_msgs.msg.Quaternion(x=-0.4976196159298075, y=-0.5568237159484404, z=0.47155760489067744, w=0.46899412839502524)",[0. 0. 0. 0. 0. 0. 0. 0. 0.],"geometry_msgs.msg.Vector3(x=-286.8125, y=105.9375, z=-145.5625)",[0. 0. 0. 0. 0. 0. 0. 0. 0.],"geometry_msgs.msg.Vector3(x=1.09619140625, y=0.64501953125, z=-0.18408203125)",[0. 0. 0. 0. 0. 0. 0. 0. 0.],False,25.885648004,"[-0.4976196159298075, -0.5568237159484404, 0.47155760489067744, 0.46899412839502524]","[-286.8125, 105.9375, -145.5625]","[1.09619140625, 0.64501953125, -0.18408203125]"
25908230282,"std_msgs.msg.Header(stamp=builtin_interfaces.msg.Time(sec=1730348267, nanosec=557863676), frame_id='RL_myo')","geometry_msgs.msg.Quaternion(x=-0.5228420790403447, y=-0.5554357832438871, z=0.42481681883268724, w=0.48750171437021167)",[0. 0. 0. 0. 0. 0. 0. 0. 0.],"geometry_msgs.msg.Vector3(x=-262.0625, y=138.5625, z=-147.375)",[0. 0. 0. 0. 0. 0. 0. 0. 0.],"geometry_msgs.msg.Vector3(x=0.95068359375, y=0.42041015625, z=-0.0537109375)",[0. 0. 0. 0. 0. 0. 0. 0. 0.],False,25.908230282,"[-0.5228420790403447, -0.5554357832438871, 0.42481681883268724, 0.48750171437021167]","[-262.0625, 138.5625, -147.375]","[0.95068359375, 0.42041015625, -0.0537109375]"
25927787446,"std_msgs.msg.Header(stamp=builtin_interfaces.msg.Time(sec=1730348267, nanosec=577413501), frame_id='RL_myo')","geometry_msgs.msg.Quaternion(x=-0.5400908194205886, y=-0.5613917230230053, z=0.381158002856998, w=0.49785521686221507)",[0. 0. 0. 0. 0. 0. 0. 0. 0.],"geometry_msgs.msg.Vector3(x=-183.0625, y=157.375, z=-149.8125)",[0. 0. 0. 0. 0. 0. 0. 0. 0.],"geometry_msgs.msg.Vector3(x=0.72412109375, y=0.33642578125, z=0.14599609375)",[0. 0. 0. 0. 0. 0. 0. 0. 0.],False,25.927787446,"[-0.5400908194205886, -0.5613917230230053, 0.381158002856998, 0.49785521686221507]","[-183.0625, 157.375, -149.8125]","[0.72412109375, 0.33642578125, 0.14599609375]"
25945694504,"std_msgs.msg.Header(stamp=builtin_interfaces.msg.Time(sec=1730348267, nanosec=595315642), frame_id='RL_myo')","geometry_msgs.msg.Quaternion(x=-0.5462727662110903, y=-0.5755090405144548, z=0.34052019694879027, w=0.5044020268121174)",[0. 0. 0. 0. 0. 0. 0. 0. 0.],"geometry_msgs.msg.Vector3(x=-102.625, y=160.125, z=-171.875)",[0. 0. 0. 0. 0. 0. 0. 0. 0.],"geometry_msgs.msg.Vector3(x=0.36572265625, y=0.29345703125, z=0.27197265625)",[0. 0. 0. 0. 0. 0. 0. 0. 0.],False,25.945694504,"[-0.5462727662110903, -0.5755090405144548, 0.34052019694879027, 0.5044020268121174]","[-102.625, 160.125, -171.875]","[0.36572265625, 0.29345703125, 0.27197265625]"
25967207849,"std_msgs.msg.Header(stamp=builtin_interfaces.msg.Time(sec=1730348267, nanosec=616840630), frame_id='RL_myo')","geometry_msgs.msg.Quaternion(x=-0.543643786197122, y=-0.592472238982313, z=0.30352986962594447, w=0.5111728650949698)",[0. 0. 0. 0. 0. 0. 0. 0. 0.],"geometry_msgs.msg.Vector3(x=-55.4375, y=138.375, z=-185.125)",[0. 0. 0. 0. 0. 0. 0. 0. 0.],"geometry_msgs.msg.Vector3(x=-0.044921875, y=0.38427734375, z=0.2216796875)",[0. 0. 0. 0. 0. 0. 0. 0. 0.],False,25.967207849,"[-0.543643786197122, -0.592472238982313, 0.30352986962594447, 0.5111728650949698]","[-55.4375, 138.375, -185.125]","[-0.044921875, 0.38427734375, 0.2216796875]"
25988540276,"std_msgs.msg.Header(stamp=builtin_interfaces.msg.Time(sec=1730348267, nanosec=638123227), frame_id='RL_myo')","geometry_msgs.msg.Quaternion(x=-0.535094176293182, y=-0.6086413968285173, z=0.27368110944435137, w=0.5180043657123572)",[0. 0. 0. 0. 0. 0. 0. 0. 0.],"geometry_msgs.msg.Vector3(x=-17.5625, y=102.6875, z=-174.1875)",[0. 0. 0. 0. 0. 0. 0. 0. 0.],"geometry_msgs.msg.Vector3(x=-0.30126953125, y=0.50390625, z=0.20166015625)",[0. 0. 0. 0. 0. 0. 0. 0. 0.],False,25.988540276,"[-0.535094176293182, -0.6086413968285173, 0.27368110944435137, 0.5180043657123572]","[-17.5625, 102.6875, -174.1875]","[-0.30126953125, 0.50390625, 0.20166015625]"
26004979085,"std_msgs.msg.Header(stamp=builtin_interfaces.msg.Time(sec=1730348267, nanosec=654498442), frame_id='RL_myo')","geometry_msgs.msg.Quaternion(x=-0.524033373445919, y=-0.6204662560506886, z=0.25273959928250067, w=0.5258643775460096)",[0. 0. 0. 0. 0. 0. 0. 0. 0.],"geometry_msgs.msg.Vector3(x=2.3125, y=55.1875, z=-146.0625)",[0. 0. 0. 0. 0. 0. 0. 0. 0.],"geometry_msgs.msg.Vector3(x=-0.388671875, y=0.56640625, z=0.19384765625)",[0. 0. 0. 0. 0. 0. 0. 0. 0.],False,26.004979085,"[-0.524033373445919, -0.6204662560506886, 0.25273959928250067, 0.5258643775460096]","[2.3125, 55.1875, -146.0625]","[-0.388671875, 0.56640625, 0.19384765625]"
26027378978,"std_msgs.msg.Header(stamp=builtin_interfaces.msg.Time(sec=1730348267, nanosec=677004277), frame_id='RL_myo')","geometry_msgs.msg.Quaternion(x=-0.5169554888461452, y=-0.6259616875567964, z=0.23784835183393482, w=0.5332514883174464)",[0. 0. 0. 0. 0. 0. 0. 0. 0.],"geometry_msgs.msg.Vector3(x=-10.875, y=25.4375, z=-101.6875)",[0. 0. 0. 0. 0. 0. 0. 0. 0.],"geometry_msgs.msg.Vector3(x=-0.4638671875, y=0.58349609375, z=0.25830078125)",[0. 0. 0. 0. 0. 0. 0. 0. 0.],False,26.027378978,"[-0.5169554888461452, -0.6259616875567964, 0.23784835183393482, 0.5332514883174464]","[-10.875, 25.4375, -101.6875]","[-0.4638671875, 0.58349609375, 0.25830078125]"
26048515881,"std_msgs.msg.Header(stamp=builtin_interfaces.msg.Time(sec=1730348267, nanosec=698086534), frame_id='RL_myo')","geometry_msgs.msg.Quaternion(x=-0.515561764781395, y=-0.6254245772126146, z=0.2261342889209268, w=0.5402808975784195)",[0. 0. 0. 0. 0. 0. 0. 0. 0.],"geometry_msgs.msg.Vector3(x=-27.4375, y=10.125, z=-41.5)",[0. 0. 0. 0. 0. 0. 0. 0. 0.],"geometry_msgs.msg.Vector3(x=-0.6513671875, y=0.50830078125, z=0.30224609375)",[0. 0. 0. 0. 0. 0. 0. 0. 0.],False,26.048515881,"[-0.515561764781395, -0.6254245772126146, 0.2261342889209268, 0.5402808975784195]","[-27.4375, 10.125, -41.5]","[-0.6513671875, 0.50830078125, 0.30224609375]"
26064813423,"std_msgs.msg.Header(stamp=builtin_interfaces.msg.Time(sec=1730348267, nanosec=714438020), frame_id='RL_myo')","geometry_msgs.msg.Quaternion(x=-0.5215463204110575, y=-0.6162730482376182, z=0.2205814396682928, w=0.5473032013020425)",[0. 0. 0. 0. 0. 0. 0. 0. 0.],"geometry_msgs.msg.Vector3(x=-64.5625, y=-29.375, z=24.0625)",[0. 0. 0. 0. 0. 0. 0. 0. 0.],"geometry_msgs.msg.Vector3(x=-0.8916015625, y=0.677734375, z=0.27099609375)",[0. 0. 0. 0. 0. 0. 0. 0. 0.],False,26.064813423,"[-0.5215463204110575, -0.6162730482376182, 0.2205814396682928, 0.5473032013020425]","[-64.5625, -29.375, 24.0625]","[-0.8916015625, 0.677734375, 0.27099609375]"
26087364988,"std_msgs.msg.Header(stamp=builtin_interfaces.msg.Time(sec=1730348267, nanosec=737052472), frame_id='RL_myo')","geometry_msgs.msg.Quaternion(x=-0.5384362855529807, y=-0.5918404739296366, z=0.22264969051204644, w=0.5569904264289846)",[0. 0. 0. 0. 0. 0. 0. 0. 0.],"geometry_msgs.msg.Vector3(x=-139.5625, y=-97.8125, z=70.5)",[0. 0. 0. 0. 0. 0. 0. 0. 0.],"geometry_msgs.msg.Vector3(x=-0.94677734375, y=0.87744140625, z=0.1484375)",[0. 0. 0. 0. 0. 0. 0. 0. 0.],False,26.087364988,"[-0.5384362855529807, -0.5918404739296366, 0.22264969051204644, 0.5569904264289846]","[-139.5625, -97.8125, 70.5]","[-0.94677734375, 0.87744140625, 0.1484375]"
26108533835,"std_msgs.msg.Header(stamp=builtin_interfaces.msg.Time(sec=1730348267, nanosec=758069682), frame_id='RL_myo')","geometry_msgs.msg.Quaternion(x=-0.5552881250459808, y=-0.5560205340919856, z=0.2279012814818303, w=0.5749411011137765)",[0. 0. 0. 0. 0. 0. 0. 0. 0.],"geometry_msgs.msg.Vector3(x=-174.5, y=-172.625, z=71.125)",[0. 0. 0. 0. 0. 0. 0. 0. 0.],"geometry_msgs.msg.Vector3(x=-0.955078125, y=0.84716796875, z=0.25634765625)",[0. 0. 0. 0. 0. 0. 0. 0. 0.],False,26.108533835,"[-0.5552881250459808, -0.5560205340919856, 0.2279012814818303, 0.5749411011137765]","[-174.5, -172.625, 71.125]","[-0.955078125, 0.84716796875, 0.25634765625]"
26124905833,"std_msgs.msg.Header(stamp=builtin_interfaces.msg.Time(sec=1730348267, nanosec=774488755), frame_id='RL_myo')","geometry_msgs.msg.Quaternion(x=-0.5695642009768174, y=-0.5093852144612642, z=0.2399225111487215, w=0.5987992258662189)",[0. 0. 0. 0. 0. 0. 0. 0. 0.],"geometry_msgs.msg.Vector3(x=-184.1875, y=-252.5, z=79.0)",[0. 0. 0. 0. 0. 0. 0. 0. 0.],"geometry_msgs.msg.Vector3(x=-0.85546875, y=0.67529296875, z=0.4150390625)",[0. 0. 0. 0. 0. 0. 0. 0. 0.],False,26.124905833,"[-0.5695642009768174, -0.5093852144612642, 0.2399225111487215, 0.5987992258662189]","[-184.1875, -252.5, 79.0]","[-0.85546875, 0.67529296875, 0.4150390625]"
26153426670,"std_msgs.msg.Header(stamp=builtin_interfaces.msg.Time(sec=1730348267, nanosec=802964254), frame_id='RL_myo')","geometry_msgs.msg.Quaternion(x=-0.5784804780211547, y=-0.4574500087327025, z=0.25561049187092166, w=0.6251104722402053)",[0. 0. 0. 0. 0. 0. 0. 0. 0.],"geometry_msgs.msg.Vector3(x=-172.8125, y=-294.8125, z=67.4375)",[0. 0. 0. 0. 0. 0. 0. 0. 0.],"geometry_msgs.msg.Vector3(x=-0.537109375, y=0.61474609375, z=0.69677734375)",[0. 0. 0. 0. 0. 0. 0. 0. 0.],False,26.15342667,"[-0.5784804780211547, -0.4574500087327025, 0.25561049187092166, 0.6251104722402053]","[-172.8125, -294.8125, 67.4375]","[-0.537109375, 0.61474609375, 0.69677734375]"
26176082802,"std_msgs.msg.Header(stamp=builtin_interfaces.msg.Time(sec=1730348267, nanosec=825652978), frame_id='RL_myo')","geometry_msgs.msg.Quaternion(x=-0.5805634292084301, y=-0.4085672408664036, z=0.27801371110643386, w=0.647091408375502)",[0. 0. 0. 0. 0. 0. 0. 0. 0.],"geometry_msgs.msg.Vector3(x=-116.1875, y=-306.625, z=70.0625)",[0. 0. 0. 0. 0. 0. 0. 0. 0.],"geometry_msgs.msg.Vector3(x=-0.49267578125, y=0.65625, z=0.6630859375)",[0. 0. 0. 0. 0. 0. 0. 0. 0.],False,26.176082802,"[-0.5805634292084301, -0.4085672408664036, 0.27801371110643386, 0.647091408375502]","[-116.1875, -306.625, 70.0625]","[-0.49267578125, 0.65625, 0.6630859375]"
