time,.data
1969/12/31/18:00:05.773,(-1 -4 0 1 -1 -2 -2 -3)
1969/12/31/18:00:05.773,(-1 -1 -4 -4 -4 1 -2 -1)
1969/12/31/18:00:05.788,(-1 -2 -5 -4 -3 -2 0 -1)
1969/12/31/18:00:05.788,(-3 -3 -6 -5 -3 0 0 -1)
1969/12/31/18:00:05.796,(1 -1 -3 -2 -1 -1 -1 1)
1969/12/31/18:00:05.796,(-1 -1 -2 -1 -1 -2 0 -1)
1969/12/31/18:00:05.812,(-1 0 1 2 1 0 0 0)
1969/12/31/18:00:05.812,(-2 -1 2 3 1 0 -1 -3)
1969/12/31/18:00:05.813,(-3 -2 0 -2 -3 -2 -1 -4)
1969/12/31/18:00:05.813,(-1 -3 -5 -5 -2 0 -1 -2)
1969/12/31/18:00:05.833,(-1 -2 -5 -4 -1 0 -1 -1)
1969/12/31/18:00:05.833,(-1 0 1 -5 -4 -2 -2 -1)
1969/12/31/18:00:05.841,(-1 1 0 -3 -9 -1 -2 -2)
1969/12/31/18:00:05.841,(0 1 3 7 14 4 0 -1)
1969/12/31/18:00:05.863,(0 1 1 -3 -4 -2 1 0)
1969/12/31/18:00:05.863,(1 -2 -3 7 12 0 -1 1)
1969/12/31/18:00:05.864,(-2 -4 -7 -7 -3 -2 0 -1)
1969/12/31/18:00:05.864,(-3 -4 -5 -4 -7 -4 -2 -1)
1969/12/31/18:00:05.873,(0 0 4 -9 -5 0 0 1)
1969/12/31/18:00:05.873,(2 2 2 7 -1 -1 -1 -1)
1969/12/31/18:00:05.874,(0 0 -1 1 1 0 0 0)
1969/12/31/18:00:05.874,(-1 1 1 2 1 -1 -3 -1)
1969/12/31/18:00:05.885,(-3 -3 -4 -4 -1 -3 2 -3)
1969/12/31/18:00:05.885,(-5 -4 -7 -10 -6 -1 -3 -2)
1969/12/31/18:00:05.886,(0 -1 1 4 3 0 0 0)
1969/12/31/18:00:05.886,(-1 -3 -3 -3 -4 -2 -2 -1)
1969/12/31/18:00:05.908,(0 -2 0 2 -2 0 -1 0)
1969/12/31/18:00:05.908,(1 -1 -2 -4 -3 -2 -2 -3)
1969/12/31/18:00:05.909,(1 2 3 7 1 0 3 1)
1969/12/31/18:00:05.909,(-1 1 3 -3 -1 -2 0 -2)
1969/12/31/18:00:05.931,(0 0 -2 2 1 -1 1 1)
1969/12/31/18:00:05.931,(-1 0 -3 -2 -2 0 1 0)
1969/12/31/18:00:05.939,(0 -3 -4 -7 -2 -1 -3 -2)
1969/12/31/18:00:05.939,(-1 0 0 -2 -5 -1 0 1)
1969/12/31/18:00:05.948,(-2 1 2 4 1 -1 -2 0)
1969/12/31/18:00:05.948,(0 1 3 1 0 -1 0 -1)
1969/12/31/18:00:05.948,(-1 -1 -3 -4 0 -1 -1 -2)
1969/12/31/18:00:05.948,(1 -2 -3 -7 -4 0 -2 -2)
1969/12/31/18:00:05.968,(-2 -6 -6 -2 -2 0 -2 -4)
1969/12/31/18:00:05.968,(0 5 3 2 0 0 0 0)
1969/12/31/18:00:05.976,(-1 0 0 -2 -1 0 -2 0)
1969/12/31/18:00:05.976,(0 -3 0 -5 -5 -2 -1 -1)
1969/12/31/18:00:05.992,(-1 0 3 5 0 0 -3 -1)
1969/12/31/18:00:05.992,(-3 -6 -3 1 2 -2 1 -1)
1969/12/31/18:00:05.993,(-4 -3 -6 -9 -5 -4 -1 0)
1969/12/31/18:00:05.993,(-1 1 0 4 3 -1 -1 -1)
1969/12/31/18:00:06.006,(3 1 -1 7 4 2 -1 1)
1969/12/31/18:00:06.006,(-1 -6 2 -18 -6 -1 0 -2)
1969/12/31/18:00:06.007,(-4 0 -10 -8 -12 -5 -3 -1)
1969/12/31/18:00:06.007,(-1 -3 -7 -11 0 0 0 -3)
1969/12/31/18:00:06.036,(6 6 21 6 -5 5 2 2)
1969/12/31/18:00:06.036,(11 19 23 50 23 1 2 4)
1969/12/31/18:00:06.044,(-10 -15 -19 -4 7 2 1 -3)
1969/12/31/18:00:06.044,(-6 -7 -23 -25 -10 -7 -6 -5)
1969/12/31/18:00:06.053,(-3 -9 -2 -23 -6 3 -2 -2)
1969/12/31/18:00:06.053,(4 -14 -26 -6 -14 -8 1 0)
1969/12/31/18:00:06.054,(-3 19 36 60 17 1 1 1)
1969/12/31/18:00:06.054,(13 22 78 43 -8 0 8 9)
1969/12/31/18:00:06.066,(-5 -4 -33 -9 28 -4 -1 -1)
1969/12/31/18:00:06.066,(-7 -3 17 -13 -7 -3 0 2)
1969/12/31/18:00:06.074,(-2 -25 -64 -34 -4 -11 -3 -2)
1969/12/31/18:00:06.074,(-7 -10 -50 -27 -11 -11 -9 -7)
1969/12/31/18:00:06.089,(3 5 50 8 -8 -6 3 2)
1969/12/31/18:00:06.089,(-2 -1 -11 -1 -2 2 6 8)
1969/12/31/18:00:06.096,(3 -7 -21 -26 -1 -1 -3 -7)
1969/12/31/18:00:06.096,(-2 5 14 -2 4 4 4 2)
1969/12/31/18:00:06.111,(3 6 -1 16 -2 -4 -4 -6)
1969/12/31/18:00:06.111,(-1 17 44 20 17 7 8 7)
1969/12/31/18:00:06.112,(-6 -8 -7 -14 -12 0 -7 -9)
1969/12/31/18:00:06.112,(-18 -26 -71 -57 -15 -6 -10 -14)
1969/12/31/18:00:06.126,(-1 -2 -5 -4 -1 6 1 7)
1969/12/31/18:00:06.126,(8 29 66 47 9 9 -15 -22)
1969/12/31/18:00:06.126,(0 2 -10 7 -2 11 -3 -3)
1969/12/31/18:00:06.126,(-4 3 12 -15 -4 10 -1 2)
1969/12/31/18:00:06.148,(-10 -16 -15 2 -13 -3 -14 -12)
1969/12/31/18:00:06.148,(-7 -12 -52 -22 -8 10 5 14)
1969/12/31/18:00:06.149,(3 9 58 1 -6 -2 -14 -19)
1969/12/31/18:00:06.149,(-2 -11 -40 5 3 3 -2 -2)
1969/12/31/18:00:06.171,(-4 1 3 -9 -10 1 3 12)
1969/12/31/18:00:06.171,(-3 -20 -26 -27 -10 -2 -9 -8)
1969/12/31/18:00:06.172,(1 6 -3 4 2 4 7 14)
1969/12/31/18:00:06.172,(8 2 20 22 5 -1 -3 0)
1969/12/31/18:00:06.186,(5 -2 -5 1 -1 -6 -4 -1)
1969/12/31/18:00:06.186,(-4 -21 -24 -10 -6 -11 2 4)
1969/12/31/18:00:06.186,(-1 -11 -6 -10 -3 -4 4 8)
1969/12/31/18:00:06.186,(12 39 47 30 12 -2 -6 -7)
1969/12/31/18:00:06.208,(2 -11 -14 2 2 -2 0 0)
1969/12/31/18:00:06.208,(-7 -29 -57 -23 -3 -6 5 -1)
1969/12/31/18:00:06.209,(3 65 94 34 9 -2 3 -5)
1969/12/31/18:00:06.209,(-4 -36 -27 -5 -1 -5 3 5)
1969/12/31/18:00:06.232,(16 88 70 27 7 -2 -3 -4)
1969/12/31/18:00:06.232,(-3 -18 -19 -15 -6 -7 -2 -1)
1969/12/31/18:00:06.233,(1 -15 -15 -6 -2 -4 3 7)
1969/12/31/18:00:06.233,(1 0 8 11 6 -1 6 4)
1969/12/31/18:00:06.245,(-8 -26 -28 -13 -3 -3 1 -3)
1969/12/31/18:00:06.245,(-7 3 5 -6 -3 -5 -2 -2)
1969/12/31/18:00:06.246,(8 3 -2 1 5 1 4 3)
1969/12/31/18:00:06.246,(15 2 -2 2 1 0 -3 -1)
1969/12/31/18:00:06.268,(-21 -29 -25 -14 -4 -1 -2 -8)
1969/12/31/18:00:06.268,(2 26 21 6 1 3 1 1)
1969/12/31/18:00:06.269,(-10 -12 -14 -3 -5 -5 -9 -8)
1969/12/31/18:00:06.269,(-18 -13 -4 -3 -2 3 10 5)
1969/12/31/18:00:06.291,(37 10 -2 1 1 -2 -14 -11)
1969/12/31/18:00:06.291,(-12 1 7 1 -2 1 0 -4)
1969/12/31/18:00:06.292,(-22 -7 -6 -1 -1 1 2 3)
1969/12/31/18:00:06.292,(8 1 5 5 1 -2 3 -2)
1969/12/31/18:00:06.306,(-41 -16 -9 -4 -3 -4 -1 -13)
1969/12/31/18:00:06.306,(8 4 1 -3 1 0 -1 -4)
1969/12/31/18:00:06.306,(40 -4 -12 -5 -3 0 0 5)
1969/12/31/18:00:06.306,(-9 1 6 1 -4 -1 2 6)
1969/12/31/18:00:06.328,(29 8 -3 0 0 2 9 21)
1969/12/31/18:00:06.328,(-6 -3 -1 -4 -3 -1 -2 -2)
1969/12/31/18:00:06.329,(-11 0 2 2 0 1 4 -4)
1969/12/31/18:00:06.329,(18 -7 -8 -6 -9 -8 -3 -1)
1969/12/31/18:00:06.351,(9 -1 -2 3 2 1 2 5)
1969/12/31/18:00:06.351,(-18 -5 -4 -3 -5 -8 4 -5)
1969/12/31/18:00:06.352,(18 -6 -6 0 2 -5 -5 22)
1969/12/31/18:00:06.352,(10 10 -1 3 0 -10 21 8)
1969/12/31/18:00:06.365,(-38 -20 -6 -7 4 4 1 -21)
1969/12/31/18:00:06.365,(16 11 6 -7 1 -4 -12 6)
1969/12/31/18:00:06.374,(-31 4 -1 -5 0 7 -9 -28)
1969/12/31/18:00:06.374,(10 26 15 7 5 14 -13 4)
1969/12/31/18:00:06.388,(10 -3 -5 -4 -7 12 0 7)
1969/12/31/18:00:06.388,(-36 -36 -14 -8 -13 -11 -16 -33)
1969/12/31/18:00:06.389,(-11 -17 -5 -3 -2 38 13 -6)
1969/12/31/18:00:06.389,(-1 0 -1 0 -2 0 -25 -15)
1969/12/31/18:00:06.411,(12 6 4 3 -6 -8 14 16)
1969/12/31/18:00:06.411,(19 7 0 2 -2 2 12 24)
1969/12/31/18:00:06.412,(3 -3 2 3 -1 2 -4 -14)
1969/12/31/18:00:06.412,(-4 5 9 10 8 7 1 16)
1969/12/31/18:00:06.425,(-6 5 -5 -1 0 -6 -9 -54)
1969/12/31/18:00:06.425,(-14 -8 -4 -2 1 11 18 23)
1969/12/31/18:00:06.433,(24 11 3 3 0 -13 9 50)
1969/12/31/18:00:06.433,(-25 -32 -4 1 1 3 -11 -37)
1969/12/31/18:00:06.448,(4 -13 -20 -15 -8 -5 -3 16)
1969/12/31/18:00:06.448,(-35 -21 -9 -11 -11 -2 -18 -55)
1969/12/31/18:00:06.449,(3 0 -3 -4 -8 -43 -31 -16)
1969/12/31/18:00:06.449,(10 5 4 2 -1 -7 15 6)
1969/12/31/18:00:06.471,(17 14 8 5 3 -13 7 40)
1969/12/31/18:00:06.471,(-1 9 5 6 7 19 12 36)
1969/12/31/18:00:06.472,(-34 -22 -10 -4 4 27 -22 -25)
1969/12/31/18:00:06.472,(-2 9 3 -1 -4 4 6 0)
1969/12/31/18:00:06.485,(-31 -22 -6 -5 -8 -26 -11 -17)
1969/12/31/18:00:06.485,(28 23 13 10 5 -7 -10 -3)
1969/12/31/18:00:06.494,(11 4 -6 -3 0 6 39 83)
1969/12/31/18:00:06.494,(0 2 1 3 3 11 11 -2)
1969/12/31/18:00:06.508,(6 3 0 4 4 3 -4 -14)
1969/12/31/18:00:06.509,(3 1 4 5 6 4 14 34)
1969/12/31/18:00:06.516,(24 12 0 -2 -2 -5 -16 -80)
1969/12/31/18:00:06.516,(-65 -28 -13 -10 -2 0 -2 -15)
1969/12/31/18:00:06.531,(0 -4 -4 -5 -9 -16 8 19)
1969/12/31/18:00:06.531,(-3 7 3 2 0 -9 -14 -40)
1969/12/31/18:00:06.532,(9 15 9 7 4 1 -5 -48)
1969/12/31/18:00:06.532,(63 16 10 11 5 -11 6 63)
1969/12/31/18:00:06.545,(-49 -16 -10 -13 -1 49 7 -31)
1969/12/31/18:00:06.545,(15 -2 2 4 -5 -58 -6 15)
1969/12/31/18:00:06.553,(8 3 -1 0 0 -9 5 16)
1969/12/31/18:00:06.553,(15 8 2 3 4 20 -21 -21)
1969/12/31/18:00:06.568,(13 2 -1 -1 -3 -7 -2 -5)
1969/12/31/18:00:06.568,(-20 -32 -20 -20 -20 -2 -6 -36)
1969/12/31/18:00:06.569,(7 4 4 -2 -13 -12 -13 14)
1969/12/31/18:00:06.569,(-2 6 5 8 22 17 27 24)
1969/12/31/18:00:06.591,(41 21 16 14 5 -16 -21 -37)
1969/12/31/18:00:06.591,(48 26 4 8 20 51 25 42)
1969/12/31/18:00:06.592,(-23 -18 -10 -10 -14 -22 37 -39)
1969/12/31/18:00:06.592,(-32 -9 -3 -4 -6 22 -39 -49)
1969/12/31/18:00:06.605,(-1 -4 -4 -2 -7 -44 6 30)
1969/12/31/18:00:06.605,(26 12 8 6 8 4 -21 27)
1969/12/31/18:00:06.614,(-14 -5 -2 0 -5 -38 -28 -27)
1969/12/31/18:00:06.614,(-24 -1 -4 -6 -5 -21 3 -3)
1969/12/31/18:00:06.627,(19 3 -4 -3 7 36 16 22)
1969/12/31/18:00:06.627,(0 10 11 5 1 -2 2 -4)
1969/12/31/18:00:06.642,(-14 -14 -14 -10 -2 9 13 -1)
1969/12/31/18:00:06.642,(-10 -19 -15 -11 -11 -15 -14 27)
1969/12/31/18:00:06.652,(-46 -14 -3 -2 -6 -24 8 8)
1969/12/31/18:00:06.652,(-8 3 -1 -3 -2 -11 -38 -12)
1969/12/31/18:00:06.653,(-11 5 6 6 7 22 -28 -24)
1969/12/31/18:00:06.654,(2 1 -3 0 -2 -8 26 26)
1969/12/31/18:00:06.665,(-22 -3 1 0 2 11 -32 -22)
1969/12/31/18:00:06.665,(0 -7 -7 -4 -6 -3 14 -20)
1969/12/31/18:00:06.674,(6 6 9 9 7 -14 16 36)
1969/12/31/18:00:06.674,(11 -1 -7 -6 -6 -9 -10 8)
1969/12/31/18:00:06.687,(16 13 8 9 9 18 21 23)
1969/12/31/18:00:06.687,(-4 -8 -6 -7 -5 -4 3 -42)
1969/12/31/18:00:06.696,(-4 -9 -5 -2 1 18 18 50)
1969/12/31/18:00:06.696,(-9 1 0 -3 -4 -4 3 -19)
1969/12/31/18:00:06.711,(7 -5 -3 -5 1 2 0 -1)
1969/12/31/18:00:06.711,(-3 8 6 4 3 17 8 12)
1969/12/31/18:00:06.713,(-7 -6 0 3 7 16 25 61)
1969/12/31/18:00:06.713,(53 12 4 1 -2 -9 2 28)
1969/12/31/18:00:06.734,(-60 -10 -8 -4 -1 -9 -19 -31)
1969/12/31/18:00:06.734,(1 -21 -15 -13 -10 7 1 -15)
1969/12/31/18:00:06.735,(9 2 1 -1 0 2 9 10)
1969/12/31/18:00:06.735,(-15 1 6 4 0 0 0 -14)
1969/12/31/18:00:06.748,(56 23 13 13 10 14 15 27)
1969/12/31/18:00:06.748,(-23 -15 -11 -10 -4 -12 -28 -25)
1969/12/31/18:00:06.755,(-1 0 1 -1 -2 -2 -4 0)
1969/12/31/18:00:06.755,(-6 2 -1 -3 -3 -7 -4 -24)
1969/12/31/18:00:06.772,(3 0 4 5 6 17 13 47)
1969/12/31/18:00:06.772,(8 9 2 2 -1 -4 6 -22)
1969/12/31/18:00:06.773,(-11 -5 -5 -7 -6 -25 -37 -64)
1969/12/31/18:00:06.773,(-26 -16 -10 -10 -9 -13 -14 -40)
1969/12/31/18:00:06.794,(2 -5 -3 -7 -5 1 2 6)
1969/12/31/18:00:06.794,(-1 -1 0 1 -2 0 -3 8)
1969/12/31/18:00:06.795,(-2 7 -1 -1 -4 -2 -16 -23)
1969/12/31/18:00:06.795,(3 -6 -5 -2 -1 1 21 5)
1969/12/31/18:00:06.808,(-6 -9 -6 -5 -7 -10 -14 -35)
1969/12/31/18:00:06.808,(-13 -1 0 1 0 3 16 37)
1969/12/31/18:00:06.815,(46 26 14 13 14 28 26 75)
1969/12/31/18:00:06.815,(-9 1 -5 -6 -12 -37 -32 -61)
1969/12/31/18:00:06.831,(-10 -12 -3 -4 -2 3 -9 -44)
1969/12/31/18:00:06.831,(21 5 -1 -1 0 0 5 24)
1969/12/31/18:00:06.833,(-5 -2 1 -2 -5 -10 3 5)
1969/12/31/18:00:06.833,(15 15 10 8 7 16 6 -2)
1969/12/31/18:00:06.854,(-7 -8 -1 1 0 2 4 -5)
1969/12/31/18:00:06.854,(48 30 12 12 10 3 28 96)
1969/12/31/18:00:06.855,(-11 -10 -11 -10 -6 2 -20 -79)
1969/12/31/18:00:06.855,(4 -3 1 1 1 3 -8 -7)
1969/12/31/18:00:06.868,(-14 -21 -13 -12 -9 -10 -11 -9)
1969/12/31/18:00:06.868,(-7 4 2 2 3 1 -6 1)
1969/12/31/18:00:06.875,(45 1 -7 -3 -5 1 6 34)
1969/12/31/18:00:06.875,(3 13 10 6 6 -12 -7 34)
1969/12/31/18:00:06.891,(20 6 4 2 2 34 38 11)
1969/12/31/18:00:06.891,(-15 -13 -15 -14 -11 -5 -32 -68)
1969/12/31/18:00:06.893,(-8 -7 -3 -1 1 12 3 28)
1969/12/31/18:00:06.893,(11 -23 -7 -6 -2 3 15 62)
1969/12/31/18:00:06.914,(-6 11 6 5 3 -17 -34 -38)
1969/12/31/18:00:06.914,(-52 -5 -1 0 -2 2 -6 -51)
1969/12/31/18:00:06.916,(-28 -10 -6 -6 -3 -3 -12 -46)
1969/12/31/18:00:06.916,(-9 4 -3 1 -3 1 2 -8)
1969/12/31/18:00:06.928,(-13 -9 -6 -1 -1 7 2 -19)
1969/12/31/18:00:06.928,(1 11 6 5 2 0 -4 -16)
1969/12/31/18:00:06.937,(-30 -20 -11 -8 -7 -22 -23 -19)
1969/12/31/18:00:06.937,(-29 -7 2 4 4 14 15 14)
1969/12/31/18:00:06.951,(39 16 3 1 3 2 12 21)
1969/12/31/18:00:06.951,(-38 -18 -10 -8 -11 -34 -34 -65)
1969/12/31/18:00:06.953,(-27 -16 -7 -7 -1 8 -8 17)
1969/12/31/18:00:06.953,(19 -8 -4 -3 -3 0 11 34)
1969/12/31/18:00:06.974,(40 28 10 8 0 -28 12 31)
1969/12/31/18:00:06.974,(-15 -43 -18 -10 -3 28 0 -10)
1969/12/31/18:00:06.976,(10 9 2 -3 -8 -3 -4 -9)
1969/12/31/18:00:06.976,(-30 -9 -7 -2 10 52 6 -63)
1969/12/31/18:00:06.988,(10 3 2 -1 -9 -14 -12 31)
1969/12/31/18:00:06.988,(16 7 0 2 -1 6 25 68)
1969/12/31/18:00:06.996,(-16 0 8 3 -2 -16 -7 -29)
1969/12/31/18:00:06.997,(-10 6 0 1 4 15 16 -3)
1969/12/31/18:00:07.011,(11 7 4 2 9 27 19 46)
1969/12/31/18:00:07.011,(39 11 11 9 5 -5 6 26)
1969/12/31/18:00:07.013,(-19 -14 -12 -8 -5 -14 -23 -93)
1969/12/31/18:00:07.013,(-21 -6 0 -1 0 49 0 -25)
1969/12/31/18:00:07.034,(-28 -22 -12 -9 -10 -49 -9 34)
1969/12/31/18:00:07.034,(14 0 0 -2 -4 -11 31 61)
1969/12/31/18:00:07.035,(39 15 11 10 9 10 24 95)
1969/12/31/18:00:07.035,(11 14 6 3 3 -13 4 -6)
1969/12/31/18:00:07.047,(-20 -1 -5 -5 -7 3 -32 -26)
1969/12/31/18:00:07.047,(1 -7 -12 -16 -11 -9 -3 -33)
1969/12/31/18:00:07.063,(4 -3 1 4 0 -20 -13 40)
1969/12/31/18:00:07.063,(-7 -10 -1 -3 -5 -12 6 17)
1969/12/31/18:00:07.071,(16 -6 0 0 7 28 1 43)
1969/12/31/18:00:07.071,(49 35 14 11 6 -13 20 67)
1969/12/31/18:00:07.073,(-3 -12 -8 -7 7 83 41 4)
1969/12/31/18:00:07.073,(32 13 6 4 0 -11 3 37)
1969/12/31/18:00:07.094,(-69 -15 -8 -9 -10 -23 -37 -92)
1969/12/31/18:00:07.094,(-7 -12 -5 -4 0 -6 -10 -29)
1969/12/31/18:00:07.095,(46 25 8 8 22 17 28 42)
1969/12/31/18:00:07.095,(-52 -30 -15 -14 -22 -17 -27 -53)
1969/12/31/18:00:07.108,(35 12 10 6 -1 6 5 -3)
1969/12/31/18:00:07.108,(0 5 4 7 19 45 16 31)
1969/12/31/18:00:07.117,(5 10 1 0 -6 -7 -7 37)
1969/12/31/18:00:07.117,(25 28 3 0 -5 -32 -11 4)
1969/12/31/18:00:07.131,(-33 -30 -4 0 13 -6 0 -29)
1969/12/31/18:00:07.131,(-32 -7 2 2 4 8 -4 -30)
1969/12/31/18:00:07.133,(-13 -15 -15 -11 -18 -28 -16 -10)
1969/12/31/18:00:07.133,(-37 -10 -2 -5 -21 -53 -61 -63)
1969/12/31/18:00:07.154,(36 16 1 -2 -3 1 6 28)
1969/12/31/18:00:07.154,(-16 -2 5 6 17 13 -1 -3)
1969/12/31/18:00:07.155,(-21 -22 -2 3 17 27 29 1)
1969/12/31/18:00:07.155,(11 15 -1 -1 -12 -5 14 18)
1969/12/31/18:00:07.167,(2 -1 -2 -4 -19 -36 -14 -18)
1969/12/31/18:00:07.168,(-10 -3 0 4 23 33 -17 -27)
1969/12/31/18:00:07.176,(14 17 3 0 -6 -67 11 17)
1969/12/31/18:00:07.177,(4 -8 -1 1 2 15 5 8)
1969/12/31/18:00:07.191,(0 10 -2 -7 4 31 6 -4)
1969/12/31/18:00:07.191,(-64 -26 -9 4 8 -50 10 -26)
1969/12/31/18:00:07.205,(-12 2 1 -6 -12 29 4 -5)
1969/12/31/18:00:07.205,(15 -22 -8 -9 -16 -14 -17 18)
1969/12/31/18:00:07.214,(49 23 2 -8 -35 -38 20 65)
1969/12/31/18:00:07.214,(12 -10 -10 -3 28 27 -4 49)
1969/12/31/18:00:07.215,(-7 -2 14 40 87 45 -22 -41)
1969/12/31/18:00:07.215,(3 8 -4 -21 -80 -43 12 7)
1969/12/31/18:00:07.228,(-4 -15 -15 -35 -51 1 4 16)
1969/12/31/18:00:07.228,(19 22 7 0 -1 -3 -10 -31)
1969/12/31/18:00:07.237,(-8 -5 3 26 101 58 16 -22)
1969/12/31/18:00:07.237,(32 16 13 26 -32 -37 -6 7)
1969/12/31/18:00:07.251,(-28 -16 -10 -46 -90 -62 -15 -19)
1969/12/31/18:00:07.251,(18 13 -2 -26 -32 -12 -7 -6)
1969/12/31/18:00:07.253,(-13 1 2 -2 5 3 -11 -22)
1969/12/31/18:00:07.253,(16 9 2 19 72 -11 16 20)
1969/12/31/18:00:07.274,(-35 -8 4 29 49 36 1 -29)
1969/12/31/18:00:07.274,(-4 -5 -2 5 -8 2 -4 -22)
1969/12/31/18:00:07.276,(-18 -13 -8 -14 -42 -22 1 16)
1969/12/31/18:00:07.276,(-41 -34 -25 -21 -7 0 -22 -13)
1969/12/31/18:00:07.287,(13 19 7 15 23 24 3 -10)
1969/12/31/18:00:07.287,(8 -6 -6 -4 3 3 1 5)
1969/12/31/18:00:07.296,(2 -1 -4 -1 -19 2 2 -3)
1969/12/31/18:00:07.296,(-3 0 -2 -15 -23 5 -7 11)
1969/12/31/18:00:07.311,(4 -1 1 6 24 0 0 -18)
1969/12/31/18:00:07.311,(10 25 13 -7 -43 -21 -10 -6)
1969/12/31/18:00:07.313,(-13 -20 -4 -2 -2 -39 -4 1)
1969/12/31/18:00:07.313,(24 12 11 19 19 42 -2 0)
1969/12/31/18:00:07.334,(14 11 -3 -7 -6 -63 -66 -6)
1969/12/31/18:00:07.334,(-40 -8 -1 -1 -4 -21 26 -39)
1969/12/31/18:00:07.348,(17 13 -3 -17 -42 -28 -16 -9)
1969/12/31/18:00:07.348,(-17 -5 2 9 52 40 16 -8)
1969/12/31/18:00:07.349,(-13 -14 2 21 27 21 -4 -12)
1969/12/31/18:00:07.349,(8 6 -1 1 -2 7 -7 6)
1969/12/31/18:00:07.357,(10 10 4 -4 -36 -30 -10 2)
1969/12/31/18:00:07.357,(3 4 0 7 62 37 -6 -12)
1969/12/31/18:00:07.371,(1 3 1 1 -42 -3 12 16)
1969/12/31/18:00:07.371,(10 4 -1 -7 -10 7 -3 0)
1969/12/31/18:00:07.373,(-18 -19 -6 -5 -17 -20 -7 -18)
1969/12/31/18:00:07.373,(16 10 4 8 45 49 19 21)
1969/12/31/18:00:07.394,(3 -3 -2 5 12 0 9 -7)
1969/12/31/18:00:07.394,(0 -7 1 10 -7 -16 -9 55)
1969/12/31/18:00:07.396,(1 4 -5 -10 -15 10 -6 -20)
1969/12/31/18:00:07.396,(7 9 -6 -11 -9 -23 -10 -8)
1969/12/31/18:00:07.407,(-17 0 24 22 11 31 26 -3)
1969/12/31/18:00:07.407,(-16 -15 -13 -10 -17 -21 -24 -17)
1969/12/31/18:00:07.417,(1 15 -3 14 57 37 7 -16)
1969/12/31/18:00:07.417,(-1 -20 -14 -17 -42 -27 -8 -19)
1969/12/31/18:00:07.431,(-4 -13 4 -6 32 36 23 22)
1969/12/31/18:00:07.432,(-17 -14 0 4 -25 -13 11 -18)
1969/12/31/18:00:07.433,(-35 -25 -1 -20 -44 -26 -36 -67)
1969/12/31/18:00:07.433,(39 -22 -31 8 78 47 8 11)
1969/12/31/18:00:07.454,(17 33 -13 -8 -47 -54 -26 -38)
1969/12/31/18:00:07.454,(-56 -3 58 7 -6 0 -9 -11)
1969/12/31/18:00:07.455,(25 -6 -20 -3 -11 -23 -7 14)
1969/12/31/18:00:07.455,(-24 -9 14 1 -6 3 9 -10)
1969/12/31/18:00:07.467,(59 5 -33 -2 13 34 23 44)
1969/12/31/18:00:07.467,(-12 -28 -10 -13 24 4 -17 -47)
1969/12/31/18:00:07.482,(24 47 21 8 -3 -15 -13 12)
1969/12/31/18:00:07.482,(-10 11 -10 15 49 22 -12 7)
1969/12/31/18:00:07.499,(-19 -33 1 -9 -1 31 31 33)
1969/12/31/18:00:07.499,(24 9 -19 -23 -60 -61 -20 12)
1969/12/31/18:00:07.500,(-16 -12 11 -12 13 0 -3 -5)
1969/12/31/18:00:07.500,(11 41 12 -10 -36 -36 -14 -9)
1969/12/31/18:00:07.514,(-54 -53 -38 2 48 33 -5 -39)
1969/12/31/18:00:07.514,(19 3 -11 21 72 47 -1 7)
1969/12/31/18:00:07.515,(-7 -46 -34 -26 -69 -31 22 40)
1969/12/31/18:00:07.515,(-3 17 27 3 -75 -61 -11 20)
1969/12/31/18:00:07.527,(-54 45 75 16 -12 -19 -25 -83)
1969/12/31/18:00:07.528,(-1 -60 -39 -1 20 28 19 3)
1969/12/31/18:00:07.536,(10 45 -12 -17 2 11 4 14)
1969/12/31/18:00:07.537,(13 15 -7 -1 11 26 18 10)
1969/12/31/18:00:07.551,(65 25 12 11 -5 -14 5 47)
1969/12/31/18:00:07.551,(-33 -12 -2 1 21 8 -1 -22)
1969/12/31/18:00:07.557,(-15 -71 -35 18 60 48 9 -4)
1969/12/31/18:00:07.557,(2 -75 -42 -19 -24 -22 15 9)
1969/12/31/18:00:07.574,(12 64 14 -43 -47 -65 -31 30)
1969/12/31/18:00:07.574,(28 124 98 67 83 30 -7 23)
1969/12/31/18:00:07.575,(25 12 -11 -14 -36 47 22 42)
1969/12/31/18:00:07.575,(17 12 30 9 -13 -28 16 27)
1969/12/31/18:00:07.595,(-17 -83 -51 -8 23 5 -4 -14)
1969/12/31/18:00:07.595,(29 -70 -59 -8 27 52 55 57)
1969/12/31/18:00:07.611,(-32 82 52 -23 -84 -70 -41 -42)
1969/12/31/18:00:07.611,(-41 -60 5 18 34 31 -16 -40)
1969/12/31/18:00:07.619,(19 3 -28 -1 45 33 12 13)
1969/12/31/18:00:07.619,(21 9 -18 -21 -66 -33 -4 17)
1969/12/31/18:00:07.627,(83 34 11 24 60 37 27 76)
1969/12/31/18:00:07.627,(-22 -40 15 -4 6 -4 -19 -9)
1969/12/31/18:00:07.634,(9 25 -14 -3 -30 -3 -6 -4)
1969/12/31/18:00:07.634,(10 5 -23 -23 0 6 -8 -22)
1969/12/31/18:00:07.635,(-25 -43 -16 20 23 5 40 34)
1969/12/31/18:00:07.635,(19 127 87 43 42 34 -14 -13)
1969/12/31/18:00:07.656,(11 -59 -24 -26 -56 -53 -7 27)
1969/12/31/18:00:07.656,(16 -8 -36 -27 -25 -22 -40 -5)
1969/12/31/18:00:07.658,(-104 -46 -10 -19 -26 -39 -13 -91)
1969/12/31/18:00:07.658,(-10 -17 -33 -20 46 26 3 8)
1969/12/31/18:00:07.672,(3 -5 28 54 82 69 48 43)
1969/12/31/18:00:07.672,(-42 109 85 17 -60 -53 -25 -16)
1969/12/31/18:00:07.677,(22 -60 -11 0 7 6 -10 32)
1969/12/31/18:00:07.678,(15 -41 -92 -43 -21 6 11 -12)
1969/12/31/18:00:07.694,(59 36 47 30 40 32 29 93)
1969/12/31/18:00:07.694,(-25 8 -16 -17 -20 -42 -32 -79)
1969/12/31/18:00:07.696,(23 70 69 31 25 -13 -5 11)
1969/12/31/18:00:07.696,(17 10 -10 3 -24 -25 -12 7)
1969/12/31/18:00:07.717,(-45 -47 -35 -57 -65 -62 -78 -63)
1969/12/31/18:00:07.717,(26 -12 11 31 127 86 44 70)
1969/12/31/18:00:07.718,(38 -13 -19 -34 -105 -55 -11 -39)
1969/12/31/18:00:07.718,(-68 -47 -36 -20 32 5 -45 -104)
1969/12/31/18:00:07.731,(-5 2 -4 -3 -34 -37 -22 -11)
1969/12/31/18:00:07.731,(-26 -100 -63 -66 -113 -88 -34 -46)
1969/12/31/18:00:07.733,(16 30 -11 30 127 67 4 -7)
1969/12/31/18:00:07.733,(9 48 46 25 44 53 6 18)
1969/12/31/18:00:07.754,(30 -68 -83 -31 -36 -7 23 -8)
1969/12/31/18:00:07.754,(-23 127 127 55 -16 -7 4 -16)
1969/12/31/18:00:07.756,(73 -81 -55 -7 -24 8 19 71)
1969/12/31/18:00:07.756,(-38 -35 -46 -16 -21 -30 -17 -14)
1969/12/31/18:00:07.777,(-72 -23 23 38 63 45 -2 -74)
1969/12/31/18:00:07.777,(111 -91 -112 -15 -14 30 19 22)
1969/12/31/18:00:07.778,(-106 58 110 14 -15 -22 -28 -66)
1969/12/31/18:00:07.778,(-33 55 23 -13 -79 -65 -29 -65)
1969/12/31/18:00:07.790,(-29 12 6 -3 26 45 3 -67)
1969/12/31/18:00:07.790,(15 -18 -25 -16 -15 -24 -2 19)
1969/12/31/18:00:07.799,(-37 -44 -35 -5 32 9 -10 -23)
1969/12/31/18:00:07.799,(14 -5 12 13 46 43 7 2)
1969/12/31/18:00:07.814,(-6 -10 -29 -10 -49 -24 44 57)
1969/12/31/18:00:07.814,(-29 115 89 35 61 42 -22 -15)
1969/12/31/18:00:07.816,(1 11 -24 -5 -34 -25 -38 -103)
1969/12/31/18:00:07.816,(43 -49 -57 -18 12 1 16 64)
1969/12/31/18:00:07.836,(-1 44 39 30 34 35 19 58)
1969/12/31/18:00:07.837,(-34 -31 20 -4 -16 -2 17 27)
1969/12/31/18:00:07.838,(50 17 -7 11 21 1 29 88)
1969/12/31/18:00:07.838,(-20 25 52 -5 -109 -71 -1 34)
1969/12/31/18:00:07.851,(42 38 21 15 51 33 4 44)
1969/12/31/18:00:07.851,(24 -70 -64 -15 44 37 25 96)
1969/12/31/18:00:07.857,(-4 16 11 3 -4 -16 -35 -43)
1969/12/31/18:00:07.857,(36 -90 -69 -23 -39 -32 -1 76)
1969/12/31/18:00:07.874,(-56 -26 -23 -26 -59 -32 5 -46)
1969/12/31/18:00:07.874,(-77 85 89 -11 -88 -73 -38 -101)
1969/12/31/18:00:07.875,(24 -92 -112 -15 61 45 30 16)
1969/12/31/18:00:07.875,(-17 101 86 14 22 10 24 -43)
1969/12/31/18:00:07.897,(27 75 38 34 45 7 -16 -2)
1969/12/31/18:00:07.897,(-19 -128 -99 -19 41 42 5 -39)
1969/12/31/18:00:07.899,(-50 70 67 33 -11 20 22 36)
1969/12/31/18:00:07.899,(-28 76 37 15 -8 -41 -24 -79)
1969/12/31/18:00:07.910,(28 -27 -18 -14 -11 4 16 32)
1969/12/31/18:00:07.910,(-7 -14 -21 4 1 15 10 0)
1969/12/31/18:00:07.919,(6 -63 -40 -29 -21 9 27 26)
1969/12/31/18:00:07.919,(36 -48 -13 19 71 27 -8 71)
1969/12/31/18:00:07.934,(-4 51 12 -46 -71 -30 -20 -21)
1969/12/31/18:00:07.934,(58 5 -11 12 35 21 34 71)
1969/12/31/18:00:07.935,(5 -4 -7 -7 -14 -2 5 38)
1969/12/31/18:00:07.935,(-23 -69 -36 4 52 110 55 32)
1969/12/31/18:00:07.956,(-4 59 57 12 -55 -78 -40 -43)
1969/12/31/18:00:07.956,(-8 28 20 -11 -66 -57 -38 -70)
1969/12/31/18:00:07.958,(-26 50 -3 -13 18 24 15 -22)
1969/12/31/18:00:07.958,(9 -2 15 34 45 13 -25 -18)
1969/12/31/18:00:07.979,(35 -10 38 36 40 40 22 37)
1969/12/31/18:00:07.979,(-8 47 72 21 21 -5 12 19)
1969/12/31/18:00:07.980,(8 68 70 15 -35 -26 -26 -13)
1969/12/31/18:00:07.980,(20 -37 -82 -27 -33 -10 36 81)
1969/12/31/18:00:07.994,(-39 -52 -13 21 95 50 -7 -42)
1969/12/31/18:00:07.994,(59 35 11 -6 -62 -45 -21 75)
1969/12/31/18:00:07.996,(-45 -59 -14 -10 -2 -8 3 16)
1969/12/31/18:00:07.996,(27 19 -1 1 13 4 29 44)
1969/12/31/18:00:08.016,(-10 -46 -67 -53 -36 2 -5 13)
1969/12/31/18:00:08.016,(40 -20 -13 22 38 32 33 43)
1969/12/31/18:00:08.018,(-9 46 36 5 -10 -26 -30 -29)
1969/12/31/18:00:08.018,(-23 -38 -1 3 18 19 5 -61)
1969/12/31/18:00:08.030,(-14 57 20 11 3 -25 -27 -63)
1969/12/31/18:00:08.030,(4 -50 -55 -5 41 44 18 -9)
1969/12/31/18:00:08.045,(40 -56 -42 -17 -34 -23 -13 22)
1969/12/31/18:00:08.045,(-36 -24 -17 -20 25 -19 -42 -63)
1969/12/31/18:00:08.054,(2 37 36 4 -52 -14 4 21)
1969/12/31/18:00:08.054,(-59 -76 -56 -32 -11 -15 -20 -76)
1969/12/31/18:00:08.055,(40 19 12 14 5 0 14 15)
1969/12/31/18:00:08.056,(-16 0 8 -3 -3 1 -15 -1)
1969/12/31/18:00:08.084,(55 6 -3 8 12 5 26 102)
1969/12/31/18:00:08.084,(-28 -24 -34 -14 26 19 -4 -65)
1969/12/31/18:00:08.085,(-1 26 33 10 -2 -1 -8 7)
1969/12/31/18:00:08.085,(14 -48 -42 -16 -52 -45 9 7)
1969/12/31/18:00:08.090,(-22 72 44 -3 -35 -37 -38 -66)
1969/12/31/18:00:08.090,(5 50 21 -8 2 15 30 36)
1969/12/31/18:00:08.099,(46 -70 -43 12 51 28 -1 2)
1969/12/31/18:00:08.099,(-4 -58 -58 -19 19 46 9 1)
1969/12/31/18:00:08.114,(-16 27 36 20 -38 -27 23 41)
1969/12/31/18:00:08.114,(6 -2 13 16 16 -35 -29 -10)
1969/12/31/18:00:08.116,(-40 -39 -57 -34 -18 -9 -26 -57)
1969/12/31/18:00:08.116,(0 41 42 -23 -89 -74 -29 17)
1969/12/31/18:00:08.136,(-2 -128 -128 -21 96 59 41 18)
1969/12/31/18:00:08.136,(23 109 88 17 -68 -34 -12 -24)
1969/12/31/18:00:08.138,(-14 62 20 31 37 24 9 35)
1969/12/31/18:00:08.138,(36 -11 -9 13 -9 -2 20 -23)
1969/12/31/18:00:08.150,(-50 -114 -76 -37 24 34 -32 -67)
1969/12/31/18:00:08.150,(4 17 19 4 -32 -17 23 50)
1969/12/31/18:00:08.165,(35 -30 3 20 69 -3 -19 15)
1969/12/31/18:00:08.165,(-47 9 -35 -53 -113 -23 18 -8)
1969/12/31/18:00:08.174,(-8 96 98 36 57 5 -21 -13)
1969/12/31/18:00:08.174,(-36 -65 -61 -10 66 13 -15 -39)
1969/12/31/18:00:08.176,(27 12 3 7 -4 0 37 68)
1969/12/31/18:00:08.176,(-19 -28 -5 -12 -40 -54 -48 -39)
1969/12/31/18:00:08.196,(34 -33 -39 -7 42 42 13 -13)
1969/12/31/18:00:08.196,(9 58 43 22 -23 -5 9 8)
1969/12/31/18:00:08.198,(-32 -35 -35 -28 -53 -14 -4 -23)
1969/12/31/18:00:08.198,(33 81 67 50 80 25 -4 4)
1969/12/31/18:00:08.210,(-14 26 25 -31 -123 -59 -13 -5)
1969/12/31/18:00:08.210,(0 -13 -19 12 55 43 14 36)
1969/12/31/18:00:08.219,(1 -103 -78 -31 -12 1 -16 -29)
1969/12/31/18:00:08.219,(-13 63 67 40 28 18 4 -14)
1969/12/31/18:00:08.234,(-9 20 -43 -8 13 -6 -31 -78)
1969/12/31/18:00:08.234,(39 13 -3 1 -15 -3 5 27)
1969/12/31/18:00:08.235,(-42 -65 -22 -10 28 44 11 -34)
1969/12/31/18:00:08.236,(-25 -36 -42 -24 -75 -53 3 -17)
1969/12/31/18:00:08.256,(20 -9 16 2 -1 -26 -12 30)
1969/12/31/18:00:08.256,(-13 -66 -22 -7 3 12 -12 -14)
1969/12/31/18:00:08.258,(14 51 -15 -32 -50 -24 -6 -29)
1969/12/31/18:00:08.258,(-37 28 69 29 56 34 -4 -30)
1969/12/31/18:00:08.270,(-1 64 26 25 54 21 13 16)
1969/12/31/18:00:08.270,(-24 -115 -67 -32 -106 -75 -18 -13)
1969/12/31/18:00:08.279,(52 84 20 10 13 18 18 57)
1969/12/31/18:00:08.279,(0 5 32 33 57 52 47 4)
1969/12/31/18:00:08.294,(-22 35 51 18 -8 -8 -16 2)
1969/12/31/18:00:08.294,(7 1 -47 -22 16 13 4 17)
1969/12/31/18:00:08.295,(14 -26 27 15 -15 -27 -4 17)
1969/12/31/18:00:08.295,(14 -46 -85 -30 53 25 25 55)
1969/12/31/18:00:08.317,(-22 -15 2 -1 -5 16 -14 -62)
1969/12/31/18:00:08.317,(-7 43 40 18 20 29 -3 -24)
1969/12/31/18:00:08.319,(-22 -18 -26 -25 -33 -47 -35 -66)
1969/12/31/18:00:08.319,(28 29 10 2 -39 -18 0 -30)
1969/12/31/18:00:08.331,(20 -68 -70 -10 38 22 16 47)
1969/12/31/18:00:08.331,(-11 -19 8 -18 -32 -19 -6 -8)
1969/12/31/18:00:08.339,(-24 49 31 19 50 34 10 9)
1969/12/31/18:00:08.339,(42 23 -6 18 28 14 7 32)
1969/12/31/18:00:08.354,(26 -57 -21 -11 -30 -35 -14 15)
1969/12/31/18:00:08.354,(17 1 -5 10 88 59 39 49)
1969/12/31/18:00:08.355,(40 54 14 -16 -108 -39 -3 34)
1969/12/31/18:00:08.356,(-60 -6 56 2 -6 -5 9 -25)
1969/12/31/18:00:08.376,(-9 12 -6 -2 1 -2 0 -4)
1969/12/31/18:00:08.376,(34 -6 2 14 22 -5 -18 7)
1969/12/31/18:00:08.378,(5 -18 -8 11 75 53 25 30)
1969/12/31/18:00:08.378,(40 59 33 18 -58 -31 29 22)
1969/12/31/18:00:08.390,(7 6 -14 -22 -30 -9 -21 -21)
1969/12/31/18:00:08.390,(-18 -3 3 6 13 1 -25 -26)
1969/12/31/18:00:08.399,(-56 -29 7 -8 -16 -21 -4 -34)
1969/12/31/18:00:08.399,(47 -37 -41 -23 -10 6 -30 39)
1969/12/31/18:00:08.412,(-43 1 0 8 18 5 7 -21)
1969/12/31/18:00:08.412,(28 11 -10 -6 -16 0 8 45)
1969/12/31/18:00:08.421,(-45 -47 -17 -14 -21 10 9 -9)
1969/12/31/18:00:08.421,(-42 -5 -2 -13 -31 -26 -14 16)
1969/12/31/18:00:08.437,(73 -11 -22 8 2 14 43 73)
1969/12/31/18:00:08.437,(-36 36 27 -8 -1 -14 3 -50)
1969/12/31/18:00:08.439,(5 39 29 19 -15 -29 -8 -3)
1969/12/31/18:00:08.439,(27 -86 -68 -25 -10 13 -8 -3)
1969/12/31/18:00:08.450,(-35 -15 -19 -9 44 35 -5 -8)
1969/12/31/18:00:08.450,(-2 -9 -26 8 -54 -39 -21 -33)
1969/12/31/18:00:08.459,(16 59 57 30 65 52 26 29)
1969/12/31/18:00:08.459,(-49 24 54 4 8 -36 -25 -75)
1969/12/31/18:00:08.474,(-11 -56 -41 -20 -71 -30 -15 -14)
1969/12/31/18:00:08.474,(-8 -79 -43 -11 37 18 16 39)
1969/12/31/18:00:08.475,(15 -20 -66 -26 2 -4 -10 -4)
1969/12/31/18:00:08.475,(7 104 87 52 19 17 15 44)
1969/12/31/18:00:08.496,(33 -10 -24 31 96 56 39 36)
1969/12/31/18:00:08.496,(-16 53 52 -15 -67 -17 -9 -59)
1969/12/31/18:00:08.498,(-2 28 30 12 -14 0 -5 -13)
1969/12/31/18:00:08.498,(11 -42 -52 -20 30 27 3 27)
1969/12/31/18:00:08.510,(26 24 10 3 13 -14 1 3)
1969/12/31/18:00:08.510,(11 4 3 9 -11 -13 10 25)
1969/12/31/18:00:08.519,(-3 56 53 15 -4 -11 -14 -23)
1969/12/31/18:00:08.519,(19 -43 -30 7 50 30 26 35)
1969/12/31/18:00:08.533,(-60 37 54 -23 -82 -45 -37 -67)
1969/12/31/18:00:08.533,(22 -30 -45 -5 24 2 -1 16)
1969/12/31/18:00:08.540,(-64 -32 -11 -9 -15 -6 4 -29)
1969/12/31/18:00:08.540,(26 -68 -93 -44 -22 4 -9 19)
1969/12/31/18:00:08.557,(5 11 37 7 -13 -37 24 3)
1969/12/31/18:00:08.557,(-25 19 -12 -6 1 2 -21 -5)
1969/12/31/18:00:08.558,(1 98 101 40 24 -2 7 3)
1969/12/31/18:00:08.558,(-2 -67 -24 2 17 5 2 31)
1969/12/31/18:00:08.580,(-30 -21 -58 -21 -25 13 0 -27)
1969/12/31/18:00:08.580,(42 79 53 27 13 16 34 12)
1969/12/31/18:00:08.581,(25 -95 -63 -37 -5 -1 -17 5)
1969/12/31/18:00:08.581,(-15 -12 -19 -18 -45 -32 -30 -22)
1969/12/31/18:00:08.593,(28 63 59 38 78 52 18 29)
1969/12/31/18:00:08.593,(-25 -26 -8 -20 -46 -9 -30 -17)
1969/12/31/18:00:08.602,(60 -11 -11 20 38 12 37 69)
1969/12/31/18:00:08.602,(-40 -43 -61 -32 -13 -27 -23 -95)
1969/12/31/18:00:08.616,(-31 58 86 10 -61 -45 -10 -4)
1969/12/31/18:00:08.616,(23 -16 -31 14 34 16 21 -11)
1969/12/31/18:00:08.618,(-6 -53 -41 -31 -54 -29 -24 -9)
1969/12/31/18:00:08.618,(-29 -17 -5 -2 29 10 -31 -17)
1969/12/31/18:00:08.639,(6 -85 -80 -11 14 5 -11 -3)
1969/12/31/18:00:08.639,(-34 112 112 51 24 -2 -3 -30)
1969/12/31/18:00:08.640,(54 51 18 3 1 -11 -8 30)
1969/12/31/18:00:08.640,(-19 36 69 23 -13 11 35 11)
1969/12/31/18:00:08.653,(-4 -97 -76 -24 4 18 -12 -9)
1969/12/31/18:00:08.653,(10 -53 -51 -20 -13 -5 6 55)
1969/12/31/18:00:08.660,(-56 -33 -12 4 31 -12 -25 -58)
1969/12/31/18:00:08.660,(51 32 2 10 34 18 -6 9)
1969/12/31/18:00:08.676,(-14 35 28 -21 -104 -48 -5 -1)
1969/12/31/18:00:08.676,(20 -60 -49 -36 -22 -9 -2 35)
1969/12/31/18:00:08.678,(-30 -1 -3 10 41 3 14 13)
1969/12/31/18:00:08.678,(-15 -2 1 -10 55 41 10 -14)
1969/12/31/18:00:08.699,(52 -20 -38 13 37 18 0 23)
1969/12/31/18:00:08.699,(4 51 34 11 -34 -38 -6 6)
1969/12/31/18:00:08.700,(-52 71 78 27 14 8 -3 -70)
1969/12/31/18:00:08.700,(19 7 3 -2 -47 -18 -3 18)
1969/12/31/18:00:08.714,(-24 -82 -47 -19 17 8 4 3)
1969/12/31/18:00:08.714,(29 0 -39 -2 23 16 -4 -2)
1969/12/31/18:00:08.720,(-26 -47 -9 -8 -24 -2 -4 -18)
1969/12/31/18:00:08.720,(55 -12 -26 1 27 22 18 34)
1969/12/31/18:00:08.736,(11 127 119 43 21 -7 3 3)
1969/12/31/18:00:08.736,(-43 -55 -33 -11 -8 -1 -8 -28)
1969/12/31/18:00:08.738,(14 -44 -66 -15 -14 10 -9 -4)
1969/12/31/18:00:08.738,(-58 8 50 10 -12 -24 -13 -62)
1969/12/31/18:00:08.759,(-3 -31 -37 -14 -38 -27 -19 -17)
1969/12/31/18:00:08.759,(-20 6 18 -17 -6 4 -19 -41)
1969/12/31/18:00:08.760,(2 -2 -16 -1 3 0 25 43)
1969/12/31/18:00:08.760,(45 -12 -44 -36 -50 -29 -1 23)
1969/12/31/18:00:08.773,(-44 -30 24 11 31 3 3 -13)
1969/12/31/18:00:08.773,(4 39 20 -5 1 15 9 8)
1969/12/31/18:00:08.780,(32 -23 -36 -45 -56 -36 -26 6)
1969/12/31/18:00:08.780,(-8 24 24 66 27 6 8 -9)
1969/12/31/18:00:08.796,(30 -13 -14 21 41 19 13 19)
1969/12/31/18:00:08.796,(28 -8 -11 8 16 6 1 7)
1969/12/31/18:00:08.798,(-22 2 20 -16 -9 9 7 10)
1969/12/31/18:00:08.798,(-2 -11 -40 -38 -14 -23 -16 -12)
1969/12/31/18:00:08.819,(5 47 44 10 0 9 -1 -16)
1969/12/31/18:00:08.819,(43 24 4 3 8 13 21 22)
1969/12/31/18:00:08.820,(-13 -2 22 10 5 2 -32 -42)
1969/12/31/18:00:08.820,(4 36 30 10 -7 -15 7 22)
1969/12/31/18:00:08.833,(-20 -109 -63 -25 -26 19 -7 3)
1969/12/31/18:00:08.833,(-6 -40 -65 -46 -49 -47 -13 -12)
1969/12/31/18:00:08.840,(23 59 72 38 21 10 17 16)
1969/12/31/18:00:08.840,(-48 1 -13 -1 41 8 -9 -76)
1969/12/31/18:00:08.857,(-27 -10 -3 0 58 60 -6 -26)
1969/12/31/18:00:08.857,(4 -8 0 -20 -89 -77 -16 10)
1969/12/31/18:00:08.858,(-14 -25 -22 4 12 -2 18 24)
1969/12/31/18:00:08.859,(26 33 21 -16 -17 -1 12 42)
1969/12/31/18:00:08.878,(39 20 -11 2 36 11 22 37)
1969/12/31/18:00:08.878,(-65 -44 -6 29 65 43 6 -24)
1969/12/31/18:00:08.885,(-5 19 20 13 -18 -5 -1 -3)
1969/12/31/18:00:08.885,(0 99 102 44 8 8 3 5)
1969/12/31/18:00:08.892,(-17 -33 -35 -32 -24 -16 5 2)
1969/12/31/18:00:08.892,(18 -17 -29 7 17 10 -3 5)
1969/12/31/18:00:08.902,(-40 -37 -31 -14 -12 -15 -14 -30)
1969/12/31/18:00:08.902,(48 7 -7 -15 -37 10 4 41)
1969/12/31/18:00:08.916,(3 44 25 26 24 -13 -21 -30)
1969/12/31/18:00:08.916,(-6 -33 11 -15 -19 9 44 77)
1969/12/31/18:00:08.918,(59 27 -20 -4 13 -3 -34 -1)
1969/12/31/18:00:08.918,(-47 -39 -15 -9 22 9 -19 -42)
1969/12/31/18:00:08.939,(20 36 15 0 -47 -46 -19 14)
1969/12/31/18:00:08.939,(-16 -4 3 -6 5 12 -1 -42)
1969/12/31/18:00:08.940,(9 12 -5 1 18 12 6 -7)
1969/12/31/18:00:08.940,(-6 -44 -29 -9 -12 -17 -10 -30)
1969/12/31/18:00:08.952,(5 20 8 6 17 -1 2 8)
1969/12/31/18:00:08.952,(-13 8 29 16 25 14 -6 -15)
1969/12/31/18:00:08.969,(2 -12 -9 -37 -72 -20 1 -5)
1969/12/31/18:00:08.969,(1 3 -10 2 43 -2 4 12)
1969/12/31/18:00:08.975,(-1 -13 -14 7 -6 15 -3 0)
1969/12/31/18:00:08.975,(-40 -15 -8 -22 27 14 -17 -49)
1969/12/31/18:00:08.990,(-9 8 15 75 51 4 0 -2)
1969/12/31/18:00:08.990,(10 1 -11 -9 -25 -19 3 29)
1969/12/31/18:00:08.999,(-6 -14 3 -16 -27 -14 17 29)
1969/12/31/18:00:08.999,(11 18 13 2 6 13 -25 -9)
1969/12/31/18:00:09.001,(26 -14 -16 -17 11 26 9 0)
1969/12/31/18:00:09.001,(-2 6 1 -9 -24 -2 24 -6)
1969/12/31/18:00:09.012,(-15 13 13 2 -12 -18 -9 1)
1969/12/31/18:00:09.012,(-10 -4 0 -4 2 1 -24 -38)
1969/12/31/18:00:09.022,(-37 -26 -18 -12 -4 -15 18 5)
1969/12/31/18:00:09.022,(9 5 12 18 -7 -2 -35 44)
1969/12/31/18:00:09.036,(-31 15 -1 -13 -15 -5 -32 -97)
1969/12/31/18:00:09.036,(13 -20 2 18 25 9 28 67)
1969/12/31/18:00:09.038,(18 11 -9 -12 -14 -10 -14 -16)
1969/12/31/18:00:09.038,(-19 -3 -3 -14 -22 -8 9 5)
1969/12/31/18:00:09.059,(26 7 8 8 26 9 12 38)
1969/12/31/18:00:09.059,(-19 -9 15 11 -10 -15 -10 -27)
1969/12/31/18:00:09.060,(39 6 9 -3 2 13 -6 3)
1969/12/31/18:00:09.060,(10 7 5 -1 0 58 41 -3)
1969/12/31/18:00:09.072,(33 26 13 6 5 -27 -27 34)
1969/12/31/18:00:09.072,(-6 7 -10 4 -8 -61 -26 -52)
1969/12/31/18:00:09.081,(-57 -33 -13 0 22 46 2 8)
1969/12/31/18:00:09.081,(-41 -26 -19 -14 -16 -15 -12 -18)
1969/12/31/18:00:09.096,(41 10 -7 -19 -28 -13 24 2)
1969/12/31/18:00:09.096,(6 13 8 7 26 26 17 35)
1969/12/31/18:00:09.098,(-47 -9 -8 10 -8 -27 9 -28)
1969/12/31/18:00:09.098,(15 6 12 13 7 -7 -20 -39)
1969/12/31/18:00:09.119,(-75 -50 -21 -15 -17 8 14 15)
1969/12/31/18:00:09.119,(-54 -18 -13 -13 -9 4 -17 -17)
1969/12/31/18:00:09.120,(4 -13 -18 -18 -12 -26 -18 -49)
1969/12/31/18:00:09.120,(16 23 14 12 4 9 10 -7)
1969/12/31/18:00:09.132,(72 28 9 13 10 20 57 95)
1969/12/31/18:00:09.132,(21 -21 2 4 7 19 15 62)
1969/12/31/18:00:09.147,(16 12 4 0 -1 -9 -4 70)
1969/12/31/18:00:09.147,(13 5 -1 -7 -11 -7 -12 5)
1969/12/31/18:00:09.164,(57 55 28 23 20 -18 29 13)
1969/12/31/18:00:09.164,(-2 20 21 21 14 22 6 48)
1969/12/31/18:00:09.165,(20 14 -3 -9 -13 -17 -4 9)
1969/12/31/18:00:09.165,(-76 -66 -24 -14 -10 -17 -35 -55)
1969/12/31/18:00:09.179,(-23 -19 -1 2 6 11 3 -5)
1969/12/31/18:00:09.179,(99 60 10 6 -1 2 15 51)
1969/12/31/18:00:09.180,(10 4 0 -8 -8 0 13 35)
1969/12/31/18:00:09.180,(-12 7 6 4 5 3 -1 -29)
1969/12/31/18:00:09.192,(-49 -36 -17 -11 -9 4 -4 -40)
1969/12/31/18:00:09.192,(-26 -16 -7 -7 -5 2 8 -29)
1969/12/31/18:00:09.201,(57 34 12 11 8 12 5 11)
1969/12/31/18:00:09.201,(30 -6 -26 -21 -6 -11 -2 49)
1969/12/31/18:00:09.224,(-76 -59 -23 -20 -17 -11 -25 -58)
1969/12/31/18:00:09.224,(-2 14 12 3 4 -1 -7 -39)
1969/12/31/18:00:09.225,(-37 -16 -5 -9 -2 0 -7 -61)
1969/12/31/18:00:09.225,(19 19 8 6 1 1 7 25)
1969/12/31/18:00:09.239,(12 -12 -9 -4 -5 -1 -12 24)
1969/12/31/18:00:09.239,(39 34 -7 -6 -7 -5 10 30)
1969/12/31/18:00:09.240,(-27 -24 0 4 1 -2 -15 -27)
1969/12/31/18:00:09.240,(40 10 9 17 6 3 13 32)
1969/12/31/18:00:09.252,(-9 9 -4 4 1 0 -12 -8)
1969/12/31/18:00:09.252,(-24 -24 -8 6 4 4 3 -15)
1969/12/31/18:00:09.261,(-6 -18 -19 -13 -6 2 7 16)
1969/12/31/18:00:09.262,(-3 33 36 8 4 -2 -1 -5)
1969/12/31/18:00:09.277,(47 31 -2 7 6 8 6 6)
1969/12/31/18:00:09.277,(-26 -17 3 -8 -5 -7 -8 -25)
1969/12/31/18:00:09.279,(7 -34 -41 -20 -6 -2 1 10)
1969/12/31/18:00:09.279,(-16 34 44 16 3 -2 -1 -2)
1969/12/31/18:00:09.299,(-28 -10 15 15 5 0 -15 -28)
1969/12/31/18:00:09.299,(40 5 -15 -2 -4 -3 0 -2)
1969/12/31/18:00:09.300,(3 0 7 1 0 1 2 3)
1969/12/31/18:00:09.300,(13 -56 -63 -24 -9 -2 3 11)
1969/12/31/18:00:09.312,(-8 8 2 -20 -9 -5 -5 -2)
1969/12/31/18:00:09.312,(-11 65 68 33 11 0 -3 -16)
1969/12/31/18:00:09.322,(8 -14 -7 9 3 0 4 9)
1969/12/31/18:00:09.322,(5 102 103 39 9 1 0 0)
1969/12/31/18:00:09.336,(-7 -35 -35 -9 -7 -1 -5 -8)
1969/12/31/18:00:09.336,(-3 -57 -53 -23 -6 0 3 -3)
1969/12/31/18:00:09.338,(1 33 30 9 -1 0 -7 -3)
1969/12/31/18:00:09.338,(-3 -88 -72 -30 -10 -6 -3 5)
1969/12/31/18:00:09.359,(11 89 71 25 13 6 -11 -14)
1969/12/31/18:00:09.359,(-16 -19 -27 -12 -6 -4 10 -2)
1969/12/31/18:00:09.360,(-6 21 14 5 -4 -7 -3 6)
1969/12/31/18:00:09.360,(-17 -73 -51 -28 -11 -3 -8 -9)
1969/12/31/18:00:09.372,(2 46 39 13 -1 -4 -15 -7)
1969/12/31/18:00:09.372,(4 -52 -85 -29 -6 -2 -2 4)
1969/12/31/18:00:09.381,(-4 104 109 62 15 3 4 -15)
1969/12/31/18:00:09.381,(7 -8 -44 -9 -4 -3 -8 1)
1969/12/31/18:00:09.396,(-1 -52 -55 -24 -7 -3 1 -2)
1969/12/31/18:00:09.396,(-16 -23 -9 -7 -5 -2 -8 -1)
1969/12/31/18:00:09.398,(3 -5 13 5 7 6 -4 -4)
1969/12/31/18:00:09.398,(4 21 -9 -5 -8 -9 12 3)
1969/12/31/18:00:09.420,(2 -33 -1 7 4 2 -10 -4)
1969/12/31/18:00:09.420,(-26 31 53 12 1 -3 0 -11)
1969/12/31/18:00:09.421,(0 -34 -48 -32 -8 2 11 9)
1969/12/31/18:00:09.421,(14 37 38 21 9 5 -1 6)
1969/12/31/18:00:09.441,(-9 -53 -71 -32 -13 -12 -14 -11)
1969/12/31/18:00:09.441,(-2 14 40 16 4 6 -6 -9)
1969/12/31/18:00:09.443,(-9 -5 -22 -10 -4 0 2 -2)
1969/12/31/18:00:09.443,(12 24 -14 -12 -3 2 6 2)
1969/12/31/18:00:09.456,(0 -34 8 11 3 2 8 4)
1969/12/31/18:00:09.456,(1 32 33 18 2 -7 -24 -11)
1969/12/31/18:00:09.463,(11 -20 -31 -14 -1 6 6 1)
1969/12/31/18:00:09.463,(-26 -50 -29 -12 -9 3 16 3)
1969/12/31/18:00:09.479,(-16 33 22 7 2 1 -6 -7)
1969/12/31/18:00:09.479,(3 -75 -59 -35 -14 -2 -17 -5)
1969/12/31/18:00:09.480,(6 44 68 48 14 9 -6 -4)
1969/12/31/18:00:09.480,(-3 5 12 13 5 8 -5 -2)
1969/12/31/18:00:09.501,(0 -13 -17 -2 0 6 7 9)
1969/12/31/18:00:09.501,(-9 -42 -58 -27 -13 -7 -3 -7)
1969/12/31/18:00:09.503,(-9 -39 -26 -18 -12 -17 -15 -7)
1969/12/31/18:00:09.503,(-2 -4 -16 -27 -11 -14 -5 3)
1969/12/31/18:00:09.516,(22 42 30 28 20 2 13 12)
1969/12/31/18:00:09.516,(4 31 34 32 20 0 21 13)
1969/12/31/18:00:09.522,(0 -18 -24 -15 3 -7 0 7)
1969/12/31/18:00:09.522,(1 14 32 15 10 -11 -11 -18)
1969/12/31/18:00:09.539,(-8 -26 -28 -24 -6 -12 11 8)
1969/12/31/18:00:09.539,(6 37 32 3 8 0 6 1)
1969/12/31/18:00:09.540,(1 -9 -4 0 1 -2 0 -1)
1969/12/31/18:00:09.540,(-20 -53 -17 -3 -5 -1 -3 -7)
1969/12/31/18:00:09.562,(1 -4 -1 -11 -9 -4 -5 0)
1969/12/31/18:00:09.562,(-8 -32 -15 -10 -7 -1 2 -4)
1969/12/31/18:00:09.563,(-8 26 3 -4 -5 -6 4 3)
1969/12/31/18:00:09.564,(12 22 29 24 8 7 2 3)
1969/12/31/18:00:09.576,(-19 -71 -31 -25 -16 -3 -6 -7)
1969/12/31/18:00:09.576,(8 67 53 29 6 6 -11 -9)
1969/12/31/18:00:09.585,(-11 -43 -34 -21 -9 2 -2 -3)
1969/12/31/18:00:09.585,(-2 -4 -16 -12 -8 -1 2 2)
1969/12/31/18:00:09.599,(4 20 9 19 0 1 7 8)
1969/12/31/18:00:09.599,(-7 -16 -15 -9 -6 -10 0 -6)
1969/12/31/18:00:09.600,(-1 -16 -3 -5 -2 -5 -7 -6)
1969/12/31/18:00:09.600,(16 27 16 12 2 0 4 10)
1969/12/31/18:00:09.621,(-2 -27 -4 0 0 -5 2 0)
1969/12/31/18:00:09.622,(4 27 -18 -10 -3 -3 5 5)
1969/12/31/18:00:09.623,(11 22 -14 -5 6 8 3 9)
1969/12/31/18:00:09.623,(-8 12 7 1 6 1 -2 -5)
1969/12/31/18:00:09.636,(-3 1 7 0 5 7 6 7)
1969/12/31/18:00:09.636,(-4 -11 -18 -11 -7 -7 -7 -9)
1969/12/31/18:00:09.642,(-14 -52 -10 -11 -5 -2 4 1)
1969/12/31/18:00:09.642,(-1 12 27 11 1 -5 2 -3)
1969/12/31/18:00:09.659,(14 48 19 5 0 3 2 -1)
1969/12/31/18:00:09.659,(-10 -21 4 5 2 5 3 2)
1969/12/31/18:00:09.660,(2 21 28 5 -3 -1 -7 -10)
1969/12/31/18:00:09.660,(4 12 -32 -14 -4 2 -2 0)
1969/12/31/18:00:09.682,(-6 3 0 0 -6 -1 -9 -8)
1969/12/31/18:00:09.682,(-3 -5 0 -4 -4 -1 -20 -8)
1969/12/31/18:00:09.687,(3 -7 -9 0 -2 3 2 -9)
1969/12/31/18:00:09.687,(4 19 9 0 -1 -6 -31 -26)
1969/12/31/18:00:09.695,(-1 6 -4 -1 4 7 -3 0)
1969/12/31/18:00:09.695,(-3 -9 -7 -3 -5 2 5 6)
1969/12/31/18:00:09.719,(7 21 7 5 0 4 -6 -2)
1969/12/31/18:00:09.719,(-2 -11 -6 -4 -2 3 7 10)
1969/12/31/18:00:09.727,(3 8 -6 -11 -9 8 -3 -2)
1969/12/31/18:00:09.727,(4 -9 4 2 5 8 13 8)
1969/12/31/18:00:09.729,(-25 2 -10 -16 -7 10 -16 -18)
1969/12/31/18:00:09.729,(2 -28 -12 -7 -11 -7 1 4)
1969/12/31/18:00:09.741,(16 45 11 11 7 -15 4 8)
1969/12/31/18:00:09.741,(-3 3 -2 1 5 -3 6 3)
1969/12/31/18:00:09.741,(-13 3 1 -6 5 5 -6 -11)
1969/12/31/18:00:09.742,(-22 9 9 -3 0 24 -21 -27)
1969/12/31/18:00:09.755,(-9 -3 -4 -6 -14 22 -18 -20)
1969/12/31/18:00:09.755,(7 6 12 13 -9 15 -8 -2)
1969/12/31/18:00:09.762,(18 -17 -14 14 -5 -2 0 11)
1969/12/31/18:00:09.762,(4 -8 4 12 -2 -5 -2 9)
1969/12/31/18:00:09.778,(8 -5 0 2 0 -13 7 11)
1969/12/31/18:00:09.778,(0 1 2 2 6 -9 -2 -6)
1969/12/31/18:00:09.779,(2 -16 -6 -7 -3 -16 6 11)
1969/12/31/18:00:09.779,(10 -21 -13 -6 -5 -21 19 25)
1969/12/31/18:00:09.801,(17 -10 -5 1 5 -34 10 12)
1969/12/31/18:00:09.801,(21 -9 -7 -4 11 -32 26 27)
1969/12/31/18:00:09.801,(0 5 7 -3 23 -24 14 7)
1969/12/31/18:00:09.801,(-29 12 2 -17 20 14 -2 -20)
1969/12/31/18:00:09.824,(-32 13 9 -7 5 28 -18 -33)
1969/12/31/18:00:09.824,(-20 6 1 -13 -15 21 -21 -25)
1969/12/31/18:00:09.831,(4 1 -7 1 -13 12 -4 1)
1969/12/31/18:00:09.831,(9 -4 -1 12 -6 -1 0 6)
1969/12/31/18:00:09.846,(1 -14 -2 0 -6 -1 1 1)
1969/12/31/18:00:09.846,(-2 -3 -2 -4 -6 -3 -4 -3)
1969/12/31/18:00:09.853,(3 -2 -5 2 -2 2 -1 1)
1969/12/31/18:00:09.854,(1 0 3 5 -1 2 2 2)
1969/12/31/18:00:09.877,(-4 -10 0 0 -3 0 2 -1)
1969/12/31/18:00:09.877,(2 5 -10 4 1 2 -1 0)
1969/12/31/18:00:09.878,(-1 -4 -2 5 -3 1 5 5)
1969/12/31/18:00:09.878,(0 -4 -4 1 0 -2 -1 1)
1969/12/31/18:00:09.879,(-1 -4 7 4 2 -1 2 1)
1969/12/31/18:00:09.879,(-2 -13 -6 0 1 0 2 1)
1969/12/31/18:00:09.883,(-2 -1 -5 -2 -2 0 -2 -2)
1969/12/31/18:00:09.883,(0 -4 -3 -5 -2 -4 1 0)
1969/12/31/18:00:09.900,(0 -1 -1 6 6 5 7 5)
1969/12/31/18:00:09.900,(-2 3 4 -2 0 -2 -3 -1)
1969/12/31/18:00:09.901,(-2 -2 -3 -4 -7 -6 -4 -3)
1969/12/31/18:00:09.901,(0 -2 -5 -3 -2 -4 -1 0)
1969/12/31/18:00:09.921,(-4 -10 -12 -10 -4 -4 -4 -6)
1969/12/31/18:00:09.921,(-3 7 6 3 1 0 -1 -2)
1969/12/31/18:00:09.929,(1 -6 -1 0 -2 -4 -1 -1)
1969/12/31/18:00:09.929,(0 9 3 1 2 1 4 1)
1969/12/31/18:00:09.945,(2 0 -1 -3 -2 -6 -1 1)
1969/12/31/18:00:09.945,(-3 -6 2 3 2 0 0 0)
1969/12/31/18:00:09.945,(1 7 1 -1 0 -4 -1 0)
1969/12/31/18:00:09.946,(-2 -2 -8 -4 -6 -3 -2 -4)
1969/12/31/18:00:09.958,(2 2 3 2 -1 2 1 2)
1969/12/31/18:00:09.958,(-4 -4 0 0 -1 -3 -2 -2)
1969/12/31/18:00:09.966,(-2 -9 -10 -8 -4 -4 -1 -3)
1969/12/31/18:00:09.966,(0 0 1 1 4 -1 0 -2)
1969/12/31/18:00:09.981,(-1 5 -1 -2 1 -4 0 0)
1969/12/31/18:00:09.981,(-2 0 -1 -4 -3 -2 0 -1)
1969/12/31/18:00:09.989,(-3 -2 -4 -5 -3 -1 -3 -2)
1969/12/31/18:00:09.989,(-1 -4 -3 -1 -2 -3 -1 -2)
1969/12/31/18:00:10.011,(-3 -4 -5 -2 -3 -1 -1 -2)
1969/12/31/18:00:10.011,(0 0 -4 -8 -4 -2 -1 0)
1969/12/31/18:00:10.026,(0 -4 -2 3 0 0 0 -2)
1969/12/31/18:00:10.026,(-1 8 4 0 -1 -1 -3 -2)
1969/12/31/18:00:10.036,(1 0 -2 -2 1 1 -2 -1)
1969/12/31/18:00:10.036,(-1 -2 -6 -5 -3 0 0 1)
1969/12/31/18:00:10.037,(1 3 3 1 1 1 -3 -1)
1969/12/31/18:00:10.037,(-1 -5 0 -1 -2 -1 -3 -1)
1969/12/31/18:00:10.041,(-3 -5 -6 -4 -1 -4 -5 -2)
1969/12/31/18:00:10.041,(-4 2 -1 -3 -2 -1 -3 -2)
1969/12/31/18:00:10.048,(2 -3 0 1 0 4 3 5)
1969/12/31/18:00:10.049,(-3 -8 -5 -2 0 -2 -3 -4)
1969/12/31/18:00:10.058,(1 2 1 1 1 1 1 1)
1969/12/31/18:00:10.058,(1 -3 0 1 0 0 0 -3)
1969/12/31/18:00:10.059,(2 8 6 4 1 -1 2 3)
1969/12/31/18:00:10.059,(0 2 -2 -4 -2 -3 1 2)
1969/12/31/18:00:10.078,(-3 -7 2 0 0 -4 -1 0)
1969/12/31/18:00:10.078,(-2 5 -3 -2 0 -6 -3 -4)
1969/12/31/18:00:10.079,(-2 -3 -2 -4 -1 -1 2 0)
1969/12/31/18:00:10.079,(0 1 -3 -3 -2 -1 -1 1)
1969/12/31/18:00:10.101,(0 -2 0 0 -1 -2 -1 -4)
1969/12/31/18:00:10.101,(2 -3 1 1 1 0 -2 0)
1969/12/31/18:00:10.109,(-2 1 2 0 1 1 -1 0)
1969/12/31/18:00:10.109,(-2 -4 -3 -1 -2 3 -5 -1)
1969/12/31/18:00:10.141,(-1 1 1 -1 0 10 2 2)
1969/12/31/18:00:10.141,(1 2 3 3 1 12 -1 -2)
1969/12/31/18:00:10.142,(0 3 -1 -4 -1 7 1 -1)
1969/12/31/18:00:10.142,(-4 -9 -5 -5 -4 -1 -2 -4)
1969/12/31/18:00:10.147,(-2 5 4 -2 -2 -6 -3 -3)
1969/12/31/18:00:10.147,(2 3 3 3 -2 -7 0 1)
1969/12/31/18:00:10.148,(0 2 4 1 -1 -10 -2 -1)
1969/12/31/18:00:10.148,(0 -2 1 2 -2 -7 2 2)
1969/12/31/18:00:10.169,(-1 -1 -4 -2 -2 -7 3 0)
1969/12/31/18:00:10.169,(-5 -3 -2 -4 -1 -6 -2 1)
1969/12/31/18:00:10.170,(1 2 -3 -1 -1 0 -2 -2)
1969/12/31/18:00:10.170,(-2 -4 0 -3 -1 -2 0 -1)
1969/12/31/18:00:10.175,(2 4 0 0 -3 -4 -4 -4)
1969/12/31/18:00:10.175,(-2 -1 -3 -2 -1 -2 3 2)
1969/12/31/18:00:10.184,(-2 -2 -1 -1 -2 1 -1 -1)
1969/12/31/18:00:10.184,(2 1 5 2 3 3 0 0)
1969/12/31/18:00:10.206,(-2 -3 -4 -4 -1 3 -4 0)
1969/12/31/18:00:10.206,(-2 -2 0 -1 -1 2 -3 -3)
1969/12/31/18:00:10.207,(-2 -1 0 0 -2 4 -1 -2)
1969/12/31/18:00:10.207,(-2 0 -1 3 -1 2 -3 -3)
1969/12/31/18:00:10.221,(-4 -2 -3 -3 -4 0 -2 -2)
1969/12/31/18:00:10.221,(0 -2 -2 0 -1 0 -1 -2)
1969/12/31/18:00:10.221,(-2 -3 -1 1 -2 -2 -1 -2)
1969/12/31/18:00:10.221,(2 0 0 2 0 3 1 0)
1969/12/31/18:00:10.235,(2 1 1 1 2 2 1 0)
1969/12/31/18:00:10.235,(-4 -3 -4 -3 -1 0 -2 -1)
1969/12/31/18:00:10.244,(-2 -8 -3 -1 -2 -5 -2 1)
1969/12/31/18:00:10.244,(3 10 9 3 2 -2 1 1)
