timestamp,_data,_check_fields
29137866619,"array('h', [20, 9, -29, -128, -90, -10, 6, 11])",False
29137895375,"array('h', [-4, -19, -58, -38, -41, -20, -10, -4])",False
29146308211,"array('h', [-24, -18, 65, 53, 25, 3, -2, -12])",False
29146338883,"array('h', [-2, 4, 7, 35, 31, 1, -3, -3])",False
29160912241,"array('h', [-5, -5, 4, 41, 23, 7, -1, -1])",False
29160933409,"array('h', [-13, -14, -34, -84, -80, -27, -14, -11])",False
29161894649,"array('h', [-9, -7, 23, 32, 5, 3, -2, -3])",False
29161913983,"array('h', [1, 16, 49, 37, 40, 13, 10, 5])",False
29183668041,"array('h', [4, 12, -11, 31, 2, 6, 2, 1])",False
29183699229,"array('h', [19, 7, -27, -37, 36, 22, 18, 13])",False
29184468918,"array('h', [1, -22, -63, -86, -66, -32, -19, -5])",False
29184502706,"array('h', [-9, -11, 26, 27, -3, 1, 3, -2])",False
29197700836,"array('h', [-3, -1, 27, 52, 79, 26, 6, 2])",False
29197713692,"array('h', [-11, -10, -11, -54, -63, -23, -7, -7])",False
29206769379,"array('h', [2, 4, -23, -50, -44, -12, -2, -2])",False
29206794680,"array('h', [6, 5, 9, 53, 44, 12, 3, 2])",False
29220835768,"array('h', [-11, -7, 15, 18, 15, 1, -4, -6])",False
29220865389,"array('h', [11, 14, -3, -8, 8, 5, 7, 8])",False
29221763855,"array('h', [0, -1, -6, 3, -2, 0, 0, -1])",False
29221793160,"array('h', [4, 0, 1, -68, -42, -7, 0, 2])",False
29245256906,"array('h', [3, 4, -13, 39, 30, 3, -3, 0])",False
29245310344,"array('h', [-5, -3, 34, 82, 27, 16, 2, 1])",False
29246040100,"array('h', [-6, 2, 15, 30, 13, 1, -4, -3])",False
29246087937,"array('h', [3, 0, -1, -21, -7, 0, 3, 2])",False
29257795131,"array('h', [-4, -1, 2, -12, -16, -10, -5, -6])",False
29257825958,"array('h', [4, 3, -20, -55, -15, -4, -1, 2])",False
29266261483,"array('h', [0, 0, -3, 2, 3, -1, 1, -1])",False
29266310739,"array('h', [-2, -3, -4, 1, 1, -7, -7, -3])",False
29281566650,"array('h', [2, 1, 7, -11, -5, 3, 5, 2])",False
29281607584,"array('h', [-1, 3, 8, 49, 12, 1, -2, -1])",False
29282432472,"array('h', [-4, -4, -8, -26, 6, 1, 0, -3])",False
29282469282,"array('h', [-5, -4, -9, -3, 15, 0, -1, -1])",False
29303565446,"array('h', [3, 2, -8, -23, -19, -2, 1, 0])",False
29303587477,"array('h', [8, 9, 9, 21, 1, 2, 4, 3])",False
29304346368,"array('h', [-2, -1, 1, 6, -6, 0, -3, -2])",False
29304370022,"array('h', [-2, -4, -9, -9, -3, -2, -2, -1])",False
29317760052,"array('h', [-2, -1, 2, -11, -12, -3, -3, -3])",False
29317811692,"array('h', [1, 5, 7, 12, -1, 0, 0, 1])",False
29326198214,"array('h', [-1, -2, -2, 8, 6, 5, 2, -1])",False
29326256832,"array('h', [-2, -5, -6, 7, 10, 0, -1, 0])",False
29341104691,"array('h', [1, 1, -3, -34, -24, -5, 1, -1])",False
29341158270,"array('h', [0, 0, 4, 22, 18, 2, 3, 7])",False
29341909646,"array('h', [2, 0, -6, 0, -10, -3, -3, -3])",False
29341964283,"array('h', [-8, -5, -2, -7, -2, -3, -5, -7])",False
29371994580,"array('h', [-3, 3, 5, 7, 3, -1, 0, -3])",False
29372026623,"array('h', [8, 6, -1, 1, 2, 2, -1, 1])",False
29372676984,"array('h', [3, 1, -4, -20, -12, 0, 6, 7])",False
29372706098,"array('h', [-9, -7, 3, 7, 8, 7, -2, -4])",False
29377794423,"array('h', [-9, -12, -4, -8, -7, -3, -6, -4])",False
29377807215,"array('h', [26, 25, 6, 9, 13, 5, 5, 11])",False
29386028665,"array('h', [1, -6, -4, -13, -16, -5, 1, 0])",False
29386050358,"array('h', [4, 2, -5, 0, -2, -6, -1, 4])",False
29400966011,"array('h', [-7, 0, -2, -3, 3, 1, 0, -8])",False
29401015431,"array('h', [-14, -9, -1, -10, -5, -5, -5, -7])",False
29401756061,"array('h', [12, 9, 4, 6, -1, -2, 2, 7])",False
29401785596,"array('h', [-12, -9, 0, 8, -2, -4, -4, -2])",False
29423675533,"array('h', [-12, -8, 1, 6, 5, 1, -6, -5])",False
29423710637,"array('h', [31, 26, 11, 3, 5, 6, 12, 22])",False
29424438423,"array('h', [0, -14, -12, -22, -18, -13, -13, -8])",False
29424470823,"array('h', [-3, 3, -3, -1, -2, 6, 6, -1])",False
29438026596,"array('h', [3, 0, -3, 1, 3, -5, -4, 2])",False
29438069917,"array('h', [-31, -26, -4, 12, 7, 2, -6, -13])",False
29446081723,"array('h', [4, 6, 0, -7, -6, 7, 20, 6])",False
29446097887,"array('h', [27, 34, 15, 0, 2, 3, -1, 1])",False
29460893010,"array('h', [-8, -10, -7, -8, -10, -8, -11, -5])",False
29460909373,"array('h', [-23, -8, -2, 6, 8, -2, -9, -25])",False
29461719290,"array('h', [3, -14, -8, 1, -4, -4, -4, 14])",False
29461727726,"array('h', [9, 5, 3, -2, 1, -3, -5, -4])",False
29484480240,"array('h', [12, 8, -2, -9, -5, 0, 1, 3])",False
29484547121,"array('h', [-5, -5, -1, 6, 4, 3, 3, 5])",False
29485219416,"array('h', [-7, -1, 0, -7, -4, 2, 1, 0])",False
29485279847,"array('h', [6, 2, 2, 5, 10, 9, 11, 6])",False
29498242714,"array('h', [1, 3, 6, 11, 5, 1, 3, 6])",False
29498296311,"array('h', [-1, -5, -6, -3, -4, -6, -5, -6])",False
29506143025,"array('h', [1, 7, 4, 2, 5, 3, 1, -2])",False
29506181310,"array('h', [3, -4, -3, -6, -8, -2, 1, 5])",False
29521010192,"array('h', [-3, -3, 0, 4, -8, -4, 0, -3])",False
29521042975,"array('h', [5, -2, 0, -3, 7, 3, 1, 2])",False
29521738338,"array('h', [-4, 2, 1, 3, 3, 0, -5, -8])",False
29521776741,"array('h', [-11, -14, -12, -15, -1, -7, -6, -6])",False
29543558625,"array('h', [-3, -3, -4, 3, -3, 3, 5, 1])",False
29543585392,"array('h', [10, 9, 2, -17, -15, 0, 6, 7])",False
29544309870,"array('h', [-20, -10, 1, 31, 13, -8, -15, -17])",False
29544335217,"array('h', [1, -7, 3, 13, 9, -3, -6, -3])",False
29557953605,"array('h', [33, 34, 15, 5, 10, 17, 17, 17])",False
29557994771,"array('h', [-20, -28, -14, -13, -8, -10, -10, -8])",False
29566363226,"array('h', [-16, -7, -5, -23, -14, -3, -5, -16])",False
29566435265,"array('h', [-2, -5, -4, 1, -5, -2, -2, 1])",False
29580922687,"array('h', [3, 0, 0, -9, 0, -1, 3, 5])",False
29580944743,"array('h', [8, 7, 0, -13, -22, -4, -3, 0])",False
29581802898,"array('h', [-5, -1, 0, 17, 16, 3, 4, 6])",False
29581824367,"array('h', [-15, -6, 5, 10, 7, 5, 2, -4])",False
29603547173,"array('h', [6, 9, -1, -12, -4, 4, 7, 7])",False
29603571057,"array('h', [10, 1, -5, -1, -2, -2, -1, 0])",False
29604269768,"array('h', [-5, -3, 2, -1, -5, -5, -2, -5])",False
29604295129,"array('h', [-6, -3, 2, 3, 5, 2, 4, -1])",False
29634319452,"array('h', [0, 2, 4, -3, 5, 0, -5, -4])",False
29634352157,"array('h', [-20, 2, -7, 12, 0, -6, -2, -14])",False
29635004061,"array('h', [78, 53, 19, 8, 14, 21, 27, 51])",False
29635035209,"array('h', [-47, -51, -11, -5, -8, -12, -20, -31])",False
29640875857,"array('h', [-6, -22, -17, -22, -19, -17, -20, -16])",False
29640915029,"array('h', [-10, -3, -2, 2, 8, 7, 8, -3])",False
29648856297,"array('h', [7, 8, -1, -1, -6, -2, -1, 4])",False
29648920662,"array('h', [0, 10, -1, 0, 7, -1, 5, 4])",False
29663689643,"array('h', [-3, 2, 7, 6, -6, 3, 2, 0])",False
29663735224,"array('h', [12, 5, 11, 31, 22, 5, 4, 13])",False
29664302087,"array('h', [-18, -13, -8, -10, -3, -5, -12, -17])",False
29664323140,"array('h', [27, 16, -1, -12, -5, 4, 11, 21])",False
29687500714,"array('h', [-40, -37, -7, -1, -4, -4, -2, -14])",False
29687529878,"array('h', [50, 80, 5, 1, -4, -6, 2, 10])",False
29688222945,"array('h', [-5, -28, 19, 19, 23, 23, 20, 14])",False
29688253451,"array('h', [-4, -9, -9, -9, -9, -5, -7, -8])",False
29701036987,"array('h', [15, 8, -1, -20, -11, 2, 9, 12])",False
29701069174,"array('h', [-32, -31, -11, -24, -13, -11, -10, -15])",False
29701788412,"array('h', [-11, 7, 3, 27, 5, -1, 1, -3])",False
29701800662,"array('h', [42, 36, 20, 10, 28, 19, 26, 38])",False
29723735086,"array('h', [-28, -16, -7, 17, 0, -7, -19, -29])",False
29723789565,"array('h', [16, -2, 12, 4, 8, 10, 12, 19])",False
29724512333,"array('h', [-28, -21, -15, -32, -23, -17, -18, -21])",False
29724566210,"array('h', [10, 14, -3, -7, -12, 0, 8, 9])",False
29746867450,"array('h', [-4, 1, -12, -11, -5, -11, -14, -10])",False
29746886147,"array('h', [3, -8, -3, -11, 3, 5, 3, 2])",False
29747488779,"array('h', [-4, -1, -2, 4, -6, -4, -2, -3])",False
29747504709,"array('h', [-17, -13, -5, -13, -7, -8, -9, -13])",False
29761585222,"array('h', [13, 11, 16, 58, 33, 10, 10, 9])",False
29761603062,"array('h', [-18, -14, 8, 25, 11, 2, -5, -10])",False
29762432377,"array('h', [-6, -3, -4, -12, -4, -7, -5, -9])",False
29762447704,"array('h', [24, 14, 3, -11, -11, 4, 5, 14])",False
29783701909,"array('h', [9, 3, -31, -118, -54, -9, -2, 6])",False
29783727621,"array('h', [-9, -16, -2, 59, 6, -6, -6, -4])",False
29784596277,"array('h', [0, 7, 21, 82, 26, 2, -2, -4])",False
29784622836,"array('h', [-9, -2, 15, 64, 25, 6, -2, -8])",False
29806894426,"array('h', [7, 5, 13, 30, 46, 17, 9, 8])",False
29806923830,"array('h', [-16, -17, -13, -48, -12, 4, 3, -4])",False
29807551265,"array('h', [11, 10, -12, -49, -27, -6, 0, 7])",False
29807580050,"array('h', [-9, -8, -6, -4, -21, -15, -9, -11])",False
29821197983,"array('h', [6, 5, 6, 16, 9, 0, 6, 6])",False
29821265681,"array('h', [-3, 0, -5, -17, -3, -9, -13, -9])",False
29821694299,"array('h', [1, 2, -5, -18, -4, 1, 3, 1])",False
29821739846,"array('h', [3, -5, -4, -3, -6, -2, -3, 3])",False
29843702842,"array('h', [2, 4, 1, 2, -4, -1, 3, 2])",False
29843756214,"array('h', [4, 2, 4, 7, 9, 3, 4, 5])",False
29844455959,"array('h', [-14, -10, -3, -5, -6, -6, -12, -11])",False
29844510899,"array('h', [-5, -1, -8, -17, -8, -3, -2, -4])",False
29866916213,"array('h', [19, 13, 10, 9, 7, 9, 12, 16])",False
29866953423,"array('h', [6, 3, 0, 5, 2, -1, -2, 0])",False
29867613576,"array('h', [4, 2, -3, -8, -3, 0, -1, 0])",False
29867650743,"array('h', [-13, -11, -7, -4, 0, -6, -8, -10])",False
29889328476,"array('h', [2, 5, 3, 13, 4, 1, 0, -1])",False
29889358323,"array('h', [-1, -3, 3, 0, -2, 0, -1, -3])",False
29889966923,"array('h', [-22, -22, -9, -12, -6, -4, -8, -14])",False
29889999557,"array('h', [-5, 17, 4, 2, 5, 3, 8, 9])",False
29904317270,"array('h', [-3, -12, -4, 0, -7, -9, -12, -17])",False
29904349243,"array('h', [-4, -5, -1, -2, -1, 0, -1, -3])",False
29905070849,"array('h', [5, 3, 0, -7, 0, 4, 8, 6])",False
29905098934,"array('h', [-23, -23, -1, 3, 2, -7, -11, -11])",False
29926981822,"array('h', [-2, 5, 2, -2, -5, 0, 0, -1])",False
29927042076,"array('h', [10, 5, 2, -2, 1, 3, 5, 8])",False
29927743307,"array('h', [-15, -14, -7, -2, -5, -7, -10, -9])",False
29927806222,"array('h', [14, 9, 2, -2, 4, 4, 6, 6])",False
29940985029,"array('h', [1, 1, -2, 1, 0, 1, 2, 6])",False
29941046047,"array('h', [-2, -4, -1, -4, -6, -9, -9, -7])",False
29941926048,"array('h', [12, 11, 0, -13, -10, 0, 4, 7])",False
29941968018,"array('h', [3, 1, -2, -22, -15, 4, 0, -3])",False
29964193269,"array('h', [-2, -2, 2, 30, 31, 3, 0, 1])",False
29964210766,"array('h', [-8, -7, -7, -37, -13, -7, -4, -4])",False
29965093785,"array('h', [6, 2, -3, 18, -9, -4, 1, 4])",False
29965125706,"array('h', [5, 8, 16, 50, 43, 14, 2, 0])",False
29985940181,"array('h', [-10, -7, 7, 7, 4, 7, 0, -4])",False
29985953136,"array('h', [3, 3, 3, 16, 3, 1, 1, 5])",False
29993749727,"array('h', [1, 2, -7, -33, -21, -13, -7, -4])",False
29993786744,"array('h', [1, -3, -15, -34, -32, -14, -6, -4])",False
30001085996,"array('h', [-2, -2, -5, -15, -17, -11, -4, 0])",False
30001152884,"array('h', [-3, -3, -3, 6, 6, 0, 0, -1])",False
30001823632,"array('h', [14, 14, 0, -35, 5, 12, 7, 9])",False
30001856859,"array('h', [1, -3, -12, -47, -18, -5, -1, -2])",False
30024397071,"array('h', [-3, 0, 9, 63, 21, 2, -2, -1])",False
30024443943,"array('h', [-4, 2, 16, 53, 18, 5, -2, -5])",False
30025103131,"array('h', [-7, -4, 5, 14, 13, 5, -1, -5])",False
30025147796,"array('h', [5, 2, -3, -35, -8, -3, 0, 7])",False
30046710917,"array('h', [-9, -11, -18, -50, -37, -14, -9, -9])",False
30046733622,"array('h', [2, -2, -6, -8, -14, -3, -2, -1])",False
30047454307,"array('h', [1, -1, 7, 37, 32, 8, 1, -2])",False
30047477827,"array('h', [-1, 3, 8, 10, 10, 6, 6, 2])",False
30061197126,"array('h', [2, -4, -13, -28, -21, -8, -3, 1])",False
30061221354,"array('h', [-3, -2, -5, -13, -4, -1, 2, 0])",False
30061697289,"array('h', [-8, -6, -4, 10, 1, -2, -3, -5])",False
30061720190,"array('h', [3, 5, 4, 17, 10, 3, 2, 4])",False
30084499411,"array('h', [-1, -1, -4, -58, -26, -5, -4, -5])",False
30084553609,"array('h', [3, -1, -27, -103, -60, -17, -5, -1])",False
30085161780,"array('h', [-4, -1, 5, 67, 0, -18, -8, -6])",False
30085198461,"array('h', [-5, 0, 32, 112, 72, 19, 4, -4])",False
30106864049,"array('h', [-2, 9, 32, 69, 102, 42, 16, 6])",False
30106898893,"array('h', [6, 7, 8, -11, 21, 19, 8, 4])",False
30107599952,"array('h', [-2, -3, -20, -82, -42, -8, -1, 0])",False
30107635805,"array('h', [3, -8, -26, -45, -57, -25, -8, -2])",False
30120891650,"array('h', [-1, -1, -6, -11, -32, -18, -4, -1])",False
30120899963,"array('h', [-2, -1, -1, 6, 1, -2, -3, -8])",False
30121704262,"array('h', [3, 1, 4, -7, 3, 3, 10, 16])",False
30121716775,"array('h', [6, 6, 0, 7, 0, 0, -4, -3])",False
30142885526,"array('h', [0, -2, -6, -17, -14, -6, -1, -3])",False
30142911826,"array('h', [-7, -5, -1, 0, -4, -4, -2, -5])",False
30151842122,"array('h', [6, 6, 9, 25, 16, 8, 3, 2])",False
30151854705,"array('h', [-4, -1, 5, 8, 16, 10, 6, 2])",False
30167005211,"array('h', [3, 1, -7, -44, -23, -8, -2, 1])",False
30167058054,"array('h', [-5, -8, -6, 61, 19, -5, -7, -6])",False
30168380443,"array('h', [3, 5, 16, 31, 13, 10, 5, 3])",False
30168432338,"array('h', [-12, -11, 0, -3, 4, -1, -5, -9])",False
30180354051,"array('h', [12, 10, 3, -6, -11, -3, 1, 4])",False
30180388428,"array('h', [-1, -4, -9, -48, -24, -7, -1, 0])",False
30189433825,"array('h', [-2, -5, -6, 1, 7, -1, -4, -3])",False
30189477474,"array('h', [-6, -1, 5, 27, 11, -2, -10, -14])",False
30203965283,"array('h', [10, 9, 10, 18, 13, 14, 23, 25])",False
30204007516,"array('h', [-8, -11, -4, -9, -1, -3, -7, -7])",False
30210386726,"array('h', [4, 0, -12, -28, -13, -4, -2, -2])",False
30210423362,"array('h', [-3, -5, -9, -30, -21, -9, -2, -1])",False
30226707524,"array('h', [3, 1, 1, 16, -2, -3, 0, 5])",False
30226732319,"array('h', [1, 3, 8, 18, 17, 12, 9, 5])",False
30228326664,"array('h', [-11, -4, 0, -32, -7, -4, -7, -8])",False
30228354729,"array('h', [6, -3, -10, -21, -11, -4, 2, 7])",False
30240146591,"array('h', [-4, -3, 0, 38, 14, 0, -5, -9])",False
30240169359,"array('h', [-3, 0, 0, -28, -10, -1, -1, 0])",False
30249612008,"array('h', [1, 2, 7, 44, 17, 3, 0, -3])",False
30249671308,"array('h', [1, 5, 12, 7, 2, -2, -4, -2])",False
30264271966,"array('h', [-9, -9, -5, -15, -10, 0, -1, -5])",False
30264325883,"array('h', [9, 14, 9, 14, 9, 4, 8, 11])",False
30266031600,"array('h', [0, -9, -4, -6, 3, -1, -2, -5])",False
30266080830,"array('h', [-1, 2, -10, -18, -7, -3, -4, -4])",False
30294345052,"array('h', [7, 2, -5, -1, -6, -4, -3, 4])",False
30294371044,"array('h', [-18, -12, 0, 7, 4, 1, -5, -13])",False
30295813723,"array('h', [10, 10, -7, -28, -14, -5, -2, 3])",False
30295838250,"array('h', [-9, -11, -6, 10, 1, 1, 2, -4])",False
30300186419,"array('h', [-6, -8, -5, -19, -8, -7, -7, -5])",False
30300198385,"array('h', [10, 8, 8, 9, 4, 3, 4, 8])",False
30309395513,"array('h', [-4, -1, 3, 17, 10, 2, -1, -6])",False
30309431641,"array('h', [9, 5, 5, -2, 5, 3, 5, 9])",False
30324339395,"array('h', [-4, 1, 0, -1, -1, 2, 4, 1])",False
30324403464,"array('h', [6, 1, -1, 4, 3, -1, -1, 0])",False
30326080765,"array('h', [0, -1, -4, -9, -2, 0, 1, 1])",False
30326143976,"array('h', [-6, -7, -1, 0, -6, -5, -2, -3])",False
30346893334,"array('h', [-14, -2, 2, 1, 4, 3, 3, -1])",False
30346945040,"array('h', [38, 22, 9, 19, 7, 4, 4, 19])",False
30348404338,"array('h', [-12, -9, -8, -15, -5, 0, -2, -5])",False
30348433589,"array('h', [11, 11, 2, -3, -1, -1, -3, 1])",False
30360229003,"array('h', [-13, -5, -8, -4, -8, -9, -10, -17])",False
30360251056,"array('h', [-16, -24, 8, 16, 10, 4, 10, 5])",False
30369470236,"array('h', [24, 35, 9, 1, 2, 3, 2, 4])",False
30369516495,"array('h', [-9, -8, -8, -12, -7, 1, 1, 0])",False
30384050936,"array('h', [-4, -3, 8, 18, 9, 1, -5, -7])",False
30384086497,"array('h', [-16, -7, -3, -2, -9, -12, -15, -16])",False
30385673741,"array('h', [-2, -9, -6, -14, -6, -1, 4, 7])",False
30385689446,"array('h', [15, 11, -3, 1, 2, 5, 9, 9])",False
30406921969,"array('h', [9, 4, 2, -5, -2, -2, 0, 2])",False
30406967214,"array('h', [-5, -8, -4, -5, -5, -6, -6, 2])",False
30408599045,"array('h', [-8, -7, -8, -12, -3, 5, 2, -12])",False
30408646156,"array('h', [17, 22, -3, 7, 2, -3, 0, 13])",False
30420485297,"array('h', [-28, -20, -7, -29, -17, -15, -21, -21])",False
30420510493,"array('h', [-4, -23, 3, 25, 13, 13, 21, 17])",False
30429130222,"array('h', [29, 49, 27, 46, 34, 16, 14, 15])",False
30429156028,"array('h', [14, -1, 2, -8, -9, -12, -19, -13])",False
30444124114,"array('h', [22, 5, 10, 5, 7, 18, 34, 37])",False
30444163397,"array('h', [3, 26, -6, -27, -16, -16, -25, -30])",False
30446008978,"array('h', [-9, -12, -8, -9, -12, -5, 3, 11])",False
30446061267,"array('h', [1, -4, 7, 10, 4, 5, 7, 5])",False
30467054873,"array('h', [14, 8, -4, 9, 4, 3, 6, 14])",False
30467113980,"array('h', [-22, -21, -9, -5, 4, 1, -4, -10])",False
30468416844,"array('h', [-5, -12, -4, -11, -5, -1, -3, -4])",False
30468470869,"array('h', [2, 8, -2, -17, -13, -7, -5, -1])",False
30489425036,"array('h', [-19, -8, 2, 10, -4, -18, -19, -20])",False
30489477886,"array('h', [13, -2, -7, 15, 15, 19, 20, 22])",False
30491056247,"array('h', [5, 6, -4, 1, 4, -3, -9, -8])",False
30491102432,"array('h', [-48, -80, -2, 3, -2, -4, -4, -10])",False
30503014735,"array('h', [56, 94, 16, -8, 0, 13, 13, 12])",False
30503047373,"array('h', [1, -10, 6, 11, 2, -3, -7, -10])",False
30512029010,"array('h', [-11, -6, 2, -1, -3, -2, 5, 8])",False
30512058252,"array('h', [5, -9, -7, -17, -11, -9, -11, -3])",False
30526830160,"array('h', [-50, -55, -5, 18, 11, 14, 18, -3])",False
30526868269,"array('h', [45, 59, 8, -2, -2, -5, -8, 6])",False
30528518824,"array('h', [6, -7, -6, -2, 5, 11, 13, 9])",False
30528557460,"array('h', [-4, 5, 4, 7, 4, -1, 0, 4])",False
30549217225,"array('h', [-1, -7, -12, -25, -14, -10, -10, -4])",False
30549229456,"array('h', [19, 16, -2, -19, -5, 5, 11, 14])",False
30550786477,"array('h', [-24, -22, -10, -53, -22, -16, -17, -15])",False
30550798740,"array('h', [0, 22, 19, 96, 36, 7, 7, -4])",False
30562799972,"array('h', [6, -5, 15, 47, 30, 13, 2, 2])",False
30562823966,"array('h', [-14, -15, -7, 1, -1, 0, 1, -5])",False
30579359645,"array('h', [-5, -23, -3, -27, -15, -10, -9, -5])",False
30579372119,"array('h', [-4, -13, -20, -61, -28, -7, -1, 8])",False
30586760401,"array('h', [-12, 29, -4, -4, -11, -11, -16, -32])",False
30586788335,"array('h', [-16, -18, 4, 4, 2, -5, -8, -12])",False
30588352246,"array('h', [24, 23, 8, 13, 8, 12, 19, 27])",False
30588374107,"array('h', [0, -8, -10, -16, -2, 1, -5, -5])",False
30609463469,"array('h', [-5, -21, -5, 2, -6, -12, -12, -4])",False
30609512048,"array('h', [-7, 10, 5, -4, -2, -1, 2, 4])",False
30611041251,"array('h', [-25, -21, -2, 2, -14, -14, -17, -22])",False
30611089153,"array('h', [20, 20, 0, -2, 16, 20, 23, 18])",False
30623094796,"array('h', [4, -6, -12, -32, -11, -2, -2, 5])",False
30623138106,"array('h', [0, 2, -6, -17, -24, -7, -3, 0])",False
30631997166,"array('h', [-21, -12, 11, 49, 12, -9, -15, -18])",False
30632044988,"array('h', [10, 17, 7, 17, 19, 13, 14, 8])",False
30646012705,"array('h', [8, 11, 2, 27, 30, 0, -6, 3])",False
30646048966,"array('h', [-20, -5, 11, 2, 7, 11, 7, -12])",False
30653034508,"array('h', [-4, -5, -10, -15, -19, -12, -6, -3])",False
30653087206,"array('h', [-1, 9, -4, -31, -15, 1, 4, -1])",False
30669479022,"array('h', [-15, -36, -10, -16, -16, -7, -3, 3])",False
30669530182,"array('h', [17, 18, 0, 12, 9, 5, 3, 2])",False
30671121444,"array('h', [21, 24, -3, -3, 1, -3, -7, -2])",False
30671180086,"array('h', [-8, -3, 2, 2, -3, -5, -7, -8])",False
30682890677,"array('h', [-15, -18, -4, -8, -11, -10, -7, -8])",False
30682908619,"array('h', [-1, -4, -1, 3, 4, 1, 1, 6])",False
30692602868,"array('h', [1, 0, -1, 0, 2, 4, 3, 0])",False
30692635331,"array('h', [12, 2, -2, 2, 5, 8, 9, 11])",False
30706758451,"array('h', [2, 1, 2, 6, -1, 2, 0, -1])",False
30706783096,"array('h', [-18, -8, -4, -4, -9, -14, -14, -17])",False
30708337737,"array('h', [3, -6, 1, 7, 12, 9, 6, 7])",False
30708363440,"array('h', [-3, 3, -3, -5, -8, -8, -5, 0])",False
30729364869,"array('h', [-2, 9, 0, -4, 0, 5, 3, -7])",False
30729403604,"array('h', [5, -3, -3, 4, 5, 4, 6, 8])",False
30730820855,"array('h', [-19, -9, 5, 6, -2, -6, -7, -8])",False
30730852757,"array('h', [-22, -17, -5, -6, -7, -8, -12, -17])",False
30742897909,"array('h', [22, 7, -5, -6, 0, 7, 12, 17])",False
30742910557,"array('h', [2, -3, -7, -5, 1, 2, 3, 7])",False
30751889988,"array('h', [3, -10, 1, 6, 3, -2, -3, 0])",False
30751904412,"array('h', [-14, 7, 0, -6, -13, -15, -18, -25])",False
30766903910,"array('h', [5, 9, 5, 0, -2, -2, 0, 1])",False
30766954746,"array('h', [-11, -16, -5, 2, 5, 3, 2, 0])",False
30768447744,"array('h', [25, 52, -8, -12, -6, -2, 4, 16])",False
30768487536,"array('h', [-74, -84, -1, 4, 2, -1, -15, -41])",False
30789354788,"array('h', [22, 33, -2, -8, -9, -4, -6, -5])",False
30789392259,"array('h', [39, 13, 1, 10, 10, 7, 12, 33])",False
30791063781,"array('h', [-24, -7, -5, -4, -4, -4, -14, -31])",False
30791110097,"array('h', [22, 13, -1, 1, 5, 5, 10, 13])",False
30802940944,"array('h', [-22, -23, -1, -2, -2, -1, -1, -1])",False
30802958634,"array('h', [-22, -20, -1, 0, -9, -12, -12, -15])",False
30811956554,"array('h', [25, 17, 4, -3, 6, 14, 20, 22])",False
30811981489,"array('h', [-7, -2, 0, 1, -5, -5, -3, 4])",False
30826687090,"array('h', [-8, -17, -1, 0, -3, -4, -5, -9])",False
30826712491,"array('h', [12, 16, 6, 1, 4, 6, 13, 17])",False
30828226407,"array('h', [-11, -21, -10, -7, -6, -11, -17, -14])",False
30828239284,"array('h', [4, 10, -3, -7, -3, -2, 1, 2])",False
30849559213,"array('h', [21, 10, 2, 5, 5, 3, 2, 5])",False
30849620244,"array('h', [-36, -47, -2, -3, -9, -12, -15, -15])",False
30851113791,"array('h', [48, 48, -2, 4, 10, 14, 22, 28])",False
30851172680,"array('h', [-7, 2, -3, -3, -4, -6, -13, -17])",False
30862801035,"array('h', [-7, -4, -4, -8, -5, -4, -5, -1])",False
30862823903,"array('h', [-34, -25, -2, 2, -6, -8, -10, -22])",False
30872604213,"array('h', [38, 12, 3, 6, 9, 7, 12, 33])",False
30872636804,"array('h', [24, 18, -5, -1, 0, -1, 0, 12])",False
30886859992,"array('h', [-13, -4, 3, 1, 1, 2, -1, -8])",False
30886897680,"array('h', [7, 4, 0, -5, 0, 0, 0, -2])",False
30888430334,"array('h', [-29, -27, 5, 2, -6, -1, -3, -14])",False
30888466661,"array('h', [12, 16, -5, -33, -14, 0, 2, 5])",False
30909270582,"array('h', [-4, -6, 1, 22, 10, 0, 2, 6])",False
30909308472,"array('h', [36, 41, 14, 40, 28, 16, 16, 17])",False
30910905942,"array('h', [-18, -15, 0, 8, 2, -8, -13, -15])",False
30910920540,"array('h', [-11, -12, 0, 8, 5, 4, 1, -1])",False
30922877538,"array('h', [-38, -42, -3, -23, -18, -10, -10, -16])",False
30922889974,"array('h', [61, 58, -1, -27, -5, 9, 19, 29])",False
30931802447,"array('h', [-2, -1, 3, 4, -1, -1, -2, -3])",False
30931827256,"array('h', [-26, -13, -6, -3, -2, 3, 11, -4])",False
30946837286,"array('h', [15, 2, 8, 11, 8, 4, -1, 4])",False
30946849805,"array('h', [-5, 8, -2, -1, -14, -20, -24, -24])",False
30948391972,"array('h', [-22, -7, 0, -9, 4, 8, 10, -1])",False
30948404030,"array('h', [16, -6, -4, -1, -2, -3, 0, 7])",False
30969354401,"array('h', [-4, 5, -2, 2, 4, 5, 6, 2])",False
30969391948,"array('h', [-13, -15, -1, 3, 3, 4, -2, -9])",False
30970863643,"array('h', [-8, -8, -3, -3, -10, -11, -8, -3])",False
30970895049,"array('h', [-16, 5, 10, 5, 2, 0, -1, -11])",False
30982906076,"array('h', [24, 12, -8, -3, 8, 9, 11, 16])",False
30982927878,"array('h', [-22, -15, -4, -9, -11, -8, -13, -17])",False
30991794741,"array('h', [-16, -30, -9, -4, -4, -6, -8, -8])",False
30991812140,"array('h', [36, 53, 20, 19, 11, 10, 12, 25])",False
31006906122,"array('h', [14, 9, -1, -5, 0, -3, -3, -5])",False
31006950108,"array('h', [-23, -38, -7, -3, 0, 1, -2, -7])",False
31008505153,"array('h', [15, 26, -3, -1, -7, -10, -6, -1])",False
31008555843,"array('h', [-21, -17, 7, 3, 4, 6, 9, -3])",False
31029267607,"array('h', [23, 20, -6, -7, -2, 2, 6, 15])",False
31029296586,"array('h', [-28, -14, 3, 6, 8, 6, 1, -8])",False
31030705846,"array('h', [10, 2, -3, -1, -1, 0, 1, 1])",False
31030732066,"array('h', [-10, -12, -11, -2, -6, -9, -10, -10])",False
31042943228,"array('h', [4, -2, 4, 7, 9, 12, 14, 18])",False
31042965336,"array('h', [-1, -2, -3, 0, -2, -3, 1, 0])",False
31052081513,"array('h', [-4, -3, 4, -1, -3, -1, 3, -1])",False
31052131035,"array('h', [6, -3, -10, -6, 0, 4, 0, 3])",False
31066696997,"array('h', [7, 6, 5, 8, 4, 3, 3, 5])",False
31066723239,"array('h', [13, 14, 2, -6, -2, -2, -5, 2])",False
31068231100,"array('h', [-32, -16, 1, 6, -8, -11, -13, -22])",False
31068244254,"array('h', [42, 25, -1, -10, 2, 6, 15, 27])",False
31089483911,"array('h', [-22, -19, -7, -1, -7, -7, -9, -16])",False
31089520317,"array('h', [6, 9, 2, 2, 0, 0, 3, 5])",False
31091153164,"array('h', [-4, 4, 5, -3, 1, 0, -4, -4])",False
31091204589,"array('h', [-44, -14, -8, 0, -6, -12, -18, -27])",False
31103154819,"array('h', [54, 38, 26, 15, 18, 25, 24, 24])",False
31103212844,"array('h', [-36, -37, -15, -7, -8, -11, -12, -21])",False
31111925958,"array('h', [10, 22, 1, 3, -3, -4, -6, 6])",False
31111968747,"array('h', [1, -6, -3, -2, -6, -11, -11, -10])",False
31126664915,"array('h', [4, 6, -3, -6, 2, 8, 13, 14])",False
31126707621,"array('h', [14, 16, -1, 1, -1, -1, 1, 9])",False
31128408215,"array('h', [-32, -45, -7, 0, 3, 1, -6, -17])",False
31128428864,"array('h', [12, 9, 2, 6, 1, 0, 2, 6])",False
31149933823,"array('h', [-4, 0, -7, -15, -5, -4, -2, -5])",False
31149950235,"array('h', [16, 6, 6, -3, -2, 0, 5, 7])",False
31151542931,"array('h', [1, -7, -9, -6, 0, 1, 5, 6])",False
31151555513,"array('h', [5, 4, 1, 6, 3, 1, 0, 1])",False
31162764959,"array('h', [-42, -19, -11, -7, -17, -22, -27, -30])",False
31162778561,"array('h', [41, 34, 22, 14, 21, 31, 33, 31])",False
31172001737,"array('h', [-14, -24, -3, -2, -5, -7, -14, -17])",False
31172033012,"array('h', [-23, -42, -11, -5, -6, -8, -3, 2])",False
31186642512,"array('h', [35, 46, 6, 3, 8, 4, -3, -1])",False
31186654967,"array('h', [-33, -18, -7, 0, -3, -9, -6, -8])",False
31188273703,"array('h', [43, 40, 18, 3, 4, 9, 11, 13])",False
31188286304,"array('h', [11, -17, -4, 0, 4, 5, 4, 9])",False
31209394599,"array('h', [-25, -24, -12, -6, -9, -10, -5, -6])",False
31209439822,"array('h', [-3, 1, -3, -3, -1, -2, -7, -11])",False
31210952712,"array('h', [0, -6, -3, 0, 1, 3, 2, 2])",False
31210994364,"array('h', [-16, -1, 3, -1, -14, -14, -14, -17])",False
31222786923,"array('h', [16, 9, 6, -7, -4, -3, 7, 17])",False
31222813909,"array('h', [3, 0, -10, -1, 1, 0, -5, -5])",False
31232079554,"array('h', [-2, -10, -1, 3, 8, 13, 16, 11])",False
31232103137,"array('h', [-1, 3, 0, 5, 1, -5, -9, -8])",False
31246852226,"array('h', [-23, -15, 3, -4, -7, -8, -3, -5])",False
31246894983,"array('h', [2, 6, -3, -6, -13, -17, -21, -20])",False
31248604767,"array('h', [10, 5, -3, -2, 10, 13, 19, 22])",False
31248640960,"array('h', [15, 23, 11, 5, 4, 6, 2, -11])",False
31269187180,"array('h', [-42, -41, -16, 2, -6, -9, -16, -24])",False
31269235582,"array('h', [21, 9, -3, -9, 4, 11, 19, 25])",False
31270953880,"array('h', [-19, -9, -1, 7, -4, -8, -10, -14])",False
31270979294,"array('h', [24, 28, 3, -18, -7, 4, 14, 21])",False
31282824733,"array('h', [2, -4, 10, 7, 3, 0, -3, -6])",False
31282862409,"array('h', [-12, -5, -2, -1, -6, -5, -8, -8])",False
31291924458,"array('h', [-13, -8, -4, -5, -6, -5, -2, -6])",False
31291941180,"array('h', [6, 1, 2, 3, 5, 7, 8, 9])",False
31305837178,"array('h', [8, 6, -3, 1, 2, 2, 3, 6])",False
31305849956,"array('h', [-32, -27, -8, -3, -4, -5, -4, -5])",False
31314368261,"array('h', [66, 62, 14, 8, 18, 18, 19, 27])",False
31314394963,"array('h', [-19, -17, -3, 1, -3, -7, -10, -12])",False
31336828641,"array('h', [5, 3, -4, -2, -2, -3, -3, -1])",False
31336847806,"array('h', [-2, -12, -3, 5, -1, -3, -4, -4])",False
31338424464,"array('h', [-10, -10, -1, -7, -7, -4, -3, -3])",False
31338439643,"array('h', [-6, 0, 0, 1, -2, -2, 0, 2])",False
31342724786,"array('h', [22, 1, -13, -5, 5, 7, 8, 14])",False
31342739378,"array('h', [-9, -4, 5, 1, -4, -4, -6, -8])",False
31351910262,"array('h', [4, 3, -1, -3, 0, 1, 1, 2])",False
31351922435,"array('h', [2, 2, -4, 0, -1, -2, -6, -5])",False
31366256485,"array('h', [-16, -12, 1, 0, -2, -4, -7, -10])",False
31366309645,"array('h', [9, 6, -2, -2, 0, -2, 5, 6])",False
31373227164,"array('h', [22, 18, 3, 1, 5, 0, -2, 14])",False
31373288883,"array('h', [-20, -27, -1, 3, -4, -1, -2, -8])",False
31389186563,"array('h', [21, 13, -3, -5, 3, 4, 12, 20])",False
31389220298,"array('h', [-1, 2, -1, -5, -6, -9, -17, -23])",False
31390949673,"array('h', [-17, -14, -7, -4, -6, -7, -8, -13])",False
31390984667,"array('h', [-2, -4, 3, 3, 4, 2, -3, -4])",False
31411813792,"array('h', [0, -11, -11, -11, -13, -12, -7, 1])",False
31411839908,"array('h', [5, 15, 11, 4, 12, 20, 21, 15])",False
31413315777,"array('h', [-10, -18, -7, -8, -9, -8, -5, -3])",False
31413345454,"array('h', [16, 17, 2, 2, 2, 3, 1, 2])",False
31426728823,"array('h', [-35, -23, -2, 1, -6, -10, -17, -30])",False
31426759598,"array('h', [25, 35, 5, 4, 9, 11, 16, 24])",False
31432862421,"array('h', [-26, -38, -5, -8, -7, -7, -7, -4])",False
31432875854,"array('h', [46, 55, 2, 0, 6, 11, 10, 17])",False
31449381638,"array('h', [-19, -13, 4, 9, 3, -1, -10, -21])",False
31449435714,"array('h', [-14, -20, -7, -6, -11, -11, -9, -7])",False
31451008182,"array('h', [-40, -29, -5, 4, -9, -12, -16, -30])",False
31451062101,"array('h', [70, 48, 15, 8, 27, 35, 51, 64])",False
31462941531,"array('h', [10, 11, 1, -9, -1, 1, 0, 5])",False
31462966343,"array('h', [-12, -11, -3, 0, -4, -8, -9, -12])",False
31471945571,"array('h', [3, 9, 0, 3, 0, 1, 2, 1])",False
31471965488,"array('h', [-46, -39, -9, -2, -10, -18, -23, -35])",False
31485932562,"array('h', [8, 8, 11, 3, 0, 6, 6, 3])",False
31485967019,"array('h', [-13, -2, -9, -2, -1, 0, 4, 1])",False
31492742059,"array('h', [59, 41, 20, 7, 16, 18, 22, 38])",False
31492756002,"array('h', [10, 10, -6, -5, -10, -14, -18, -16])",False
31509076383,"array('h', [-8, -4, 2, 2, 6, 7, 5, -1])",False
31509092159,"array('h', [-12, -21, -1, -8, -12, -13, -15, -10])",False
31510926038,"array('h', [-8, -1, 1, 5, 8, 12, 17, 9])",False
31510949406,"array('h', [-25, -20, -12, -3, -5, -9, -13, -17])",False
31532048595,"array('h', [6, 11, 5, -5, -5, -5, -3, 1])",False
31532113303,"array('h', [-4, -10, 0, 1, 2, 4, 6, 0])",False
31533559949,"array('h', [4, 6, -6, 0, 4, -1, -3, 0])",False
31533624721,"array('h', [-20, -9, 2, 4, 2, 3, 2, -5])",False
31546200951,"array('h', [-17, -11, -7, 3, 1, -2, -1, -4])",False
31546254275,"array('h', [32, 21, 4, -19, -5, 4, 8, 17])",False
31552954314,"array('h', [-9, -2, 5, 5, -1, -6, -11, -15])",False
31553013731,"array('h', [7, 16, -6, -5, -3, -3, 1, 9])",False
31569348481,"array('h', [-6, -25, -10, 3, 0, -3, -8, -5])",False
31569361732,"array('h', [-19, -10, -8, 5, 0, -5, -9, -17])",False
31570999574,"array('h', [-15, -19, -11, -6, -9, -6, -10, -12])",False
31571015166,"array('h', [5, 7, 13, -4, 0, 3, 6, 5])",False
31591893590,"array('h', [-5, -3, -3, 5, -1, -1, 0, 1])",False
31591919289,"array('h', [-42, -24, -12, -4, -8, -13, -18, -24])",False
31593196971,"array('h', [38, 36, 14, 5, 7, 12, 9, 10])",False
31593227283,"array('h', [-8, -15, -7, 1, -2, -5, -6, -2])",False
31606277797,"array('h', [17, 19, 4, -5, 1, 6, 10, 13])",False
31606355894,"array('h', [-16, -23, 0, 3, -6, -7, -11, -12])",False
31613042820,"array('h', [-10, 6, -10, -2, -4, -5, 0, -2])",False
31613075696,"array('h', [19, 17, 11, 7, 12, 17, 19, 20])",False
31628592097,"array('h', [13, 6, -6, -14, -4, -4, -8, -4])",False
31628614708,"array('h', [1, 6, 6, 1, -8, -7, -5, -1])",False
31636881697,"array('h', [5, -8, -8, -2, 3, 5, 8, 13])",False
31636896809,"array('h', [-29, -37, -1, 9, 15, 4, 0, -10])",False
31651753441,"array('h', [9, 10, 0, 5, -5, -9, -8, -5])",False
31651767598,"array('h', [12, 12, 4, 0, 10, 14, 17, 23])",False
31653309817,"array('h', [-29, -21, -19, -11, -14, -10, -18, -31])",False
31653319849,"array('h', [-6, -7, 4, -7, -11, -11, -11, -10])",False
31665929905,"array('h', [4, 5, 3, 4, 7, 9, 14, 14])",False
31665942289,"array('h', [7, 2, -6, -5, -3, -3, -2, 3])",False
31672736101,"array('h', [-9, -4, 7, 10, 5, -1, -4, -11])",False
31672750487,"array('h', [-8, -5, -7, -29, -18, -9, -11, -8])",False
31689585333,"array('h', [-13, -1, -3, 8, 0, -3, -3, -7])",False
31689637949,"array('h', [42, 21, 7, 20, 18, 16, 19, 26])",False
31691068188,"array('h', [-37, -31, -7, 12, 0, -7, -13, -19])",False
31691115936,"array('h', [35, 28, 13, 0, 12, 15, 20, 25])",False
31711927690,"array('h', [30, 32, 22, -5, -10, 1, 5, 17])",False
31711965324,"array('h', [2, -5, -10, -9, 0, 2, 2, 2])",False
31713438509,"array('h', [-3, -3, 4, -2, -6, -8, -6, -5])",False
31713482997,"array('h', [-19, -12, -6, -1, -10, -8, -7, -12])",False
31726089878,"array('h', [-42, -51, -16, -3, 5, 4, 4, -4])",False
31726128911,"array('h', [88, 82, 24, 5, 7, 13, 25, 42])",False
31732844099,"array('h', [-36, -27, -12, -11, -9, -17, -30, -35])",False
31732868791,"array('h', [-10, -13, -9, 1, -7, -6, -3, -4])",False
31749258593,"array('h', [-14, -4, -1, 3, 1, -1, 1, -8])",False
31749281187,"array('h', [-15, -20, -7, -4, -5, -7, -6, -5])",False
31750770636,"array('h', [11, 2, 1, -10, -22, -9, 4, 13])",False
31750812638,"array('h', [-2, -2, -20, -91, -35, -12, -7, -6])",False
31771865808,"array('h', [-19, -19, -12, 44, -11, -5, -8, -12])",False
31771890638,"array('h', [8, 13, 32, 94, 91, 39, 19, 9])",False
31773360678,"array('h', [32, 33, 37, 68, 79, 38, 20, 22])",False
31773398684,"array('h', [-6, -2, 8, 33, 13, 2, -3, -4])",False
31785297574,"array('h', [-15, -8, -8, -49, -32, -13, -6, -11])",False
31785307112,"array('h', [-12, 2, -17, -61, -65, -39, -25, -22])",False
31794477688,"array('h', [10, 3, -8, -17, -13, -3, 8, 15])",False
31794487330,"array('h', [5, -2, -3, -4, 0, 0, -1, 3])",False
31809335016,"array('h', [-26, -20, -8, -9, -3, -8, -10, -20])",False
31809352249,"array('h', [-7, -8, -1, -5, -11, -7, -7, -2])",False
31811136871,"array('h', [44, 32, 14, -5, 11, 19, 26, 27])",False
31811176126,"array('h', [-2, 0, -1, 11, -1, -1, -5, -5])",False
31831997035,"array('h', [9, 8, 5, 7, 6, 2, 2, 1])",False
31832022887,"array('h', [-66, -81, -14, -1, -2, -4, -13, -29])",False
31833497099,"array('h', [37, 55, 5, -13, -11, -2, 5, 16])",False
31833520187,"array('h', [20, 11, 3, 11, 10, 9, 9, 10])",False
31845469288,"array('h', [4, 5, 5, 10, 11, 1, -3, -1])",False
31845487158,"array('h', [9, 8, 1, -10, -1, 2, 5, 5])",False
31854366793,"array('h', [-27, -30, -13, -18, -20, -13, -14, -14])",False
31854376544,"array('h', [-12, -10, -18, -37, -18, -8, -3, -3])",False
31869350299,"array('h', [14, 16, 8, 24, 13, 1, 2, 8])",False
31869360683,"array('h', [9, 9, 8, 23, 25, 15, 11, 8])",False
31870895717,"array('h', [-16, -12, 8, 53, 17, 3, -3, -9])",False
31870905775,"array('h', [-4, -2, 3, 2, 10, 0, 0, -1])",False
31893325329,"array('h', [7, 7, -7, -52, -31, -5, -2, 1])",False
31893345016,"array('h', [14, 7, -5, 8, -9, 1, 11, 12])",False
31894938634,"array('h', [-8, -9, 0, 4, 7, -4, -7, -4])",False
31894954782,"array('h', [-6, -10, -1, 19, 6, -2, -6, -7])",False
31905276085,"array('h', [-1, 2, 1, -23, 1, 1, 1, -4])",False
31905285173,"array('h', [-20, -10, -8, -26, -26, -22, -22, -22])",False
31914162572,"array('h', [0, -10, -20, -19, -6, 10, 14, 9])",False
31914178775,"array('h', [8, 8, 7, 7, 2, 1, 3, 7])",False
31929428153,"array('h', [11, 7, -3, 5, 9, 4, 6, 10])",False
31929468176,"array('h', [-1, 0, 3, 0, -1, -1, -4, -4])",False
31931114722,"array('h', [-8, -11, -3, -11, -10, -7, -7, -8])",False
31931151097,"array('h', [-10, 1, 1, 3, -6, -5, -3, -8])",False
31951694691,"array('h', [17, 3, 2, 17, 18, 15, 14, 15])",False
31951704876,"array('h', [-8, -2, -3, -25, -10, 2, -1, -6])",False
31953291436,"array('h', [7, 6, -5, -14, -9, -7, 0, 5])",False
31953300954,"array('h', [-3, 1, 11, 55, 9, -5, -6, -6])",False
31965439057,"array('h', [-5, -1, 18, 36, 21, 3, -3, -4])",False
31965451132,"array('h', [3, 7, 13, 1, 12, 11, 5, 2])",False
31974344479,"array('h', [2, 1, -15, -37, -17, -7, -3, -2])",False
31974355660,"array('h', [-3, -12, -16, -24, -25, -17, -9, -3])",False
31989254744,"array('h', [1, -2, -25, -46, -40, -13, -4, 1])",False
31989263651,"array('h', [-1, -3, -21, -22, -16, -9, -3, -1])",False
31990862447,"array('h', [-6, 1, 38, 37, 48, 13, 5, 0])",False
31990871101,"array('h', [10, 14, 23, 68, 48, 30, 10, 9])",False
32011962539,"array('h', [2, 0, -5, 20, 31, 9, 2, 3])",False
32011991550,"array('h', [-8, -8, -16, -44, -19, -6, -7, -6])",False
32013552499,"array('h', [-7, -3, 0, -28, -36, -7, -2, -4])",False
32013577801,"array('h', [5, -1, -10, 19, 11, 2, 5, 5])",False
32025370379,"array('h', [0, -3, -8, -6, 0, -10, -5, -3])",False
32025385339,"array('h', [-7, -4, 14, 9, -12, -11, -9, -9])",False
32034565727,"array('h', [4, 3, -3, -9, -3, 2, 4, 2])",False
32034589680,"array('h', [6, 6, 1, -27, -21, -6, 1, 5])",False
32050756486,"array('h', [2, 4, 22, 17, -4, -3, -2, 1])",False
32050766935,"array('h', [1, -1, -16, 3, 6, -1, -1, 1])",False
32052345227,"array('h', [-9, -11, -4, -13, -11, -4, -6, -5])",False
32052354397,"array('h', [3, 9, 4, 14, 16, 19, 7, 3])",False
32072005329,"array('h', [5, 7, -7, -38, -5, -5, 1, 3])",False
32072015269,"array('h', [-2, -5, -9, 14, -23, -11, -5, -2])",False
32073475345,"array('h', [2, -8, -7, 25, 24, 3, -1, -1])",False
32073484416,"array('h', [-10, -13, -4, 11, 18, 1, -1, -6])",False
32085331125,"array('h', [1, 0, -6, 18, 16, 1, 1, 1])",False
32085358532,"array('h', [-7, -2, 3, -15, -5, -2, 1, -1])",False
32095160693,"array('h', [-7, -8, -8, -24, -22, -10, -4, -5])",False
32095179612,"array('h', [-1, 1, 15, -13, -19, -6, 0, -2])",False
32109133233,"array('h', [4, 9, 24, 9, 0, 9, 4, 2])",False
32109146118,"array('h', [13, 14, -2, 7, 13, 14, 10, 8])",False
32110889742,"array('h', [-4, 0, -8, 6, -4, 0, -3, -2])",False
32110898998,"array('h', [-5, -7, -11, -9, -1, -6, -4, -2])",False
32131923334,"array('h', [-5, -2, -6, -8, -13, -9, -6, -3])",False
32131938941,"array('h', [5, 5, 9, 11, 5, -1, 2, 4])",False
32133355796,"array('h', [-5, -3, 6, 1, -5, -3, -2, -5])",False
32133372384,"array('h', [0, -4, -13, -15, 2, 2, -1, -1])",False
32145332642,"array('h', [-7, -9, -5, 9, 0, 1, -2, -4])",False
32145342247,"array('h', [1, 7, 13, 14, 14, 6, 3, 2])",False
32160565644,"array('h', [5, 6, 8, -1, 4, 6, 5, 3])",False
32160583829,"array('h', [1, -3, -15, -9, -14, -11, -5, -1])",False
32169293296,"array('h', [-2, -8, -8, -14, -4, 0, -1, -2])",False
32169332572,"array('h', [-2, -1, 3, 4, 5, 3, -2, -4])",False
32171195809,"array('h', [-3, -1, 7, 4, -1, -5, -3, -2])",False
32171233867,"array('h', [-1, 5, 7, -13, -6, 2, 0, -1])",False
32191850516,"array('h', [8, 3, -9, 15, 10, 6, 3, 7])",False
32191867683,"array('h', [-7, -6, -5, -9, -8, -6, -3, -4])",False
32193346333,"array('h', [1, -1, -3, 1, 0, 2, 1, 2])",False
32193368331,"array('h', [-1, 0, 0, -6, -4, 0, 2, 0])",False
32205284857,"array('h', [-2, 5, 11, 3, -2, 0, 0, -2])",False
32205295377,"array('h', [2, 0, -2, 15, 9, 1, 0, 0])",False
32214435650,"array('h', [-1, -5, -16, -19, -7, -2, -1, 1])",False
32214444833,"array('h', [4, 2, 9, 7, 2, 0, 3, 4])",False
32228569055,"array('h', [-11, -1, 15, -11, 1, -2, -5, -8])",False
32228580123,"array('h', [6, 3, -6, 3, -2, -3, -1, 2])",False
32235409347,"array('h', [-3, -8, -8, 1, 5, 4, 1, -3])",False
32235422591,"array('h', [-6, -3, 7, 6, -2, -6, -5, -3])",False
32252003932,"array('h', [-2, -3, -6, -10, -6, 2, 0, -1])",False
32252032407,"array('h', [4, 0, -7, 0, 4, 3, 2, 3])",False
32253578305,"array('h', [-3, 1, 7, 7, -7, -6, -4, -3])",False
32253604428,"array('h', [-2, -13, -11, 9, 18, 10, 7, 5])",False
32265503150,"array('h', [-3, -4, -6, -9, -6, -4, -2, -3])",False
32265526584,"array('h', [-6, -6, -3, -4, -5, -4, -4, -4])",False
32274464635,"array('h', [2, 5, 3, 6, -2, -2, 0, 2])",False
32274481329,"array('h', [2, -2, -29, -34, -11, -1, -2, -3])",False
32288455802,"array('h', [6, 4, 25, 31, 13, 6, 8, 8])",False
32288468814,"array('h', [-7, -5, 11, 0, -10, -11, -7, -2])",False
32295225496,"array('h', [-3, 0, 1, -1, -3, -7, -2, -3])",False
32295230016,"array('h', [2, 3, -10, -18, -15, -3, 0, -1])",False
32311725972,"array('h', [4, 2, 3, 27, 24, 11, 3, 0])",False
32311729871,"array('h', [2, 3, 1, -4, 1, 1, -1, 1])",False
32313072573,"array('h', [-8, -11, -8, 13, -5, -5, -4, -4])",False
32313076083,"array('h', [10, 20, -5, -15, -5, 3, 7, 7])",False
32334323381,"array('h', [9, -13, -21, -13, -5, 0, 3, 9])",False
32334332407,"array('h', [-6, 4, 23, 19, 7, -2, -4, -6])",False
32335789883,"array('h', [5, 1, 6, 1, 2, 1, 1, 4])",False
32335798988,"array('h', [-24, -17, -4, -46, -7, -3, -5, -18])",False
32348539824,"array('h', [15, 33, 26, 40, 11, 3, 6, 7])",False
32348559991,"array('h', [-2, -26, -35, -7, 5, 9, 12, 7])",False
32362808210,"array('h', [-6, 6, 16, 16, 9, 1, -1, -6])",False
32362822502,"array('h', [-2, -5, 3, 13, -11, -10, -5, -1])",False
32371631907,"array('h', [-10, -14, -21, -20, -16, -7, -7, -8])",False
32371642053,"array('h', [0, 4, 2, -10, -1, -2, -4, -3])",False
32373271182,"array('h', [8, 5, -12, -13, 2, 7, 3, 3])",False
32373281629,"array('h', [1, 13, 36, 27, 6, -2, -8, -5])",False
32385316212,"array('h', [2, -7, -18, -17, -7, -1, 0, -1])",False
32385331155,"array('h', [5, 10, 7, 0, 2, 1, 0, 0])",False
32394386685,"array('h', [4, -8, -16, -7, -3, 2, 3, 7])",False
32394399075,"array('h', [2, -1, 4, 11, 10, 1, -1, 7])",False
32408630615,"array('h', [-7, -1, 7, -4, -8, -5, -6, -3])",False
32408666068,"array('h', [5, 12, 4, -2, -5, 2, 2, 2])",False
32415595410,"array('h', [-3, -4, -1, 2, 3, 3, -3, -1])",False
32415633088,"array('h', [5, -2, 1, 10, 6, 3, 3, 4])",False
32431761650,"array('h', [-5, -4, 1, -3, -4, 1, 0, -4])",False
32431774698,"array('h', [2, 6, 7, -4, 0, 2, 2, 1])",False
32433405742,"array('h', [1, 3, -10, -11, -8, -1, -1, 0])",False
32433427951,"array('h', [6, 2, -2, 5, 1, 2, 4, 8])",False
32445413578,"array('h', [-7, -2, 4, -6, -6, -4, -1, -4])",False
32445426463,"array('h', [-8, -5, 10, 4, 6, -4, -4, -6])",False
32454181345,"array('h', [-4, -4, 3, -3, -3, -5, -4, -4])",False
32454195407,"array('h', [-2, -4, -6, 4, 2, -3, -3, -3])",False
32476928201,"array('h', [3, 9, 3, -4, -7, -3, -1, 0])",False
32476941659,"array('h', [2, 1, -6, -9, -9, 1, 3, 6])",False
32478533809,"array('h', [-1, -1, -3, -2, 7, 1, -1, 1])",False
32478548617,"array('h', [-3, 0, 8, 10, 7, 2, 0, -2])",False
32491886438,"array('h', [-7, -3, 5, 7, 6, 0, 0, -3])",False
32491911437,"array('h', [2, -3, -10, -1, -3, -1, -1, 0])",False
32493454094,"array('h', [1, 0, 4, -1, -4, -4, -1, -1])",False
32493476920,"array('h', [-2, -2, 2, -1, -3, -5, -4, -4])",False
32514335734,"array('h', [0, 0, -4, -6, -6, -4, -1, -1])",False
32514347891,"array('h', [3, -1, -10, -6, 1, 1, 2, 2])",False
32515864934,"array('h', [0, 2, 0, -16, -16, -5, -5, -2])",False
32515874753,"array('h', [0, 2, 7, 14, 8, 2, -1, 1])",False
32528715966,"array('h', [-2, -2, 0, 15, 15, 8, 2, 1])",False
32528751569,"array('h', [-1, 0, 4, 8, 4, 1, -4, -2])",False
32543818695,"array('h', [-1, -1, 0, 0, 3, -1, 0, 0])",False
32543847788,"array('h', [-1, -3, -11, -14, -13, -5, -2, -3])",False
32552548825,"array('h', [-5, -3, 1, -6, -7, -5, -4, -5])",False
32552562519,"array('h', [-1, -2, -5, 0, -10, -2, 1, -1])",False
32554136170,"array('h', [-2, -1, -4, -3, 13, 0, 3, 0])",False
32554151072,"array('h', [0, 0, 0, 0, -7, 0, 1, 0])",False
