panda_joint1_velocity,panda_joint2_velocity,panda_joint3_velocity,panda_joint4_velocity,panda_joint5_velocity,panda_joint6_velocity,panda_joint7_velocity,panda_finger_joint1_velocity,panda_finger_joint2_velocity,Timestamp
-0.002434006932803373,0.001963379296031411,0.004097639780299894,0.003622370848147414,-0.0034734151583464693,0.00094144694924039,-0.003856046526317434,0.0,0.0,1730276032.932614
0.004132284280011693,-0.00113805424650314,0.007336296501941505,0.001604455993254806,0.005524023440404288,-0.0015423950048200359,0.007312918845499743,0.0,0.0,1730276033.0258548
-0.006566649481419491,0.0022967684030225453,-0.015958793900211182,-0.005551526136016424,-0.011057200126697732,0.0032788068616124346,-0.018213914233309154,0.0,0.0,1730276033.1190953
0.024556010428438097,-0.002920917451152037,0.05652822724728028,0.01347141760749429,0.03782035016377255,-0.009092928090443894,0.06773998698667166,0.0,0.0,1730276033.212336
0.09594980276609646,-0.022369579952162034,0.20108491299292458,0.06222371789507105,0.1439182346101583,-0.04128510711909574,0.24690728088609498,0.0,0.0,1730276033.3055766
0.09607926112422127,-0.026305861407944085,0.20364360883374286,0.06622363612671599,0.14887709821663758,-0.04367585728568714,0.26361392357747715,0.0,0.0,1730276033.3988173
0.08939087032489547,-0.02269995231084324,0.19756119398038968,0.06275434922969456,0.13903862718271245,-0.03868042596499277,0.2493485799979699,0.0,0.0,1730276033.492058
0.1003273761833285,-0.026363805801880996,0.20495670778537595,0.06853505044000652,0.15352468537191835,-0.04281870719525106,0.2682503388045778,0.0,0.0,1730276033.5852985
0.0913987464529316,-0.02446390391915599,0.18899194929370913,0.06165600695144001,0.1432600157468473,-0.04089119109032394,0.2464966050268636,0.0,0.0,1730276033.6785393
0.09619365290330043,-0.02448683445686728,0.21148435943369379,0.06718458762306209,0.15150315217462845,-0.04371350642103742,0.2650108981554347,0.0,0.0,1730276033.7717798
0.09190613350008625,-0.029166414699542453,0.18848183318527628,0.06458176370903913,0.1459790286768248,-0.0424373769072194,0.27254822446121185,0.0,0.0,1730276033.8650205
0.09567571506112703,-0.027584743449161064,0.19439794253692286,0.06663714408670178,0.1521598797696977,-0.04319219563108362,0.2788906110767236,0.0,0.0,1730276033.958261
0.09601789093607058,-0.027455421114601072,0.20105723343313986,0.0667576552881049,0.14474600079786648,-0.042294999232787074,0.2540501663898633,0.0,0.0,1730276034.0515018
0.03062790293502289,-0.011898560687115346,0.05836671224948771,0.018652945686733785,0.037205460785810544,-0.012017647133087601,0.06805832628229123,0.0,0.0,1730276034.1447425
-0.0073669208215096154,0.002094500535140181,-0.014665708718624087,-0.006180876004305823,-0.011620106226157697,0.0024944253055343996,-0.02136178280685674,0.0,0.0,1730276034.237983
0.002972408540253966,-0.0002125075745700986,0.006700452502100141,0.0017543366644323683,0.0051121833851438805,-0.0013254450872607732,0.009774021239515042,0.0,0.0,1730276034.3312237
-0.0016512243366633606,0.0008463598360419326,-0.0037441014868455614,-0.0018829642590436724,-0.00377935964629947,0.001302264547681072,-0.006196845200897163,0.0,0.0,1730276034.4244642
3.038857750948126e-05,-0.0007303757856818768,0.0016231892473819501,0.0007657891839884232,0.0017239916956437791,-0.0020639302857877588,0.0017110716911926164,0.0,0.0,1730276034.517705
0.00039079807719436454,0.0017929886619464813,-0.0032014689955253348,-0.00041144311057398145,-0.0019651044162931793,0.0018153933699993354,-0.0016120566664440407,0.0,0.0,1730276034.6109457
-0.0006928039728223238,-0.0021706502959715542,0.002876815185026869,-0.0005225949408057808,0.0015588766353079643,-0.002193657764654974,0.0002794238705445024,0.0,0.0,1730276034.7041862
0.0010478548148002648,0.001497064549044569,-0.0016281818661278721,-0.0009398466419060913,0.0003799925308214197,0.0009578435392460659,0.0003262465833377049,0.0,0.0,1730276034.797427
-0.0005992352176096611,-0.0017516212015098339,0.0028515168100826183,7.01449660755191e-05,0.0007945815239638814,-0.000978313095573903,-0.0007559367295729524,0.0,0.0,1730276034.8906674
0.0006599968024573708,-0.0006036694502456528,0.0013305093769578414,-0.0005406852669465445,0.0011237040776527429,-0.0005811173408612004,0.0027253099797305233,0.0,0.0,1730276034.9839082
-0.0009395684616670605,0.002374299990504676,-0.004733602682170165,-0.0018496470762765372,-0.0024401529366206913,0.0029077895600756417,-0.003330827734239303,0.0,0.0,1730276035.0771487
0.0011448408172840669,-0.010677864034195477,0.014874581496241136,0.003866647635078799,0.007688462992808622,-0.00999251427265911,0.009618333829911304,0.0,0.0,1730276035.1703894
0.003680334002105134,0.09576927803591868,-0.12781775023029543,-0.029492831662873434,-0.07660723410663706,0.099069213148466,-0.09202083033341635,0.0,0.0,1730276035.2636302
0.0020324371568814,0.1774687366628995,-0.23707342095339484,-0.05703679158532086,-0.14658474516614137,0.19519369907319734,-0.18464332961704558,0.0,0.0,1730276035.3568707
0.0055293850670123405,0.14776419755999248,-0.2023527618062556,-0.05019311837624227,-0.12802646295170317,0.16896018978078486,-0.15968493062623706,0.0,0.0,1730276035.4501114
0.007655396741270219,0.16608939372362244,-0.22053355032920408,-0.05441761548336866,-0.1377608973766946,0.18026581470738276,-0.170265213711674,0.0,0.0,1730276035.543352
0.005784222750053465,0.15749002324302863,-0.21351595787148897,-0.04869701468064566,-0.13605147725139824,0.17114842494317103,-0.16993170800798868,0.0,0.0,1730276035.6365926
0.006124311547572943,0.1591664082422642,-0.21583940769500742,-0.04985139338325117,-0.13198367192272184,0.1731510854039237,-0.16855315233422477,0.0,0.0,1730276035.7298334
0.006167879249169443,0.16387895172613556,-0.21788698630616796,-0.053290684924462706,-0.1347286287715431,0.18127075501736625,-0.17009872470086426,0.0,0.0,1730276035.8230739
0.006079143718297677,0.15069126082862183,-0.20820566668476403,-0.045835383181507455,-0.13099353075001863,0.1698511325296568,-0.16263520849233692,0.0,0.0,1730276035.9163146
0.0053268742068062645,0.1705310923629542,-0.22229134772586978,-0.051395000497175956,-0.13041467345310964,0.18794861367328883,-0.17415114850122695,0.0,0.0,1730276036.009555
0.005084134088208053,0.14346755078592355,-0.20553527979350258,-0.04753368578457237,-0.13015326033904184,0.16072360556844487,-0.1609940713041937,0.0,0.0,1730276036.1027958
0.006308547233895108,0.17875002341270282,-0.23230197660103508,-0.05533667154617941,-0.14148918545811184,0.19748091657993774,-0.18651716694815204,0.0,0.0,1730276036.1960366
0.00147848627201265,0.10760113852719089,-0.1524440362902291,-0.036671444733063746,-0.09096225913631967,0.11055169802865764,-0.12106929610242671,0.0,0.0,1730276036.289277
-0.0008426753950012182,0.010486027339407615,0.0002366502197411384,-0.0031897688394134536,0.004835604358890443,0.007313470656402554,0.0041439347420857845,0.0,0.0,1730276036.3825178
-0.00036593670360773986,0.17604924829438043,0.003936808329414886,-0.043470763371593404,0.06712318604680816,0.2059366045022824,-0.03575801389000573,0.0,0.0,1730276036.4757583
0.0006650082888193528,0.22826487018515548,-0.0015894901923682583,-0.06044288198318963,0.08852444347768973,0.2746210240461276,-0.06909408293900175,0.0,0.0,1730276036.568999
0.000505037834715041,0.20429477710220348,0.006500226689849524,-0.05149717947194807,0.08701061094763389,0.2488996095150085,-0.05889629840355026,0.0,0.0,1730276036.6622396
-0.000849756934791403,0.21665093739993907,0.0002574177021995517,-0.05737993140628328,0.08197236840553428,0.26138163911227796,-0.06485121588799836,0.0,0.0,1730276036.7554803
0.0022897752582684587,0.2140511149031146,0.0054731072164268466,-0.05565502414545562,0.08695268941642813,0.2605692817724641,-0.0628869006822776,0.0,0.0,1730276036.848721
-0.001784842596546736,0.20124193654339953,0.0022483194081372834,-0.05268955384442075,0.0777849192194317,0.23846658217722091,-0.06011142054938224,0.0,0.0,1730276036.9419615
0.002006811067965619,0.03533699726991851,0.0013939247315589737,-0.007524362806955172,0.01516914108159479,0.03997726691006182,-0.012777573643902777,0.0,0.0,1730276037.0352023
-0.0010723290121609913,-0.016021089130934665,0.0011900127843116296,0.00287185114701818,-0.0055129518013994,-0.013783287809589404,0.003350689215792035,0.0,0.0,1730276037.1284428
0.0014856934266574454,0.012607105761600151,-0.0018972488014876677,-0.004906421398648227,0.0037997514760491125,0.01138157822433457,-0.0036353089906432513,0.0,0.0,1730276037.2216835
0.002531142757314156,-0.0152817797234344,-0.0004056633697828356,0.006384906388988736,-0.004482279538848957,-0.01312763469595909,0.003996856143551502,0.0,0.0,1730276037.3149242
-0.010057712330622285,0.01875468316870384,0.004322710700377102,-0.01209450101141586,0.006887181117255081,0.01883616165876336,-0.004481833905634333,0.0,0.0,1730276037.4081647
0.07795832271498697,-0.06806731519577264,-0.059351546984574115,0.06690060232693043,-0.04092282315170182,-0.14891931075376766,0.029123911874424275,0.0,0.0,1730276037.5014055
0.1546802452776745,-0.16362012416542177,-0.11764292336226996,0.14538520266690766,-0.08767657226484789,-0.2758942256436419,0.06993588158043887,0.0,0.0,1730276037.594646
0.14091287087705123,-0.1396024066962764,-0.10713782550582027,0.1276906824839261,-0.07732412816019801,-0.24575581445346273,0.06598584431538228,0.0,0.0,1730276037.6878867
0.14387258313842802,-0.1479640786681311,-0.11044941919527648,0.1335231953941592,-0.08448429211183285,-0.2661239487048374,0.06813225674440464,0.0,0.0,1730276037.7811272
0.1394341801189036,-0.1462962885992342,-0.11116903210609597,0.126916282443919,-0.08506722919717756,-0.2461075023231166,0.08009304230182557,0.0,0.0,1730276037.874368
0.14539233885677041,-0.14658294651655077,-0.10730027282447464,0.1345055258329146,-0.08357555355257787,-0.2622063585770113,0.0769980735026881,0.0,0.0,1730276037.9676087
0.14971945594232494,-0.15359954780624718,-0.1099866119204477,0.14706625349379146,-0.08461192679641834,-0.27927675527496915,0.07312749639459534,0.0,0.0,1730276038.0608492
0.14090891063245553,-0.13870092653074112,-0.10943818859646577,0.12781022459206184,-0.07977349836920944,-0.24808012740498,0.07066053805375494,0.0,0.0,1730276038.15409
0.14602728850717275,-0.15451090055365482,-0.11301460758665435,0.13432299190479205,-0.08432911023546852,-0.2654727156389668,0.06614355360981686,0.0,0.0,1730276038.2473304
0.14344389442817246,-0.13900113466080535,-0.11187845485695262,0.1289458613703238,-0.07838207382577979,-0.24872712429238886,0.06600000725846494,0.0,0.0,1730276038.3405712
0.14643940093542118,-0.15317661316741876,-0.1132056772492718,0.13400577703205685,-0.08505526322419067,-0.27002488990675066,0.07104684308750701,0.0,0.0,1730276038.433812
0.13477829075215159,-0.14339389087982682,-0.10576176222386544,0.1275441393436998,-0.07776796747540154,-0.23817288613254045,0.06398008881241304,0.0,0.0,1730276038.5270524
0.02628471590003413,-0.018802585835057766,-0.02460974164190694,0.01723952800380155,-0.01653241510100222,-0.04231502237359168,0.01745271898291351,0.0,0.0,1730276038.6202931
-0.15419230896028502,-0.04409187965334609,0.10401001464634319,-0.08264731715526331,0.03378293716774729,0.011771110397793815,-0.04255715046271622,0.0,0.0,1730276038.7135336
-0.22842630068898268,-0.1114657997471629,0.15412356705766053,-0.09967475528103278,0.049215203297499656,-0.02165782076598504,-0.07386276954200038,0.0,0.0,1730276038.8067744
-0.2093926090663472,-0.08742027526195977,0.14442257420791596,-0.09942030845041962,0.04842369607089937,-0.004818337881862032,-0.07716555280848435,0.0,0.0,1730276038.900015
-0.21611748978100476,-0.0999163607750397,0.1458830975880341,-0.100210017085703,0.04669154198169324,-0.013671683442817691,-0.07385668369142435,0.0,0.0,1730276038.9932556
-0.21697058613539763,-0.09366197615171683,0.14603465352288525,-0.09901038063056117,0.04895099500029978,-0.007251357818910362,-0.07364229355859785,0.0,0.0,1730276039.0864964
-0.2107147127536245,-0.09366568566193384,0.14300865077937946,-0.09927143595006463,0.048460526069559695,-0.008258763905254419,-0.07224563062779206,0.0,0.0,1730276039.1797369
-0.21855479921384602,-0.09580109856869212,0.14968625334927207,-0.09934711876619612,0.0465471329924291,-0.01460203550320455,-0.07337159264987561,0.0,0.0,1730276039.2729776
-0.21163151185334422,-0.08976699331033937,0.14783746210649742,-0.09736656417132988,0.04117593725281928,-0.011230448499268507,-0.07062708605893923,0.0,0.0,1730276039.366218
-0.2165108632376677,-0.10063577833997367,0.14565652708463292,-0.10067843912791961,0.045954268910917695,-0.013374791589670487,-0.07211088454151536,0.0,0.0,1730276039.4594588
-0.2206662271665137,-0.09318529777384203,0.15042477030607143,-0.09602860310185189,0.04903470291570172,-0.009808951229194837,-0.07701412727687441,0.0,0.0,1730276039.5526996
-0.20492698533571466,-0.09563972810800661,0.14237781061860785,-0.09590422063630598,0.04515739109441785,-0.016558278213436115,-0.07196016177023966,0.0,0.0,1730276039.64594
-0.2330189957959642,-0.09847785763885247,0.15710817927008983,-0.10336972362439777,0.051671898192782686,-0.012783558591255581,-0.0791489623000193,0.0,0.0,1730276039.7391808
-0.14434872569365392,-0.07371229436779846,0.09886212154453017,-0.07519135780550143,0.0302613798580538,-0.011424770683756679,-0.04659556802814636,0.0,0.0,1730276039.8324213
0.005416841900256648,0.033909012638384944,-0.00264640542545913,0.004441432730269593,-0.0008971452548349604,0.0025057089484537367,0.004722452294234005,0.0,0.0,1730276039.925662
0.0035074395671580217,0.19103509360294865,-0.002390072023134494,0.1070749007492099,1.3370197823299218e-05,0.06696570829346007,0.0005665142317617495,0.0,0.0,1730276040.0189028
-0.00038040630976283324,0.226541815854853,0.0016099907140557698,0.1411083700861277,0.0005366985300326995,0.09144130677579936,-0.0011421432679679612,0.0,0.0,1730276040.1121433
0.008514193370964547,0.20806970400886307,-0.004055025213382632,0.12729503282173063,-0.0012283724957442357,0.08645503690571682,0.0017782689019258788,0.0,0.0,1730276040.205384
0.00026220358910377447,0.22090605906360786,0.002206944693721616,0.1327294790520518,0.00023303144245484842,0.09129297084738568,-0.0018688531369550746,0.0,0.0,1730276040.2986245
0.007594101733300224,0.2132998674214564,-0.0024088035695662416,0.13365927958944795,-0.0012098546591437329,0.08319274988560867,0.0010459090263033452,0.0,0.0,1730276040.3918653
0.002467792460632104,0.2116185640608537,0.0006016204436946807,0.13806850854837083,-0.0020702915920420054,0.08929387643017954,-0.0007773910367029513,0.0,0.0,1730276040.485106
0.003740592059828486,0.20958838828330562,-0.0009172145680626482,0.13480279491034414,-0.0024735168714856114,0.08657936032218443,0.0008948414073462392,0.0,0.0,1730276040.5783465
0.001788708457563645,0.21563245400051598,0.000259072795064716,0.12979001886564917,0.00038614255001021084,0.08655222229444726,-0.000300001332395161,0.0,0.0,1730276040.6715872
0.0026116756806975347,0.2168446146090157,-0.0006001474769245813,0.13224240087220027,0.0002689563990612851,0.0898703251992158,-0.00083266659949552,0.0,0.0,1730276040.7648277
0.00374446385616413,0.207471643930891,-0.0008412180775581626,0.13253845027990385,-0.0008733781609540242,0.08233197171697426,-9.031800466118445e-05,0.0,0.0,1730276040.8580685
0.0022441696563596275,0.2242321150712159,0.0005741468108527233,0.13631499054221305,0.0005998005661630325,0.09122349873520129,-0.0012320800660631538,0.0,0.0,1730276040.951309
0.0048437355939277855,0.20567084337136993,-0.0015131144873828206,0.1264823131210715,-0.00041008635684473637,0.08206056307850278,0.0002764368133968379,0.0,0.0,1730276041.0445497
0.001511928539148941,0.22627754063364197,0.0006357719043180891,0.13804275613416425,0.0004052421789889068,0.09679893147308209,-0.001338624591078233,0.0,0.0,1730276041.1377904
0.002563543228426373,0.19031987936425443,8.742867396570298e-05,0.11247392429159996,0.0007949478035534923,0.0707380891214552,-0.0009480556009780182,0.0,0.0,1730276041.231031
0.0005500707219506115,0.039312068104060356,0.0004931539655043738,0.00769789035142233,0.00014351459055123532,0.006865911841694451,0.0017557032874147083,0.0,0.0,1730276041.3242717
-0.006928499796358733,0.08317043857332955,0.0003929263714738296,-0.07605961506219482,-0.0011350713235981384,0.14095473989072244,-0.0014775417646344668,0.0,0.0,1730276041.4175122
-0.013805885319368128,0.17403045355715055,-6.4302029619844445e-06,-0.11887236960532921,-0.006676372978625457,0.2985644234154499,-0.014120084095175206,0.0,0.0,1730276041.510753
-0.014001196489447193,0.12043731337461232,-0.00034659241086047775,-0.09411976818366949,-0.005033848886524978,0.2165541669863846,-0.016825676105580837,0.0,0.0,1730276041.6039937
-0.0028338500574481,0.042496210286657725,-0.0022966241400588848,-0.031162032544786028,-0.00046257819364239916,0.043410486818106754,-0.001136031148923237,0.0,0.0,1730276041.6972342
0.0013633854369376757,-0.007796514859109059,0.001142230271017668,0.005122398641992901,0.00018218196637762612,-0.020299004370614014,0.002990114686617648,0.0,0.0,1730276041.790475
-0.0007908269944026561,-0.005891299017768318,-0.0005715069589025747,0.00047959244323078973,0.00044894625271843974,0.011275342263439824,-0.0014804639732360267,0.0,0.0,1730276041.8837154
5.753048094669705e-05,-0.009251642118553453,-0.0024174084325679747,-0.0022765942387298417,-5.496155886784007e-05,0.005459033485822978,0.0007670618449143323,0.0,0.0,1730276041.9769561
1.765728884444057e-05,-0.01459765691101579,-0.0009314307402156618,0.011751097288624814,0.00036662442176344016,-0.007735141344432847,0.0004348090646002561,0.0,0.0,1730276042.0701966
-0.000700745573573247,-0.00371387516251716,-0.0033017948575669244,-0.020079762433003048,-0.00047398907253532786,0.03136403289563444,-0.0006295723571508279,0.0,0.0,1730276042.1634374
0.0012617075631466883,-0.02467892753479257,0.0005888481664036349,0.08908518527534022,0.0004407523805317424,-0.1041563406258026,0.0014522359729493457,0.0,0.0,1730276042.256678
0.002095223398523799,-0.04113791254099127,0.0007953638421038274,0.23115775726493243,-0.0003098806121727596,-0.26655819539629194,-0.0011448678677821846,0.0,0.0,1730276042.3499186
0.0031254746166458425,-0.045515559857586076,0.00210777306364223,0.2205348675674824,0.0008905176358863361,-0.26035519888852704,0.0008360955434830985,0.0,0.0,1730276042.4431593
0.00281808433380274,-0.04195504715890027,0.0023999964347777075,0.2208346947785111,0.0005786522449691942,-0.25528344570021605,0.0001560541157062764,0.0,0.0,1730276042.5363998
0.0017441887602493353,-0.03777985323519776,0.0010544677913221566,0.22117661622761042,-0.0003374195002324103,-0.2570737457136518,-0.001625989978980491,0.0,0.0,1730276042.6296406
0.003577663132000393,-0.052472364201101095,0.004360257981219209,0.23378875233009663,0.0033601284757621788,-0.2704285000208924,0.0024011608585130188,0.0,0.0,1730276042.7228813
-0.0014999907234248835,-0.02125155203559536,-0.0029149641010226316,0.11623864445700512,-0.002351320350594179,-0.12615512525129113,-0.0043094474039123065,0.0,0.0,1730276042.8161218
0.0019516080376227052,-0.006212144049335636,0.004797962773587661,-0.02671069679541376,0.00293852836427202,0.022692911868774764,0.004994030048733278,0.0,0.0,1730276042.9093626
-0.0031934169744018475,0.014212404824988197,-0.007707424113652208,0.019329486505335662,-0.004787286516309888,-0.007917405317348641,-0.007905101730255677,0.0,0.0,1730276043.002603
0.004377479652160432,-0.02475821684525613,0.016184274219523398,-0.03747147530758393,0.010238416247851014,0.0029688955358413895,0.019449822968005712,0.0,0.0,1730276043.0958438
0.05323201826237753,-0.19562296076678967,0.11094370483357982,-0.1580203771628617,0.07852017537614643,-0.0036754535828710305,0.13601086031145168,0.0,0.0,1730276043.1890845
0.06429940019451445,-0.2296871466037314,0.12705216123042798,-0.17342760407896435,0.09142098856068412,-0.01564923428386012,0.16637056180294382,0.0,0.0,1730276043.282325
0.05688226966335907,-0.2063913754710631,0.114839198871423,-0.17118158329976543,0.08253426757675766,-0.00699925740619931,0.1498941395154417,0.0,0.0,1730276043.3755658
0.062177588384400045,-0.2220214924958089,0.12154886462617012,-0.16832736964451908,0.08943086485068386,-0.01767407830165286,0.1619527727603143,0.0,0.0,1730276043.4688063
0.058283236014553465,-0.21029041177761165,0.1158954377660471,-0.17235043670327568,0.08802833138756304,-0.008834477119716848,0.15826647359630872,0.0,0.0,1730276043.562047
0.05935519338589785,-0.2186298567025185,0.11886774677444491,-0.1690740938157096,0.09291546239578967,-0.013459054292263746,0.1590157223664674,0.0,0.0,1730276043.6552875
0.057974650955865,-0.21345389344687193,0.1190408864557942,-0.16954067530341302,0.08744322568133976,-0.011963819008549008,0.15988914363602902,0.0,0.0,1730276043.7485282
0.0579804820140629,-0.21229554096033065,0.12322370035215399,-0.171568700369326,0.08675314322053017,-0.010168424574081509,0.15553438785299295,0.0,0.0,1730276043.841769
0.0595022142221743,-0.21694316741340547,0.12129212046885446,-0.16836333828843827,0.08736936211801039,-0.012125048338084773,0.15663519654527222,0.0,0.0,1730276043.9350095
0.06062354675951871,-0.2194601219793221,0.12134819814656976,-0.17742751012877656,0.08498534524580179,-0.010463315393068277,0.16321953686444124,0.0,0.0,1730276044.0282502
0.05961282271134152,-0.2151786663218079,0.12125366579442494,-0.168260937626943,0.08565350305713748,-0.012708831416369842,0.15676965906418147,0.0,0.0,1730276044.1214907
0.05761681863556773,-0.2173054226537038,0.12188695086971385,-0.17245275502947732,0.08831722863886875,-0.010148261300649527,0.1599087706315395,0.0,0.0,1730276044.2147315
0.058054791321123456,-0.21448510383823097,0.1204280130290442,-0.16955958850625988,0.08636616320623193,-0.013975231037394403,0.1570187280040556,0.0,0.0,1730276044.3079722
0.058115070383837744,-0.2139263393646984,0.11955872586734727,-0.16805151173203098,0.08595142950773534,-0.011788321032038702,0.15624729806329812,0.0,0.0,1730276044.4012127
0.06235987192973014,-0.22576134334419445,0.12613351104986886,-0.17934446873034446,0.09170690025359098,-0.011076669944636084,0.16671896603414152,0.0,0.0,1730276044.4944534
0.03376839890598461,-0.11179233343902026,0.0646966710665815,-0.08499062719660369,0.04476680982344972,-0.009952821463749003,0.08068854252974253,0.0,0.0,1730276044.587694
-0.002434006932803373,0.001963379296031411,0.004097639780299894,0.003622370848147414,-0.0034734151583464693,0.00094144694924039,-0.003856046526317434,0.0,0.0,1730276044.6809347
0.004132284280011693,-0.00113805424650314,0.007336296501941505,0.001604455993254806,0.005524023440404288,-0.0015423950048200359,0.007312918845499743,0.0,0.0,1730276044.7741752
-0.006566649481419491,0.0022967684030225453,-0.015958793900211182,-0.005551526136016424,-0.011057200126697732,0.0032788068616124346,-0.018213914233309154,0.0,0.0,1730276044.867416
0.024556010428438097,-0.002920917451152037,0.05652822724728028,0.01347141760749429,0.03782035016377255,-0.009092928090443894,0.06773998698667166,0.0,0.0,1730276044.9606566
0.09594980276609646,-0.022369579952162034,0.20108491299292458,0.06222371789507105,0.1439182346101583,-0.04128510711909574,0.24690728088609498,0.0,0.0,1730276045.0538971
0.09607926112422127,-0.026305861407944085,0.20364360883374286,0.06622363612671599,0.14887709821663758,-0.04367585728568714,0.26361392357747715,0.0,0.0,1730276045.1471379
0.08939087032489547,-0.02269995231084324,0.19756119398038968,0.06275434922969456,0.13903862718271245,-0.03868042596499277,0.2493485799979699,0.0,0.0,1730276045.2403784
0.1003273761833285,-0.026363805801880996,0.20495670778537595,0.06853505044000652,0.15352468537191835,-0.04281870719525106,0.2682503388045778,0.0,0.0,1730276045.333619
0.0913987464529316,-0.02446390391915599,0.18899194929370913,0.06165600695144001,0.1432600157468473,-0.04089119109032394,0.2464966050268636,0.0,0.0,1730276045.4268599
0.09619365290330043,-0.02448683445686728,0.21148435943369379,0.06718458762306209,0.15150315217462845,-0.04371350642103742,0.2650108981554347,0.0,0.0,1730276045.5201004
0.09190613350008625,-0.029166414699542453,0.18848183318527628,0.06458176370903913,0.1459790286768248,-0.0424373769072194,0.27254822446121185,0.0,0.0,1730276045.613341
0.09567571506112703,-0.027584743449161064,0.19439794253692286,0.06663714408670178,0.1521598797696977,-0.04319219563108362,0.2788906110767236,0.0,0.0,1730276045.7065816
0.09601789093607058,-0.027455421114601072,0.20105723343313986,0.0667576552881049,0.14474600079786648,-0.042294999232787074,0.2540501663898633,0.0,0.0,1730276045.7998223
0.03062790293502289,-0.011898560687115346,0.05836671224948771,0.018652945686733785,0.037205460785810544,-0.012017647133087601,0.06805832628229123,0.0,0.0,1730276045.893063
-0.0073669208215096154,0.002094500535140181,-0.014665708718624087,-0.006180876004305823,-0.011620106226157697,0.0024944253055343996,-0.02136178280685674,0.0,0.0,1730276045.9863036
0.002972408540253966,-0.0002125075745700986,0.006700452502100141,0.0017543366644323683,0.0051121833851438805,-0.0013254450872607732,0.009774021239515042,0.0,0.0,1730276046.0795443
-0.0016512243366633606,0.0008463598360419326,-0.0037441014868455614,-0.0018829642590436724,-0.00377935964629947,0.001302264547681072,-0.006196845200897163,0.0,0.0,1730276046.1727848
3.038857750948126e-05,-0.0007303757856818768,0.0016231892473819501,0.0007657891839884232,0.0017239916956437791,-0.0020639302857877588,0.0017110716911926164,0.0,0.0,1730276046.2660255
0.00039079807719436454,0.0017929886619464813,-0.0032014689955253348,-0.00041144311057398145,-0.0019651044162931793,0.0018153933699993354,-0.0016120566664440407,0.0,0.0,1730276046.359266
-0.0006928039728223238,-0.0021706502959715542,0.002876815185026869,-0.0005225949408057808,0.0015588766353079643,-0.002193657764654974,0.0002794238705445024,0.0,0.0,1730276046.4525068
0.0010478548148002648,0.001497064549044569,-0.0016281818661278721,-0.0009398466419060913,0.0003799925308214197,0.0009578435392460659,0.0003262465833377049,0.0,0.0,1730276046.5457475
-0.0005992352176096611,-0.0017516212015098339,0.0028515168100826183,7.01449660755191e-05,0.0007945815239638814,-0.000978313095573903,-0.0007559367295729524,0.0,0.0,1730276046.638988
0.0006599968024573708,-0.0006036694502456528,0.0013305093769578414,-0.0005406852669465445,0.0011237040776527429,-0.0005811173408612004,0.0027253099797305233,0.0,0.0,1730276046.7322288
-0.0009395684616670605,0.002374299990504676,-0.004733602682170165,-0.0018496470762765372,-0.0024401529366206913,0.0029077895600756417,-0.003330827734239303,0.0,0.0,1730276046.8254693
0.0011448408172840669,-0.010677864034195477,0.014874581496241136,0.003866647635078799,0.007688462992808622,-0.00999251427265911,0.009618333829911304,0.0,0.0,1730276046.91871
0.003680334002105134,0.09576927803591868,-0.12781775023029543,-0.029492831662873434,-0.07660723410663706,0.099069213148466,-0.09202083033341635,0.0,0.0,1730276047.0119507
0.0020324371568814,0.1774687366628995,-0.23707342095339484,-0.05703679158532086,-0.14658474516614137,0.19519369907319734,-0.18464332961704558,0.0,0.0,1730276047.1051912
0.0055293850670123405,0.14776419755999248,-0.2023527618062556,-0.05019311837624227,-0.12802646295170317,0.16896018978078486,-0.15968493062623706,0.0,0.0,1730276047.198432
0.007655396741270219,0.16608939372362244,-0.22053355032920408,-0.05441761548336866,-0.1377608973766946,0.18026581470738276,-0.170265213711674,0.0,0.0,1730276047.2916725
0.005784222750053465,0.15749002324302863,-0.21351595787148897,-0.04869701468064566,-0.13605147725139824,0.17114842494317103,-0.16993170800798868,0.0,0.0,1730276047.3849132
0.006124311547572943,0.1591664082422642,-0.21583940769500742,-0.04985139338325117,-0.13198367192272184,0.1731510854039237,-0.16855315233422477,0.0,0.0,1730276047.4781537
0.006167879249169443,0.16387895172613556,-0.21788698630616796,-0.053290684924462706,-0.1347286287715431,0.18127075501736625,-0.17009872470086426,0.0,0.0,1730276047.5713944
0.006079143718297677,0.15069126082862183,-0.20820566668476403,-0.045835383181507455,-0.13099353075001863,0.1698511325296568,-0.16263520849233692,0.0,0.0,1730276047.6646352
0.0053268742068062645,0.1705310923629542,-0.22229134772586978,-0.051395000497175956,-0.13041467345310964,0.18794861367328883,-0.17415114850122695,0.0,0.0,1730276047.7578757
0.005084134088208053,0.14346755078592355,-0.20553527979350258,-0.04753368578457237,-0.13015326033904184,0.16072360556844487,-0.1609940713041937,0.0,0.0,1730276047.8511164
0.006308547233895108,0.17875002341270282,-0.23230197660103508,-0.05533667154617941,-0.14148918545811184,0.19748091657993774,-0.18651716694815204,0.0,0.0,1730276047.944357
0.00147848627201265,0.10760113852719089,-0.1524440362902291,-0.036671444733063746,-0.09096225913631967,0.11055169802865764,-0.12106929610242671,0.0,0.0,1730276048.0375977
-0.0008426753950012182,0.010486027339407615,0.0002366502197411384,-0.0031897688394134536,0.004835604358890443,0.007313470656402554,0.0041439347420857845,0.0,0.0,1730276048.1308384
-0.00036593670360773986,0.17604924829438043,0.003936808329414886,-0.043470763371593404,0.06712318604680816,0.2059366045022824,-0.03575801389000573,0.0,0.0,1730276048.224079
0.0006650082888193528,0.22826487018515548,-0.0015894901923682583,-0.06044288198318963,0.08852444347768973,0.2746210240461276,-0.06909408293900175,0.0,0.0,1730276048.3173196
0.000505037834715041,0.20429477710220348,0.006500226689849524,-0.05149717947194807,0.08701061094763389,0.2488996095150085,-0.05889629840355026,0.0,0.0,1730276048.4105601
-0.000849756934791403,0.21665093739993907,0.0002574177021995517,-0.05737993140628328,0.08197236840553428,0.26138163911227796,-0.06485121588799836,0.0,0.0,1730276048.5038009
0.0022897752582684587,0.2140511149031146,0.0054731072164268466,-0.05565502414545562,0.08695268941642813,0.2605692817724641,-0.0628869006822776,0.0,0.0,1730276048.5970416
-0.001784842596546736,0.20124193654339953,0.0022483194081372834,-0.05268955384442075,0.0777849192194317,0.23846658217722091,-0.06011142054938224,0.0,0.0,1730276048.690282
0.002006811067965619,0.03533699726991851,0.0013939247315589737,-0.007524362806955172,0.01516914108159479,0.03997726691006182,-0.012777573643902777,0.0,0.0,1730276048.7835228
-0.0010723290121609913,-0.016021089130934665,0.0011900127843116296,0.00287185114701818,-0.0055129518013994,-0.013783287809589404,0.003350689215792035,0.0,0.0,1730276048.8767633
0.0014856934266574454,0.012607105761600151,-0.0018972488014876677,-0.004906421398648227,0.0037997514760491125,0.01138157822433457,-0.0036353089906432513,0.0,0.0,1730276048.970004
0.002531142757314156,-0.0152817797234344,-0.0004056633697828356,0.006384906388988736,-0.004482279538848957,-0.01312763469595909,0.003996856143551502,0.0,0.0,1730276049.0632446
-0.010057712330622285,0.01875468316870384,0.004322710700377102,-0.01209450101141586,0.006887181117255081,0.01883616165876336,-0.004481833905634333,0.0,0.0,1730276049.1564853
0.07795832271498697,-0.06806731519577264,-0.059351546984574115,0.06690060232693043,-0.04092282315170182,-0.14891931075376766,0.029123911874424275,0.0,0.0,1730276049.249726
0.1546802452776745,-0.16362012416542177,-0.11764292336226996,0.14538520266690766,-0.08767657226484789,-0.2758942256436419,0.06993588158043887,0.0,0.0,1730276049.3429666
0.14091287087705123,-0.1396024066962764,-0.10713782550582027,0.1276906824839261,-0.07732412816019801,-0.24575581445346273,0.06598584431538228,0.0,0.0,1730276049.4362073
0.14387258313842802,-0.1479640786681311,-0.11044941919527648,0.1335231953941592,-0.08448429211183285,-0.2661239487048374,0.06813225674440464,0.0,0.0,1730276049.5294478
0.1394341801189036,-0.1462962885992342,-0.11116903210609597,0.126916282443919,-0.08506722919717756,-0.2461075023231166,0.08009304230182557,0.0,0.0,1730276049.6226885
0.14539233885677041,-0.14658294651655077,-0.10730027282447464,0.1345055258329146,-0.08357555355257787,-0.2622063585770113,0.0769980735026881,0.0,0.0,1730276049.7159293
0.14971945594232494,-0.15359954780624718,-0.1099866119204477,0.14706625349379146,-0.08461192679641834,-0.27927675527496915,0.07312749639459534,0.0,0.0,1730276049.8091698
0.14090891063245553,-0.13870092653074112,-0.10943818859646577,0.12781022459206184,-0.07977349836920944,-0.24808012740498,0.07066053805375494,0.0,0.0,1730276049.9024105
0.14602728850717275,-0.15451090055365482,-0.11301460758665435,0.13432299190479205,-0.08432911023546852,-0.2654727156389668,0.06614355360981686,0.0,0.0,1730276049.995651
0.14344389442817246,-0.13900113466080535,-0.11187845485695262,0.1289458613703238,-0.07838207382577979,-0.24872712429238886,0.06600000725846494,0.0,0.0,1730276050.0888917
0.14643940093542118,-0.15317661316741876,-0.1132056772492718,0.13400577703205685,-0.08505526322419067,-0.27002488990675066,0.07104684308750701,0.0,0.0,1730276050.1821322
0.13477829075215159,-0.14339389087982682,-0.10576176222386544,0.1275441393436998,-0.07776796747540154,-0.23817288613254045,0.06398008881241304,0.0,0.0,1730276050.275373
0.02628471590003413,-0.018802585835057766,-0.02460974164190694,0.01723952800380155,-0.01653241510100222,-0.04231502237359168,0.01745271898291351,0.0,0.0,1730276050.3686137
-0.15419230896028502,-0.04409187965334609,0.10401001464634319,-0.08264731715526331,0.03378293716774729,0.011771110397793815,-0.04255715046271622,0.0,0.0,1730276050.4618542
-0.22842630068898268,-0.1114657997471629,0.15412356705766053,-0.09967475528103278,0.049215203297499656,-0.02165782076598504,-0.07386276954200038,0.0,0.0,1730276050.555095
-0.2093926090663472,-0.08742027526195977,0.14442257420791596,-0.09942030845041962,0.04842369607089937,-0.004818337881862032,-0.07716555280848435,0.0,0.0,1730276050.6483355
-0.21611748978100476,-0.0999163607750397,0.1458830975880341,-0.100210017085703,0.04669154198169324,-0.013671683442817691,-0.07385668369142435,0.0,0.0,1730276050.7415762
-0.21697058613539763,-0.09366197615171683,0.14603465352288525,-0.09901038063056117,0.04895099500029978,-0.007251357818910362,-0.07364229355859785,0.0,0.0,1730276050.834817
-0.2107147127536245,-0.09366568566193384,0.14300865077937946,-0.09927143595006463,0.048460526069559695,-0.008258763905254419,-0.07224563062779206,0.0,0.0,1730276050.9280574
-0.21855479921384602,-0.09580109856869212,0.14968625334927207,-0.09934711876619612,0.0465471329924291,-0.01460203550320455,-0.07337159264987561,0.0,0.0,1730276051.0212982
-0.21163151185334422,-0.08976699331033937,0.14783746210649742,-0.09736656417132988,0.04117593725281928,-0.011230448499268507,-0.07062708605893923,0.0,0.0,1730276051.1145387
-0.2165108632376677,-0.10063577833997367,0.14565652708463292,-0.10067843912791961,0.045954268910917695,-0.013374791589670487,-0.07211088454151536,0.0,0.0,1730276051.2077794
-0.2206662271665137,-0.09318529777384203,0.15042477030607143,-0.09602860310185189,0.04903470291570172,-0.009808951229194837,-0.07701412727687441,0.0,0.0,1730276051.3010201
-0.20492698533571466,-0.09563972810800661,0.14237781061860785,-0.09590422063630598,0.04515739109441785,-0.016558278213436115,-0.07196016177023966,0.0,0.0,1730276051.3942606
-0.2330189957959642,-0.09847785763885247,0.15710817927008983,-0.10336972362439777,0.051671898192782686,-0.012783558591255581,-0.0791489623000193,0.0,0.0,1730276051.4875014
-0.14434872569365392,-0.07371229436779846,0.09886212154453017,-0.07519135780550143,0.0302613798580538,-0.011424770683756679,-0.04659556802814636,0.0,0.0,1730276051.580742
0.005416841900256648,0.033909012638384944,-0.00264640542545913,0.004441432730269593,-0.0008971452548349604,0.0025057089484537367,0.004722452294234005,0.0,0.0,1730276051.6739826
0.0035074395671580217,0.19103509360294865,-0.002390072023134494,0.1070749007492099,1.3370197823299218e-05,0.06696570829346007,0.0005665142317617495,0.0,0.0,1730276051.7672231
-0.00038040630976283324,0.226541815854853,0.0016099907140557698,0.1411083700861277,0.0005366985300326995,0.09144130677579936,-0.0011421432679679612,0.0,0.0,1730276051.8604639
0.008514193370964547,0.20806970400886307,-0.004055025213382632,0.12729503282173063,-0.0012283724957442357,0.08645503690571682,0.0017782689019258788,0.0,0.0,1730276051.9537046
0.00026220358910377447,0.22090605906360786,0.002206944693721616,0.1327294790520518,0.00023303144245484842,0.09129297084738568,-0.0018688531369550746,0.0,0.0,1730276052.046945
0.007594101733300224,0.2132998674214564,-0.0024088035695662416,0.13365927958944795,-0.0012098546591437329,0.08319274988560867,0.0010459090263033452,0.0,0.0,1730276052.1401858
0.002467792460632104,0.2116185640608537,0.0006016204436946807,0.13806850854837083,-0.0020702915920420054,0.08929387643017954,-0.0007773910367029513,0.0,0.0,1730276052.2334263
0.003740592059828486,0.20958838828330562,-0.0009172145680626482,0.13480279491034414,-0.0024735168714856114,0.08657936032218443,0.0008948414073462392,0.0,0.0,1730276052.326667
0.001788708457563645,0.21563245400051598,0.000259072795064716,0.12979001886564917,0.00038614255001021084,0.08655222229444726,-0.000300001332395161,0.0,0.0,1730276052.4199078
0.0026116756806975347,0.2168446146090157,-0.0006001474769245813,0.13224240087220027,0.0002689563990612851,0.0898703251992158,-0.00083266659949552,0.0,0.0,1730276052.5131483
0.00374446385616413,0.207471643930891,-0.0008412180775581626,0.13253845027990385,-0.0008733781609540242,0.08233197171697426,-9.031800466118445e-05,0.0,0.0,1730276052.606389
0.0022441696563596275,0.2242321150712159,0.0005741468108527233,0.13631499054221305,0.0005998005661630325,0.09122349873520129,-0.0012320800660631538,0.0,0.0,1730276052.6996295
0.0048437355939277855,0.20567084337136993,-0.0015131144873828206,0.1264823131210715,-0.00041008635684473637,0.08206056307850278,0.0002764368133968379,0.0,0.0,1730276052.7928703
0.001511928539148941,0.22627754063364197,0.0006357719043180891,0.13804275613416425,0.0004052421789889068,0.09679893147308209,-0.001338624591078233,0.0,0.0,1730276052.886111
0.002563543228426373,0.19031987936425443,8.742867396570298e-05,0.11247392429159996,0.0007949478035534923,0.0707380891214552,-0.0009480556009780182,0.0,0.0,1730276052.9793515
0.0005500707219506115,0.039312068104060356,0.0004931539655043738,0.00769789035142233,0.00014351459055123532,0.006865911841694451,0.0017557032874147083,0.0,0.0,1730276053.0725923
-0.006928499796358733,0.08317043857332955,0.0003929263714738296,-0.07605961506219482,-0.0011350713235981384,0.14095473989072244,-0.0014775417646344668,0.0,0.0,1730276053.1658328
-0.013805885319368128,0.17403045355715055,-6.4302029619844445e-06,-0.11887236960532921,-0.006676372978625457,0.2985644234154499,-0.014120084095175206,0.0,0.0,1730276053.2590735
-0.014001196489447193,0.12043731337461232,-0.00034659241086047775,-0.09411976818366949,-0.005033848886524978,0.2165541669863846,-0.016825676105580837,0.0,0.0,1730276053.352314
-0.0028338500574481,0.042496210286657725,-0.0022966241400588848,-0.031162032544786028,-0.00046257819364239916,0.043410486818106754,-0.001136031148923237,0.0,0.0,1730276053.4455547
0.0013633854369376757,-0.007796514859109059,0.001142230271017668,0.005122398641992901,0.00018218196637762612,-0.020299004370614014,0.002990114686617648,0.0,0.0,1730276053.5387955
-0.0007908269944026561,-0.005891299017768318,-0.0005715069589025747,0.00047959244323078973,0.00044894625271843974,0.011275342263439824,-0.0014804639732360267,0.0,0.0,1730276053.632036
5.753048094669705e-05,-0.009251642118553453,-0.0024174084325679747,-0.0022765942387298417,-5.496155886784007e-05,0.005459033485822978,0.0007670618449143323,0.0,0.0,1730276053.7252767
1.765728884444057e-05,-0.01459765691101579,-0.0009314307402156618,0.011751097288624814,0.00036662442176344016,-0.007735141344432847,0.0004348090646002561,0.0,0.0,1730276053.8185172
-0.000700745573573247,-0.00371387516251716,-0.0033017948575669244,-0.020079762433003048,-0.00047398907253532786,0.03136403289563444,-0.0006295723571508279,0.0,0.0,1730276053.911758
0.0012617075631466883,-0.02467892753479257,0.0005888481664036349,0.08908518527534022,0.0004407523805317424,-0.1041563406258026,0.0014522359729493457,0.0,0.0,1730276054.0049987
0.002095223398523799,-0.04113791254099127,0.0007953638421038274,0.23115775726493243,-0.0003098806121727596,-0.26655819539629194,-0.0011448678677821846,0.0,0.0,1730276054.0982392
0.0031254746166458425,-0.045515559857586076,0.00210777306364223,0.2205348675674824,0.0008905176358863361,-0.26035519888852704,0.0008360955434830985,0.0,0.0,1730276054.19148
0.00281808433380274,-0.04195504715890027,0.0023999964347777075,0.2208346947785111,0.0005786522449691942,-0.25528344570021605,0.0001560541157062764,0.0,0.0,1730276054.2847204
0.0017441887602493353,-0.03777985323519776,0.0010544677913221566,0.22117661622761042,-0.0003374195002324103,-0.2570737457136518,-0.001625989978980491,0.0,0.0,1730276054.3779612
0.003577663132000393,-0.052472364201101095,0.004360257981219209,0.23378875233009663,0.0033601284757621788,-0.2704285000208924,0.0024011608585130188,0.0,0.0,1730276054.4712017
-0.0014999907234248835,-0.02125155203559536,-0.0029149641010226316,0.11623864445700512,-0.002351320350594179,-0.12615512525129113,-0.0043094474039123065,0.0,0.0,1730276054.5644424
0.0019516080376227052,-0.006212144049335636,0.004797962773587661,-0.02671069679541376,0.00293852836427202,0.022692911868774764,0.004994030048733278,0.0,0.0,1730276054.6576831
-0.0031934169744018475,0.014212404824988197,-0.007707424113652208,0.019329486505335662,-0.004787286516309888,-0.007917405317348641,-0.007905101730255677,0.0,0.0,1730276054.7509236
0.004377479652160432,-0.02475821684525613,0.016184274219523398,-0.03747147530758393,0.010238416247851014,0.0029688955358413895,0.019449822968005712,0.0,0.0,1730276054.8441644
0.05323201826237753,-0.19562296076678967,0.11094370483357982,-0.1580203771628617,0.07852017537614643,-0.0036754535828710305,0.13601086031145168,0.0,0.0,1730276054.9374049
0.06429940019451445,-0.2296871466037314,0.12705216123042798,-0.17342760407896435,0.09142098856068412,-0.01564923428386012,0.16637056180294382,0.0,0.0,1730276055.0306456
0.05688226966335907,-0.2063913754710631,0.114839198871423,-0.17118158329976543,0.08253426757675766,-0.00699925740619931,0.1498941395154417,0.0,0.0,1730276055.1238863
0.062177588384400045,-0.2220214924958089,0.12154886462617012,-0.16832736964451908,0.08943086485068386,-0.01767407830165286,0.1619527727603143,0.0,0.0,1730276055.2171268
0.058283236014553465,-0.21029041177761165,0.1158954377660471,-0.17235043670327568,0.08802833138756304,-0.008834477119716848,0.15826647359630872,0.0,0.0,1730276055.3103676
0.05935519338589785,-0.2186298567025185,0.11886774677444491,-0.1690740938157096,0.09291546239578967,-0.013459054292263746,0.1590157223664674,0.0,0.0,1730276055.403608
0.057974650955865,-0.21345389344687193,0.1190408864557942,-0.16954067530341302,0.08744322568133976,-0.011963819008549008,0.15988914363602902,0.0,0.0,1730276055.4968488
0.0579804820140629,-0.21229554096033065,0.12322370035215399,-0.171568700369326,0.08675314322053017,-0.010168424574081509,0.15553438785299295,0.0,0.0,1730276055.5900896
0.0595022142221743,-0.21694316741340547,0.12129212046885446,-0.16836333828843827,0.08736936211801039,-0.012125048338084773,0.15663519654527222,0.0,0.0,1730276055.68333
0.06062354675951871,-0.2194601219793221,0.12134819814656976,-0.17742751012877656,0.08498534524580179,-0.010463315393068277,0.16321953686444124,0.0,0.0,1730276055.7765708
0.05961282271134152,-0.2151786663218079,0.12125366579442494,-0.168260937626943,0.08565350305713748,-0.012708831416369842,0.15676965906418147,0.0,0.0,1730276055.8698113
0.05761681863556773,-0.2173054226537038,0.12188695086971385,-0.17245275502947732,0.08831722863886875,-0.010148261300649527,0.1599087706315395,0.0,0.0,1730276055.963052
0.058054791321123456,-0.21448510383823097,0.1204280130290442,-0.16955958850625988,0.08636616320623193,-0.013975231037394403,0.1570187280040556,0.0,0.0,1730276056.0562925
0.058115070383837744,-0.2139263393646984,0.11955872586734727,-0.16805151173203098,0.08595142950773534,-0.011788321032038702,0.15624729806329812,0.0,0.0,1730276056.1495333
0.06235987192973014,-0.22576134334419445,0.12613351104986886,-0.17934446873034446,0.09170690025359098,-0.011076669944636084,0.16671896603414152,0.0,0.0,1730276056.242774
0.03376839890598461,-0.11179233343902026,0.0646966710665815,-0.08499062719660369,0.04476680982344972,-0.009952821463749003,0.08068854252974253,0.0,0.0,1730276056.3360145
-0.002434006932803373,0.001963379296031411,0.004097639780299894,0.003622370848147414,-0.0034734151583464693,0.00094144694924039,-0.003856046526317434,0.0,0.0,1730276056.4292552
0.004132284280011693,-0.00113805424650314,0.007336296501941505,0.001604455993254806,0.005524023440404288,-0.0015423950048200359,0.007312918845499743,0.0,0.0,1730276056.5224957
-0.006566649481419491,0.0022967684030225453,-0.015958793900211182,-0.005551526136016424,-0.011057200126697732,0.0032788068616124346,-0.018213914233309154,0.0,0.0,1730276056.6157365
0.024556010428438097,-0.002920917451152037,0.05652822724728028,0.01347141760749429,0.03782035016377255,-0.009092928090443894,0.06773998698667166,0.0,0.0,1730276056.7089772
0.09594980276609646,-0.022369579952162034,0.20108491299292458,0.06222371789507105,0.1439182346101583,-0.04128510711909574,0.24690728088609498,0.0,0.0,1730276056.8022177
0.09607926112422127,-0.026305861407944085,0.20364360883374286,0.06622363612671599,0.14887709821663758,-0.04367585728568714,0.26361392357747715,0.0,0.0,1730276056.8954585
0.08939087032489547,-0.02269995231084324,0.19756119398038968,0.06275434922969456,0.13903862718271245,-0.03868042596499277,0.2493485799979699,0.0,0.0,1730276056.988699
0.1003273761833285,-0.026363805801880996,0.20495670778537595,0.06853505044000652,0.15352468537191835,-0.04281870719525106,0.2682503388045778,0.0,0.0,1730276057.0819397
0.0913987464529316,-0.02446390391915599,0.18899194929370913,0.06165600695144001,0.1432600157468473,-0.04089119109032394,0.2464966050268636,0.0,0.0,1730276057.1751802
0.09619365290330043,-0.02448683445686728,0.21148435943369379,0.06718458762306209,0.15150315217462845,-0.04371350642103742,0.2650108981554347,0.0,0.0,1730276057.268421
0.09190613350008625,-0.029166414699542453,0.18848183318527628,0.06458176370903913,0.1459790286768248,-0.0424373769072194,0.27254822446121185,0.0,0.0,1730276057.3616617
0.09567571506112703,-0.027584743449161064,0.19439794253692286,0.06663714408670178,0.1521598797696977,-0.04319219563108362,0.2788906110767236,0.0,0.0,1730276057.4549022
0.09601789093607058,-0.027455421114601072,0.20105723343313986,0.0667576552881049,0.14474600079786648,-0.042294999232787074,0.2540501663898633,0.0,0.0,1730276057.548143
0.03062790293502289,-0.011898560687115346,0.05836671224948771,0.018652945686733785,0.037205460785810544,-0.012017647133087601,0.06805832628229123,0.0,0.0,1730276057.6413834
-0.0073669208215096154,0.002094500535140181,-0.014665708718624087,-0.006180876004305823,-0.011620106226157697,0.0024944253055343996,-0.02136178280685674,0.0,0.0,1730276057.7346241
0.002972408540253966,-0.0002125075745700986,0.006700452502100141,0.0017543366644323683,0.0051121833851438805,-0.0013254450872607732,0.009774021239515042,0.0,0.0,1730276057.827865
-0.0016512243366633606,0.0008463598360419326,-0.0037441014868455614,-0.0018829642590436724,-0.00377935964629947,0.001302264547681072,-0.006196845200897163,0.0,0.0,1730276057.9211054
3.038857750948126e-05,-0.0007303757856818768,0.0016231892473819501,0.0007657891839884232,0.0017239916956437791,-0.0020639302857877588,0.0017110716911926164,0.0,0.0,1730276058.0143461
0.00039079807719436454,0.0017929886619464813,-0.0032014689955253348,-0.00041144311057398145,-0.0019651044162931793,0.0018153933699993354,-0.0016120566664440407,0.0,0.0,1730276058.1075866
-0.0006928039728223238,-0.0021706502959715542,0.002876815185026869,-0.0005225949408057808,0.0015588766353079643,-0.002193657764654974,0.0002794238705445024,0.0,0.0,1730276058.2008274
0.0010478548148002648,0.001497064549044569,-0.0016281818661278721,-0.0009398466419060913,0.0003799925308214197,0.0009578435392460659,0.0003262465833377049,0.0,0.0,1730276058.294068
-0.0005992352176096611,-0.0017516212015098339,0.0028515168100826183,7.01449660755191e-05,0.0007945815239638814,-0.000978313095573903,-0.0007559367295729524,0.0,0.0,1730276058.3873086
0.0006599968024573708,-0.0006036694502456528,0.0013305093769578414,-0.0005406852669465445,0.0011237040776527429,-0.0005811173408612004,0.0027253099797305233,0.0,0.0,1730276058.4805493
-0.0009395684616670605,0.002374299990504676,-0.004733602682170165,-0.0018496470762765372,-0.0024401529366206913,0.0029077895600756417,-0.003330827734239303,0.0,0.0,1730276058.5737898
0.0011448408172840669,-0.010677864034195477,0.014874581496241136,0.003866647635078799,0.007688462992808622,-0.00999251427265911,0.009618333829911304,0.0,0.0,1730276058.6670306
0.003680334002105134,0.09576927803591868,-0.12781775023029543,-0.029492831662873434,-0.07660723410663706,0.099069213148466,-0.09202083033341635,0.0,0.0,1730276058.760271
0.0020324371568814,0.1774687366628995,-0.23707342095339484,-0.05703679158532086,-0.14658474516614137,0.19519369907319734,-0.18464332961704558,0.0,0.0,1730276058.8535118
0.0055293850670123405,0.14776419755999248,-0.2023527618062556,-0.05019311837624227,-0.12802646295170317,0.16896018978078486,-0.15968493062623706,0.0,0.0,1730276058.9467525
0.007655396741270219,0.16608939372362244,-0.22053355032920408,-0.05441761548336866,-0.1377608973766946,0.18026581470738276,-0.170265213711674,0.0,0.0,1730276059.039993
0.005784222750053465,0.15749002324302863,-0.21351595787148897,-0.04869701468064566,-0.13605147725139824,0.17114842494317103,-0.16993170800798868,0.0,0.0,1730276059.1332338
0.006124311547572943,0.1591664082422642,-0.21583940769500742,-0.04985139338325117,-0.13198367192272184,0.1731510854039237,-0.16855315233422477,0.0,0.0,1730276059.2264743
0.006167879249169443,0.16387895172613556,-0.21788698630616796,-0.053290684924462706,-0.1347286287715431,0.18127075501736625,-0.17009872470086426,0.0,0.0,1730276059.319715
0.006079143718297677,0.15069126082862183,-0.20820566668476403,-0.045835383181507455,-0.13099353075001863,0.1698511325296568,-0.16263520849233692,0.0,0.0,1730276059.4129558
0.0053268742068062645,0.1705310923629542,-0.22229134772586978,-0.051395000497175956,-0.13041467345310964,0.18794861367328883,-0.17415114850122695,0.0,0.0,1730276059.5061963
0.005084134088208053,0.14346755078592355,-0.20553527979350258,-0.04753368578457237,-0.13015326033904184,0.16072360556844487,-0.1609940713041937,0.0,0.0,1730276059.599437
0.006308547233895108,0.17875002341270282,-0.23230197660103508,-0.05533667154617941,-0.14148918545811184,0.19748091657993774,-0.18651716694815204,0.0,0.0,1730276059.6926775
0.00147848627201265,0.10760113852719089,-0.1524440362902291,-0.036671444733063746,-0.09096225913631967,0.11055169802865764,-0.12106929610242671,0.0,0.0,1730276059.7859182
-0.0008426753950012182,0.010486027339407615,0.0002366502197411384,-0.0031897688394134536,0.004835604358890443,0.007313470656402554,0.0041439347420857845,0.0,0.0,1730276059.8791587
-0.00036593670360773986,0.17604924829438043,0.003936808329414886,-0.043470763371593404,0.06712318604680816,0.2059366045022824,-0.03575801389000573,0.0,0.0,1730276059.9723995
0.0006650082888193528,0.22826487018515548,-0.0015894901923682583,-0.06044288198318963,0.08852444347768973,0.2746210240461276,-0.06909408293900175,0.0,0.0,1730276060.0656402
0.000505037834715041,0.20429477710220348,0.006500226689849524,-0.05149717947194807,0.08701061094763389,0.2488996095150085,-0.05889629840355026,0.0,0.0,1730276060.1588807
-0.000849756934791403,0.21665093739993907,0.0002574177021995517,-0.05737993140628328,0.08197236840553428,0.26138163911227796,-0.06485121588799836,0.0,0.0,1730276060.2521214
0.0022897752582684587,0.2140511149031146,0.0054731072164268466,-0.05565502414545562,0.08695268941642813,0.2605692817724641,-0.0628869006822776,0.0,0.0,1730276060.345362
-0.001784842596546736,0.20124193654339953,0.0022483194081372834,-0.05268955384442075,0.0777849192194317,0.23846658217722091,-0.06011142054938224,0.0,0.0,1730276060.4386027
0.002006811067965619,0.03533699726991851,0.0013939247315589737,-0.007524362806955172,0.01516914108159479,0.03997726691006182,-0.012777573643902777,0.0,0.0,1730276060.5318434
-0.0010723290121609913,-0.016021089130934665,0.0011900127843116296,0.00287185114701818,-0.0055129518013994,-0.013783287809589404,0.003350689215792035,0.0,0.0,1730276060.625084
0.0014856934266574454,0.012607105761600151,-0.0018972488014876677,-0.004906421398648227,0.0037997514760491125,0.01138157822433457,-0.0036353089906432513,0.0,0.0,1730276060.7183247
0.002531142757314156,-0.0152817797234344,-0.0004056633697828356,0.006384906388988736,-0.004482279538848957,-0.01312763469595909,0.003996856143551502,0.0,0.0,1730276060.8115652
-0.010057712330622285,0.01875468316870384,0.004322710700377102,-0.01209450101141586,0.006887181117255081,0.01883616165876336,-0.004481833905634333,0.0,0.0,1730276060.904806
0.07795832271498697,-0.06806731519577264,-0.059351546984574115,0.06690060232693043,-0.04092282315170182,-0.14891931075376766,0.029123911874424275,0.0,0.0,1730276060.9980466
0.1546802452776745,-0.16362012416542177,-0.11764292336226996,0.14538520266690766,-0.08767657226484789,-0.2758942256436419,0.06993588158043887,0.0,0.0,1730276061.0912871
0.14091287087705123,-0.1396024066962764,-0.10713782550582027,0.1276906824839261,-0.07732412816019801,-0.24575581445346273,0.06598584431538228,0.0,0.0,1730276061.1845279
0.14387258313842802,-0.1479640786681311,-0.11044941919527648,0.1335231953941592,-0.08448429211183285,-0.2661239487048374,0.06813225674440464,0.0,0.0,1730276061.2777684
0.1394341801189036,-0.1462962885992342,-0.11116903210609597,0.126916282443919,-0.08506722919717756,-0.2461075023231166,0.08009304230182557,0.0,0.0,1730276061.371009
0.14539233885677041,-0.14658294651655077,-0.10730027282447464,0.1345055258329146,-0.08357555355257787,-0.2622063585770113,0.0769980735026881,0.0,0.0,1730276061.4642496
0.14971945594232494,-0.15359954780624718,-0.1099866119204477,0.14706625349379146,-0.08461192679641834,-0.27927675527496915,0.07312749639459534,0.0,0.0,1730276061.5574903
0.14090891063245553,-0.13870092653074112,-0.10943818859646577,0.12781022459206184,-0.07977349836920944,-0.24808012740498,0.07066053805375494,0.0,0.0,1730276061.650731
0.14602728850717275,-0.15451090055365482,-0.11301460758665435,0.13432299190479205,-0.08432911023546852,-0.2654727156389668,0.06614355360981686,0.0,0.0,1730276061.7439716
0.14344389442817246,-0.13900113466080535,-0.11187845485695262,0.1289458613703238,-0.07838207382577979,-0.24872712429238886,0.06600000725846494,0.0,0.0,1730276061.8372123
0.14643940093542118,-0.15317661316741876,-0.1132056772492718,0.13400577703205685,-0.08505526322419067,-0.27002488990675066,0.07104684308750701,0.0,0.0,1730276061.9304528
0.13477829075215159,-0.14339389087982682,-0.10576176222386544,0.1275441393436998,-0.07776796747540154,-0.23817288613254045,0.06398008881241304,0.0,0.0,1730276062.0236936
0.02628471590003413,-0.018802585835057766,-0.02460974164190694,0.01723952800380155,-0.01653241510100222,-0.04231502237359168,0.01745271898291351,0.0,0.0,1730276062.1169343
-0.15419230896028502,-0.04409187965334609,0.10401001464634319,-0.08264731715526331,0.03378293716774729,0.011771110397793815,-0.04255715046271622,0.0,0.0,1730276062.2101748
-0.22842630068898268,-0.1114657997471629,0.15412356705766053,-0.09967475528103278,0.049215203297499656,-0.02165782076598504,-0.07386276954200038,0.0,0.0,1730276062.3034155
-0.2093926090663472,-0.08742027526195977,0.14442257420791596,-0.09942030845041962,0.04842369607089937,-0.004818337881862032,-0.07716555280848435,0.0,0.0,1730276062.396656
-0.21611748978100476,-0.0999163607750397,0.1458830975880341,-0.100210017085703,0.04669154198169324,-0.013671683442817691,-0.07385668369142435,0.0,0.0,1730276062.4898968
-0.21697058613539763,-0.09366197615171683,0.14603465352288525,-0.09901038063056117,0.04895099500029978,-0.007251357818910362,-0.07364229355859785,0.0,0.0,1730276062.5831375
-0.2107147127536245,-0.09366568566193384,0.14300865077937946,-0.09927143595006463,0.048460526069559695,-0.008258763905254419,-0.07224563062779206,0.0,0.0,1730276062.676378
-0.21855479921384602,-0.09580109856869212,0.14968625334927207,-0.09934711876619612,0.0465471329924291,-0.01460203550320455,-0.07337159264987561,0.0,0.0,1730276062.7696187
-0.21163151185334422,-0.08976699331033937,0.14783746210649742,-0.09736656417132988,0.04117593725281928,-0.011230448499268507,-0.07062708605893923,0.0,0.0,1730276062.8628592
-0.2165108632376677,-0.10063577833997367,0.14565652708463292,-0.10067843912791961,0.045954268910917695,-0.013374791589670487,-0.07211088454151536,0.0,0.0,1730276062.9561
-0.2206662271665137,-0.09318529777384203,0.15042477030607143,-0.09602860310185189,0.04903470291570172,-0.009808951229194837,-0.07701412727687441,0.0,0.0,1730276063.0493405
-0.20492698533571466,-0.09563972810800661,0.14237781061860785,-0.09590422063630598,0.04515739109441785,-0.016558278213436115,-0.07196016177023966,0.0,0.0,1730276063.1425812
-0.2330189957959642,-0.09847785763885247,0.15710817927008983,-0.10336972362439777,0.051671898192782686,-0.012783558591255581,-0.0791489623000193,0.0,0.0,1730276063.235822
-0.14434872569365392,-0.07371229436779846,0.09886212154453017,-0.07519135780550143,0.0302613798580538,-0.011424770683756679,-0.04659556802814636,0.0,0.0,1730276063.3290625
0.005416841900256648,0.033909012638384944,-0.00264640542545913,0.004441432730269593,-0.0008971452548349604,0.0025057089484537367,0.004722452294234005,0.0,0.0,1730276063.4223032
0.0035074395671580217,0.19103509360294865,-0.002390072023134494,0.1070749007492099,1.3370197823299218e-05,0.06696570829346007,0.0005665142317617495,0.0,0.0,1730276063.5155437
-0.00038040630976283324,0.226541815854853,0.0016099907140557698,0.1411083700861277,0.0005366985300326995,0.09144130677579936,-0.0011421432679679612,0.0,0.0,1730276063.6087844
0.008514193370964547,0.20806970400886307,-0.004055025213382632,0.12729503282173063,-0.0012283724957442357,0.08645503690571682,0.0017782689019258788,0.0,0.0,1730276063.7020252
0.00026220358910377447,0.22090605906360786,0.002206944693721616,0.1327294790520518,0.00023303144245484842,0.09129297084738568,-0.0018688531369550746,0.0,0.0,1730276063.7952657
0.007594101733300224,0.2132998674214564,-0.0024088035695662416,0.13365927958944795,-0.0012098546591437329,0.08319274988560867,0.0010459090263033452,0.0,0.0,1730276063.8885064
0.002467792460632104,0.2116185640608537,0.0006016204436946807,0.13806850854837083,-0.0020702915920420054,0.08929387643017954,-0.0007773910367029513,0.0,0.0,1730276063.981747
0.003740592059828486,0.20958838828330562,-0.0009172145680626482,0.13480279491034414,-0.0024735168714856114,0.08657936032218443,0.0008948414073462392,0.0,0.0,1730276064.0749876
0.001788708457563645,0.21563245400051598,0.000259072795064716,0.12979001886564917,0.00038614255001021084,0.08655222229444726,-0.000300001332395161,0.0,0.0,1730276064.1682281
0.0026116756806975347,0.2168446146090157,-0.0006001474769245813,0.13224240087220027,0.0002689563990612851,0.0898703251992158,-0.00083266659949552,0.0,0.0,1730276064.261469
0.00374446385616413,0.207471643930891,-0.0008412180775581626,0.13253845027990385,-0.0008733781609540242,0.08233197171697426,-9.031800466118445e-05,0.0,0.0,1730276064.3547096
0.0022441696563596275,0.2242321150712159,0.0005741468108527233,0.13631499054221305,0.0005998005661630325,0.09122349873520129,-0.0012320800660631538,0.0,0.0,1730276064.4479501
0.0048437355939277855,0.20567084337136993,-0.0015131144873828206,0.1264823131210715,-0.00041008635684473637,0.08206056307850278,0.0002764368133968379,0.0,0.0,1730276064.5411909
0.001511928539148941,0.22627754063364197,0.0006357719043180891,0.13804275613416425,0.0004052421789889068,0.09679893147308209,-0.001338624591078233,0.0,0.0,1730276064.6344314
0.002563543228426373,0.19031987936425443,8.742867396570298e-05,0.11247392429159996,0.0007949478035534923,0.0707380891214552,-0.0009480556009780182,0.0,0.0,1730276064.727672
0.0005500707219506115,0.039312068104060356,0.0004931539655043738,0.00769789035142233,0.00014351459055123532,0.006865911841694451,0.0017557032874147083,0.0,0.0,1730276064.8209128
-0.006928499796358733,0.08317043857332955,0.0003929263714738296,-0.07605961506219482,-0.0011350713235981384,0.14095473989072244,-0.0014775417646344668,0.0,0.0,1730276064.9141533
-0.013805885319368128,0.17403045355715055,-6.4302029619844445e-06,-0.11887236960532921,-0.006676372978625457,0.2985644234154499,-0.014120084095175206,0.0,0.0,1730276065.007394
-0.014001196489447193,0.12043731337461232,-0.00034659241086047775,-0.09411976818366949,-0.005033848886524978,0.2165541669863846,-0.016825676105580837,0.0,0.0,1730276065.1006346
-0.0028338500574481,0.042496210286657725,-0.0022966241400588848,-0.031162032544786028,-0.00046257819364239916,0.043410486818106754,-0.001136031148923237,0.0,0.0,1730276065.1938753
0.0013633854369376757,-0.007796514859109059,0.001142230271017668,0.005122398641992901,0.00018218196637762612,-0.020299004370614014,0.002990114686617648,0.0,0.0,1730276065.287116
-0.0007908269944026561,-0.005891299017768318,-0.0005715069589025747,0.00047959244323078973,0.00044894625271843974,0.011275342263439824,-0.0014804639732360267,0.0,0.0,1730276065.3803566
5.753048094669705e-05,-0.009251642118553453,-0.0024174084325679747,-0.0022765942387298417,-5.496155886784007e-05,0.005459033485822978,0.0007670618449143323,0.0,0.0,1730276065.4735973
1.765728884444057e-05,-0.01459765691101579,-0.0009314307402156618,0.011751097288624814,0.00036662442176344016,-0.007735141344432847,0.0004348090646002561,0.0,0.0,1730276065.5668378
-0.000700745573573247,-0.00371387516251716,-0.0033017948575669244,-0.020079762433003048,-0.00047398907253532786,0.03136403289563444,-0.0006295723571508279,0.0,0.0,1730276065.6600785
0.0012617075631466883,-0.02467892753479257,0.0005888481664036349,0.08908518527534022,0.0004407523805317424,-0.1041563406258026,0.0014522359729493457,0.0,0.0,1730276065.753319
0.002095223398523799,-0.04113791254099127,0.0007953638421038274,0.23115775726493243,-0.0003098806121727596,-0.26655819539629194,-0.0011448678677821846,0.0,0.0,1730276065.8465598
0.0031254746166458425,-0.045515559857586076,0.00210777306364223,0.2205348675674824,0.0008905176358863361,-0.26035519888852704,0.0008360955434830985,0.0,0.0,1730276065.9398005
0.00281808433380274,-0.04195504715890027,0.0023999964347777075,0.2208346947785111,0.0005786522449691942,-0.25528344570021605,0.0001560541157062764,0.0,0.0,1730276066.033041
0.0017441887602493353,-0.03777985323519776,0.0010544677913221566,0.22117661622761042,-0.0003374195002324103,-0.2570737457136518,-0.001625989978980491,0.0,0.0,1730276066.1262817
0.003577663132000393,-0.052472364201101095,0.004360257981219209,0.23378875233009663,0.0033601284757621788,-0.2704285000208924,0.0024011608585130188,0.0,0.0,1730276066.2195222
-0.0014999907234248835,-0.02125155203559536,-0.0029149641010226316,0.11623864445700512,-0.002351320350594179,-0.12615512525129113,-0.0043094474039123065,0.0,0.0,1730276066.312763
0.0019516080376227052,-0.006212144049335636,0.004797962773587661,-0.02671069679541376,0.00293852836427202,0.022692911868774764,0.004994030048733278,0.0,0.0,1730276066.4060037
-0.0031934169744018475,0.014212404824988197,-0.007707424113652208,0.019329486505335662,-0.004787286516309888,-0.007917405317348641,-0.007905101730255677,0.0,0.0,1730276066.4992442
0.004377479652160432,-0.02475821684525613,0.016184274219523398,-0.03747147530758393,0.010238416247851014,0.0029688955358413895,0.019449822968005712,0.0,0.0,1730276066.592485
0.05323201826237753,-0.19562296076678967,0.11094370483357982,-0.1580203771628617,0.07852017537614643,-0.0036754535828710305,0.13601086031145168,0.0,0.0,1730276066.6857255
0.06429940019451445,-0.2296871466037314,0.12705216123042798,-0.17342760407896435,0.09142098856068412,-0.01564923428386012,0.16637056180294382,0.0,0.0,1730276066.7789662
0.05688226966335907,-0.2063913754710631,0.114839198871423,-0.17118158329976543,0.08253426757675766,-0.00699925740619931,0.1498941395154417,0.0,0.0,1730276066.8722067
0.062177588384400045,-0.2220214924958089,0.12154886462617012,-0.16832736964451908,0.08943086485068386,-0.01767407830165286,0.1619527727603143,0.0,0.0,1730276066.9654474
0.058283236014553465,-0.21029041177761165,0.1158954377660471,-0.17235043670327568,0.08802833138756304,-0.008834477119716848,0.15826647359630872,0.0,0.0,1730276067.0586882
0.05935519338589785,-0.2186298567025185,0.11886774677444491,-0.1690740938157096,0.09291546239578967,-0.013459054292263746,0.1590157223664674,0.0,0.0,1730276067.1519287
0.057974650955865,-0.21345389344687193,0.1190408864557942,-0.16954067530341302,0.08744322568133976,-0.011963819008549008,0.15988914363602902,0.0,0.0,1730276067.2451694
0.0579804820140629,-0.21229554096033065,0.12322370035215399,-0.171568700369326,0.08675314322053017,-0.010168424574081509,0.15553438785299295,0.0,0.0,1730276067.33841
0.0595022142221743,-0.21694316741340547,0.12129212046885446,-0.16836333828843827,0.08736936211801039,-0.012125048338084773,0.15663519654527222,0.0,0.0,1730276067.4316506
0.06062354675951871,-0.2194601219793221,0.12134819814656976,-0.17742751012877656,0.08498534524580179,-0.010463315393068277,0.16321953686444124,0.0,0.0,1730276067.5248914
0.05961282271134152,-0.2151786663218079,0.12125366579442494,-0.168260937626943,0.08565350305713748,-0.012708831416369842,0.15676965906418147,0.0,0.0,1730276067.6181319
0.05761681863556773,-0.2173054226537038,0.12188695086971385,-0.17245275502947732,0.08831722863886875,-0.010148261300649527,0.1599087706315395,0.0,0.0,1730276067.7113726
0.058054791321123456,-0.21448510383823097,0.1204280130290442,-0.16955958850625988,0.08636616320623193,-0.013975231037394403,0.1570187280040556,0.0,0.0,1730276067.804613
0.058115070383837744,-0.2139263393646984,0.11955872586734727,-0.16805151173203098,0.08595142950773534,-0.011788321032038702,0.15624729806329812,0.0,0.0,1730276067.8978539
0.06235987192973014,-0.22576134334419445,0.12613351104986886,-0.17934446873034446,0.09170690025359098,-0.011076669944636084,0.16671896603414152,0.0,0.0,1730276067.9910946
0.03376839890598461,-0.11179233343902026,0.0646966710665815,-0.08499062719660369,0.04476680982344972,-0.009952821463749003,0.08068854252974253,0.0,0.0,1730276068.084335
-0.002434006932803373,0.001963379296031411,0.004097639780299894,0.003622370848147414,-0.0034734151583464693,0.00094144694924039,-0.003856046526317434,0.0,0.0,1730276068.1775758
0.004132284280011693,-0.00113805424650314,0.007336296501941505,0.001604455993254806,0.005524023440404288,-0.0015423950048200359,0.007312918845499743,0.0,0.0,1730276068.2708163
-0.006566649481419491,0.0022967684030225453,-0.015958793900211182,-0.005551526136016424,-0.011057200126697732,0.0032788068616124346,-0.018213914233309154,0.0,0.0,1730276068.364057
0.024556010428438097,-0.002920917451152037,0.05652822724728028,0.01347141760749429,0.03782035016377255,-0.009092928090443894,0.06773998698667166,0.0,0.0,1730276068.4572976
0.09594980276609646,-0.022369579952162034,0.20108491299292458,0.06222371789507105,0.1439182346101583,-0.04128510711909574,0.24690728088609498,0.0,0.0,1730276068.5505383
0.09607926112422127,-0.026305861407944085,0.20364360883374286,0.06622363612671599,0.14887709821663758,-0.04367585728568714,0.26361392357747715,0.0,0.0,1730276068.643779
0.08939087032489547,-0.02269995231084324,0.19756119398038968,0.06275434922969456,0.13903862718271245,-0.03868042596499277,0.2493485799979699,0.0,0.0,1730276068.7370195
0.1003273761833285,-0.026363805801880996,0.20495670778537595,0.06853505044000652,0.15352468537191835,-0.04281870719525106,0.2682503388045778,0.0,0.0,1730276068.8302603
0.0913987464529316,-0.02446390391915599,0.18899194929370913,0.06165600695144001,0.1432600157468473,-0.04089119109032394,0.2464966050268636,0.0,0.0,1730276068.9235008
0.09619365290330043,-0.02448683445686728,0.21148435943369379,0.06718458762306209,0.15150315217462845,-0.04371350642103742,0.2650108981554347,0.0,0.0,1730276069.0167415
0.09190613350008625,-0.029166414699542453,0.18848183318527628,0.06458176370903913,0.1459790286768248,-0.0424373769072194,0.27254822446121185,0.0,0.0,1730276069.1099823
0.09567571506112703,-0.027584743449161064,0.19439794253692286,0.06663714408670178,0.1521598797696977,-0.04319219563108362,0.2788906110767236,0.0,0.0,1730276069.2032228
0.09601789093607058,-0.027455421114601072,0.20105723343313986,0.0667576552881049,0.14474600079786648,-0.042294999232787074,0.2540501663898633,0.0,0.0,1730276069.2964635
0.03062790293502289,-0.011898560687115346,0.05836671224948771,0.018652945686733785,0.037205460785810544,-0.012017647133087601,0.06805832628229123,0.0,0.0,1730276069.389704
-0.0073669208215096154,0.002094500535140181,-0.014665708718624087,-0.006180876004305823,-0.011620106226157697,0.0024944253055343996,-0.02136178280685674,0.0,0.0,1730276069.4829447
0.002972408540253966,-0.0002125075745700986,0.006700452502100141,0.0017543366644323683,0.0051121833851438805,-0.0013254450872607732,0.009774021239515042,0.0,0.0,1730276069.5761852
-0.0016512243366633606,0.0008463598360419326,-0.0037441014868455614,-0.0018829642590436724,-0.00377935964629947,0.001302264547681072,-0.006196845200897163,0.0,0.0,1730276069.669426
3.038857750948126e-05,-0.0007303757856818768,0.0016231892473819501,0.0007657891839884232,0.0017239916956437791,-0.0020639302857877588,0.0017110716911926164,0.0,0.0,1730276069.7626667
0.00039079807719436454,0.0017929886619464813,-0.0032014689955253348,-0.00041144311057398145,-0.0019651044162931793,0.0018153933699993354,-0.0016120566664440407,0.0,0.0,1730276069.8559072
-0.0006928039728223238,-0.0021706502959715542,0.002876815185026869,-0.0005225949408057808,0.0015588766353079643,-0.002193657764654974,0.0002794238705445024,0.0,0.0,1730276069.949148
0.0010478548148002648,0.001497064549044569,-0.0016281818661278721,-0.0009398466419060913,0.0003799925308214197,0.0009578435392460659,0.0003262465833377049,0.0,0.0,1730276070.0423884
-0.0005992352176096611,-0.0017516212015098339,0.0028515168100826183,7.01449660755191e-05,0.0007945815239638814,-0.000978313095573903,-0.0007559367295729524,0.0,0.0,1730276070.1356292
0.0006599968024573708,-0.0006036694502456528,0.0013305093769578414,-0.0005406852669465445,0.0011237040776527429,-0.0005811173408612004,0.0027253099797305233,0.0,0.0,1730276070.22887
-0.0009395684616670605,0.002374299990504676,-0.004733602682170165,-0.0018496470762765372,-0.0024401529366206913,0.0029077895600756417,-0.003330827734239303,0.0,0.0,1730276070.3221104
0.0011448408172840669,-0.010677864034195477,0.014874581496241136,0.003866647635078799,0.007688462992808622,-0.00999251427265911,0.009618333829911304,0.0,0.0,1730276070.4153512
0.003680334002105134,0.09576927803591868,-0.12781775023029543,-0.029492831662873434,-0.07660723410663706,0.099069213148466,-0.09202083033341635,0.0,0.0,1730276070.5085917
0.0020324371568814,0.1774687366628995,-0.23707342095339484,-0.05703679158532086,-0.14658474516614137,0.19519369907319734,-0.18464332961704558,0.0,0.0,1730276070.6018324
0.0055293850670123405,0.14776419755999248,-0.2023527618062556,-0.05019311837624227,-0.12802646295170317,0.16896018978078486,-0.15968493062623706,0.0,0.0,1730276070.6950731
0.007655396741270219,0.16608939372362244,-0.22053355032920408,-0.05441761548336866,-0.1377608973766946,0.18026581470738276,-0.170265213711674,0.0,0.0,1730276070.7883136
0.005784222750053465,0.15749002324302863,-0.21351595787148897,-0.04869701468064566,-0.13605147725139824,0.17114842494317103,-0.16993170800798868,0.0,0.0,1730276070.8815544
0.006124311547572943,0.1591664082422642,-0.21583940769500742,-0.04985139338325117,-0.13198367192272184,0.1731510854039237,-0.16855315233422477,0.0,0.0,1730276070.9747949
0.006167879249169443,0.16387895172613556,-0.21788698630616796,-0.053290684924462706,-0.1347286287715431,0.18127075501736625,-0.17009872470086426,0.0,0.0,1730276071.0680356
0.006079143718297677,0.15069126082862183,-0.20820566668476403,-0.045835383181507455,-0.13099353075001863,0.1698511325296568,-0.16263520849233692,0.0,0.0,1730276071.161276
0.0053268742068062645,0.1705310923629542,-0.22229134772586978,-0.051395000497175956,-0.13041467345310964,0.18794861367328883,-0.17415114850122695,0.0,0.0,1730276071.2545168
0.005084134088208053,0.14346755078592355,-0.20553527979350258,-0.04753368578457237,-0.13015326033904184,0.16072360556844487,-0.1609940713041937,0.0,0.0,1730276071.3477576
0.006308547233895108,0.17875002341270282,-0.23230197660103508,-0.05533667154617941,-0.14148918545811184,0.19748091657993774,-0.18651716694815204,0.0,0.0,1730276071.440998
0.00147848627201265,0.10760113852719089,-0.1524440362902291,-0.036671444733063746,-0.09096225913631967,0.11055169802865764,-0.12106929610242671,0.0,0.0,1730276071.5342388
-0.0008426753950012182,0.010486027339407615,0.0002366502197411384,-0.0031897688394134536,0.004835604358890443,0.007313470656402554,0.0041439347420857845,0.0,0.0,1730276071.6274793
-0.00036593670360773986,0.17604924829438043,0.003936808329414886,-0.043470763371593404,0.06712318604680816,0.2059366045022824,-0.03575801389000573,0.0,0.0,1730276071.72072
0.0006650082888193528,0.22826487018515548,-0.0015894901923682583,-0.06044288198318963,0.08852444347768973,0.2746210240461276,-0.06909408293900175,0.0,0.0,1730276071.8139608
0.000505037834715041,0.20429477710220348,0.006500226689849524,-0.05149717947194807,0.08701061094763389,0.2488996095150085,-0.05889629840355026,0.0,0.0,1730276071.9072013
-0.000849756934791403,0.21665093739993907,0.0002574177021995517,-0.05737993140628328,0.08197236840553428,0.26138163911227796,-0.06485121588799836,0.0,0.0,1730276072.000442
0.0022897752582684587,0.2140511149031146,0.0054731072164268466,-0.05565502414545562,0.08695268941642813,0.2605692817724641,-0.0628869006822776,0.0,0.0,1730276072.0936825
-0.001784842596546736,0.20124193654339953,0.0022483194081372834,-0.05268955384442075,0.0777849192194317,0.23846658217722091,-0.06011142054938224,0.0,0.0,1730276072.1869233
0.002006811067965619,0.03533699726991851,0.0013939247315589737,-0.007524362806955172,0.01516914108159479,0.03997726691006182,-0.012777573643902777,0.0,0.0,1730276072.2801638
-0.0010723290121609913,-0.016021089130934665,0.0011900127843116296,0.00287185114701818,-0.0055129518013994,-0.013783287809589404,0.003350689215792035,0.0,0.0,1730276072.3734045
0.0014856934266574454,0.012607105761600151,-0.0018972488014876677,-0.004906421398648227,0.0037997514760491125,0.01138157822433457,-0.0036353089906432513,0.0,0.0,1730276072.4666452
0.002531142757314156,-0.0152817797234344,-0.0004056633697828356,0.006384906388988736,-0.004482279538848957,-0.01312763469595909,0.003996856143551502,0.0,0.0,1730276072.5598857
-0.010057712330622285,0.01875468316870384,0.004322710700377102,-0.01209450101141586,0.006887181117255081,0.01883616165876336,-0.004481833905634333,0.0,0.0,1730276072.6531265
0.07795832271498697,-0.06806731519577264,-0.059351546984574115,0.06690060232693043,-0.04092282315170182,-0.14891931075376766,0.029123911874424275,0.0,0.0,1730276072.746367
0.1546802452776745,-0.16362012416542177,-0.11764292336226996,0.14538520266690766,-0.08767657226484789,-0.2758942256436419,0.06993588158043887,0.0,0.0,1730276072.8396077
0.14091287087705123,-0.1396024066962764,-0.10713782550582027,0.1276906824839261,-0.07732412816019801,-0.24575581445346273,0.06598584431538228,0.0,0.0,1730276072.9328485
0.14387258313842802,-0.1479640786681311,-0.11044941919527648,0.1335231953941592,-0.08448429211183285,-0.2661239487048374,0.06813225674440464,0.0,0.0,1730276073.026089
0.1394341801189036,-0.1462962885992342,-0.11116903210609597,0.126916282443919,-0.08506722919717756,-0.2461075023231166,0.08009304230182557,0.0,0.0,1730276073.1193297
0.14539233885677041,-0.14658294651655077,-0.10730027282447464,0.1345055258329146,-0.08357555355257787,-0.2622063585770113,0.0769980735026881,0.0,0.0,1730276073.2125702
0.14971945594232494,-0.15359954780624718,-0.1099866119204477,0.14706625349379146,-0.08461192679641834,-0.27927675527496915,0.07312749639459534,0.0,0.0,1730276073.305811
0.14090891063245553,-0.13870092653074112,-0.10943818859646577,0.12781022459206184,-0.07977349836920944,-0.24808012740498,0.07066053805375494,0.0,0.0,1730276073.3990517
0.14602728850717275,-0.15451090055365482,-0.11301460758665435,0.13432299190479205,-0.08432911023546852,-0.2654727156389668,0.06614355360981686,0.0,0.0,1730276073.4922922
0.14344389442817246,-0.13900113466080535,-0.11187845485695262,0.1289458613703238,-0.07838207382577979,-0.24872712429238886,0.06600000725846494,0.0,0.0,1730276073.585533
0.14643940093542118,-0.15317661316741876,-0.1132056772492718,0.13400577703205685,-0.08505526322419067,-0.27002488990675066,0.07104684308750701,0.0,0.0,1730276073.6787734
0.13477829075215159,-0.14339389087982682,-0.10576176222386544,0.1275441393436998,-0.07776796747540154,-0.23817288613254045,0.06398008881241304,0.0,0.0,1730276073.7720141
0.02628471590003413,-0.018802585835057766,-0.02460974164190694,0.01723952800380155,-0.01653241510100222,-0.04231502237359168,0.01745271898291351,0.0,0.0,1730276073.8652546
-0.15419230896028502,-0.04409187965334609,0.10401001464634319,-0.08264731715526331,0.03378293716774729,0.011771110397793815,-0.04255715046271622,0.0,0.0,1730276073.9584954
-0.22842630068898268,-0.1114657997471629,0.15412356705766053,-0.09967475528103278,0.049215203297499656,-0.02165782076598504,-0.07386276954200038,0.0,0.0,1730276074.051736
-0.2093926090663472,-0.08742027526195977,0.14442257420791596,-0.09942030845041962,0.04842369607089937,-0.004818337881862032,-0.07716555280848435,0.0,0.0,1730276074.1449766
-0.21611748978100476,-0.0999163607750397,0.1458830975880341,-0.100210017085703,0.04669154198169324,-0.013671683442817691,-0.07385668369142435,0.0,0.0,1730276074.2382174
-0.21697058613539763,-0.09366197615171683,0.14603465352288525,-0.09901038063056117,0.04895099500029978,-0.007251357818910362,-0.07364229355859785,0.0,0.0,1730276074.3314579
-0.2107147127536245,-0.09366568566193384,0.14300865077937946,-0.09927143595006463,0.048460526069559695,-0.008258763905254419,-0.07224563062779206,0.0,0.0,1730276074.4246986
-0.21855479921384602,-0.09580109856869212,0.14968625334927207,-0.09934711876619612,0.0465471329924291,-0.01460203550320455,-0.07337159264987561,0.0,0.0,1730276074.5179393
-0.21163151185334422,-0.08976699331033937,0.14783746210649742,-0.09736656417132988,0.04117593725281928,-0.011230448499268507,-0.07062708605893923,0.0,0.0,1730276074.6111798
-0.2165108632376677,-0.10063577833997367,0.14565652708463292,-0.10067843912791961,0.045954268910917695,-0.013374791589670487,-0.07211088454151536,0.0,0.0,1730276074.7044206
-0.2206662271665137,-0.09318529777384203,0.15042477030607143,-0.09602860310185189,0.04903470291570172,-0.009808951229194837,-0.07701412727687441,0.0,0.0,1730276074.797661
-0.20492698533571466,-0.09563972810800661,0.14237781061860785,-0.09590422063630598,0.04515739109441785,-0.016558278213436115,-0.07196016177023966,0.0,0.0,1730276074.8909018
-0.2330189957959642,-0.09847785763885247,0.15710817927008983,-0.10336972362439777,0.051671898192782686,-0.012783558591255581,-0.0791489623000193,0.0,0.0,1730276074.9841425
-0.14434872569365392,-0.07371229436779846,0.09886212154453017,-0.07519135780550143,0.0302613798580538,-0.011424770683756679,-0.04659556802814636,0.0,0.0,1730276075.077383
0.005416841900256648,0.033909012638384944,-0.00264640542545913,0.004441432730269593,-0.0008971452548349604,0.0025057089484537367,0.004722452294234005,0.0,0.0,1730276075.1706238
0.0035074395671580217,0.19103509360294865,-0.002390072023134494,0.1070749007492099,1.3370197823299218e-05,0.06696570829346007,0.0005665142317617495,0.0,0.0,1730276075.2638643
-0.00038040630976283324,0.226541815854853,0.0016099907140557698,0.1411083700861277,0.0005366985300326995,0.09144130677579936,-0.0011421432679679612,0.0,0.0,1730276075.357105
0.008514193370964547,0.20806970400886307,-0.004055025213382632,0.12729503282173063,-0.0012283724957442357,0.08645503690571682,0.0017782689019258788,0.0,0.0,1730276075.4503455
0.00026220358910377447,0.22090605906360786,0.002206944693721616,0.1327294790520518,0.00023303144245484842,0.09129297084738568,-0.0018688531369550746,0.0,0.0,1730276075.5435863
0.007594101733300224,0.2132998674214564,-0.0024088035695662416,0.13365927958944795,-0.0012098546591437329,0.08319274988560867,0.0010459090263033452,0.0,0.0,1730276075.636827
0.002467792460632104,0.2116185640608537,0.0006016204436946807,0.13806850854837083,-0.0020702915920420054,0.08929387643017954,-0.0007773910367029513,0.0,0.0,1730276075.7300675
0.003740592059828486,0.20958838828330562,-0.0009172145680626482,0.13480279491034414,-0.0024735168714856114,0.08657936032218443,0.0008948414073462392,0.0,0.0,1730276075.8233082
0.001788708457563645,0.21563245400051598,0.000259072795064716,0.12979001886564917,0.00038614255001021084,0.08655222229444726,-0.000300001332395161,0.0,0.0,1730276075.9165487
0.0026116756806975347,0.2168446146090157,-0.0006001474769245813,0.13224240087220027,0.0002689563990612851,0.0898703251992158,-0.00083266659949552,0.0,0.0,1730276076.0097895
0.00374446385616413,0.207471643930891,-0.0008412180775581626,0.13253845027990385,-0.0008733781609540242,0.08233197171697426,-9.031800466118445e-05,0.0,0.0,1730276076.1030302
0.0022441696563596275,0.2242321150712159,0.0005741468108527233,0.13631499054221305,0.0005998005661630325,0.09122349873520129,-0.0012320800660631538,0.0,0.0,1730276076.1962707
0.0048437355939277855,0.20567084337136993,-0.0015131144873828206,0.1264823131210715,-0.00041008635684473637,0.08206056307850278,0.0002764368133968379,0.0,0.0,1730276076.2895114
0.001511928539148941,0.22627754063364197,0.0006357719043180891,0.13804275613416425,0.0004052421789889068,0.09679893147308209,-0.001338624591078233,0.0,0.0,1730276076.382752
0.002563543228426373,0.19031987936425443,8.742867396570298e-05,0.11247392429159996,0.0007949478035534923,0.0707380891214552,-0.0009480556009780182,0.0,0.0,1730276076.4759927
0.0005500707219506115,0.039312068104060356,0.0004931539655043738,0.00769789035142233,0.00014351459055123532,0.006865911841694451,0.0017557032874147083,0.0,0.0,1730276076.5692332
-0.006928499796358733,0.08317043857332955,0.0003929263714738296,-0.07605961506219482,-0.0011350713235981384,0.14095473989072244,-0.0014775417646344668,0.0,0.0,1730276076.662474
-0.013805885319368128,0.17403045355715055,-6.4302029619844445e-06,-0.11887236960532921,-0.006676372978625457,0.2985644234154499,-0.014120084095175206,0.0,0.0,1730276076.7557147
-0.014001196489447193,0.12043731337461232,-0.00034659241086047775,-0.09411976818366949,-0.005033848886524978,0.2165541669863846,-0.016825676105580837,0.0,0.0,1730276076.8489552
-0.0028338500574481,0.042496210286657725,-0.0022966241400588848,-0.031162032544786028,-0.00046257819364239916,0.043410486818106754,-0.001136031148923237,0.0,0.0,1730276076.942196
0.0013633854369376757,-0.007796514859109059,0.001142230271017668,0.005122398641992901,0.00018218196637762612,-0.020299004370614014,0.002990114686617648,0.0,0.0,1730276077.0354364
-0.0007908269944026561,-0.005891299017768318,-0.0005715069589025747,0.00047959244323078973,0.00044894625271843974,0.011275342263439824,-0.0014804639732360267,0.0,0.0,1730276077.1286771
5.753048094669705e-05,-0.009251642118553453,-0.0024174084325679747,-0.0022765942387298417,-5.496155886784007e-05,0.005459033485822978,0.0007670618449143323,0.0,0.0,1730276077.2219179
1.765728884444057e-05,-0.01459765691101579,-0.0009314307402156618,0.011751097288624814,0.00036662442176344016,-0.007735141344432847,0.0004348090646002561,0.0,0.0,1730276077.3151584
-0.000700745573573247,-0.00371387516251716,-0.0033017948575669244,-0.020079762433003048,-0.00047398907253532786,0.03136403289563444,-0.0006295723571508279,0.0,0.0,1730276077.408399
0.0012617075631466883,-0.02467892753479257,0.0005888481664036349,0.08908518527534022,0.0004407523805317424,-0.1041563406258026,0.0014522359729493457,0.0,0.0,1730276077.5016396
0.002095223398523799,-0.04113791254099127,0.0007953638421038274,0.23115775726493243,-0.0003098806121727596,-0.26655819539629194,-0.0011448678677821846,0.0,0.0,1730276077.5948803
0.0031254746166458425,-0.045515559857586076,0.00210777306364223,0.2205348675674824,0.0008905176358863361,-0.26035519888852704,0.0008360955434830985,0.0,0.0,1730276077.688121
0.00281808433380274,-0.04195504715890027,0.0023999964347777075,0.2208346947785111,0.0005786522449691942,-0.25528344570021605,0.0001560541157062764,0.0,0.0,1730276077.7813616
0.0017441887602493353,-0.03777985323519776,0.0010544677913221566,0.22117661622761042,-0.0003374195002324103,-0.2570737457136518,-0.001625989978980491,0.0,0.0,1730276077.8746023
0.003577663132000393,-0.052472364201101095,0.004360257981219209,0.23378875233009663,0.0033601284757621788,-0.2704285000208924,0.0024011608585130188,0.0,0.0,1730276077.9678428
-0.0014999907234248835,-0.02125155203559536,-0.0029149641010226316,0.11623864445700512,-0.002351320350594179,-0.12615512525129113,-0.0043094474039123065,0.0,0.0,1730276078.0610836
0.0019516080376227052,-0.006212144049335636,0.004797962773587661,-0.02671069679541376,0.00293852836427202,0.022692911868774764,0.004994030048733278,0.0,0.0,1730276078.154324
-0.0031934169744018475,0.014212404824988197,-0.007707424113652208,0.019329486505335662,-0.004787286516309888,-0.007917405317348641,-0.007905101730255677,0.0,0.0,1730276078.2475648
0.004377479652160432,-0.02475821684525613,0.016184274219523398,-0.03747147530758393,0.010238416247851014,0.0029688955358413895,0.019449822968005712,0.0,0.0,1730276078.3408055
0.05323201826237753,-0.19562296076678967,0.11094370483357982,-0.1580203771628617,0.07852017537614643,-0.0036754535828710305,0.13601086031145168,0.0,0.0,1730276078.434046
0.06429940019451445,-0.2296871466037314,0.12705216123042798,-0.17342760407896435,0.09142098856068412,-0.01564923428386012,0.16637056180294382,0.0,0.0,1730276078.5272868
0.05688226966335907,-0.2063913754710631,0.114839198871423,-0.17118158329976543,0.08253426757675766,-0.00699925740619931,0.1498941395154417,0.0,0.0,1730276078.6205273
0.062177588384400045,-0.2220214924958089,0.12154886462617012,-0.16832736964451908,0.08943086485068386,-0.01767407830165286,0.1619527727603143,0.0,0.0,1730276078.713768
0.058283236014553465,-0.21029041177761165,0.1158954377660471,-0.17235043670327568,0.08802833138756304,-0.008834477119716848,0.15826647359630872,0.0,0.0,1730276078.8070087
0.05935519338589785,-0.2186298567025185,0.11886774677444491,-0.1690740938157096,0.09291546239578967,-0.013459054292263746,0.1590157223664674,0.0,0.0,1730276078.9002492
0.057974650955865,-0.21345389344687193,0.1190408864557942,-0.16954067530341302,0.08744322568133976,-0.011963819008549008,0.15988914363602902,0.0,0.0,1730276078.99349
0.0579804820140629,-0.21229554096033065,0.12322370035215399,-0.171568700369326,0.08675314322053017,-0.010168424574081509,0.15553438785299295,0.0,0.0,1730276079.0867305
0.0595022142221743,-0.21694316741340547,0.12129212046885446,-0.16836333828843827,0.08736936211801039,-0.012125048338084773,0.15663519654527222,0.0,0.0,1730276079.1799712
0.06062354675951871,-0.2194601219793221,0.12134819814656976,-0.17742751012877656,0.08498534524580179,-0.010463315393068277,0.16321953686444124,0.0,0.0,1730276079.2732117
0.05961282271134152,-0.2151786663218079,0.12125366579442494,-0.168260937626943,0.08565350305713748,-0.012708831416369842,0.15676965906418147,0.0,0.0,1730276079.3664525
0.05761681863556773,-0.2173054226537038,0.12188695086971385,-0.17245275502947732,0.08831722863886875,-0.010148261300649527,0.1599087706315395,0.0,0.0,1730276079.4596932
0.058054791321123456,-0.21448510383823097,0.1204280130290442,-0.16955958850625988,0.08636616320623193,-0.013975231037394403,0.1570187280040556,0.0,0.0,1730276079.5529337
0.058115070383837744,-0.2139263393646984,0.11955872586734727,-0.16805151173203098,0.08595142950773534,-0.011788321032038702,0.15624729806329812,0.0,0.0,1730276079.6461744
0.06235987192973014,-0.22576134334419445,0.12613351104986886,-0.17934446873034446,0.09170690025359098,-0.011076669944636084,0.16671896603414152,0.0,0.0,1730276079.739415
0.03376839890598461,-0.11179233343902026,0.0646966710665815,-0.08499062719660369,0.04476680982344972,-0.009952821463749003,0.08068854252974253,0.0,0.0,1730276079.8326557
0.03376839890598461,-0.11179233343902026,0.0646966710665815,-0.08499062719660369,0.04476680982344972,-0.009952821463749003,0.08068854252974253,0.0,0.0,1730276079.8326557
0.03376839890598461,-0.11179233343902026,0.0646966710665815,-0.08499062719660369,0.04476680982344972,-0.009952821463749003,0.08068854252974253,0.0,0.0,1730276079.8326557
0.03376839890598461,-0.11179233343902026,0.0646966710665815,-0.08499062719660369,0.04476680982344972,-0.009952821463749003,0.08068854252974253,0.0,0.0,1730276079.8326557
