Trail Name,Timestamp
R_r1deg180h0,1729977518.5434313
R_r2deg45h0,1730273251.127359
R_r3deg157h0,1729983172.6399531
R_r1deg67h0,1730045993.635121
R_r2deg180h0,1729977907.3434305
R_r3deg180h0,1729978588.91157
R_r1deg112h0,1729984512.344102
R_r3deg22h0,1730271900.562126
R_r2deg90h0,1729986572.1731837
R_r2deg22h0,1730270995.6025558
R_r1deg135h0,1729983507.7399485
R_r3deg67h0,1730046429.6017575
R_r1deg22h0,1730270158.663793
R_r3deg112h0,1729985517.3036811
R_r3deg90h0,1729986755.7398458
R_r3deg45h0,1730273475.56069
R_r2deg135h0,1729983847.9441044
R_r2deg0h0,1730268675.160759
R_r1deg45h0,1730272421.2940335
R_r3deg0h0,1730267833.7315505
R_r2deg112h0,1729985299.8037183
R_r1deg157h0,1729982567.7803185
R_r2deg157h0,1729982909.639959
R_r2deg67h0,1730046228.901775
R_r1deg0h0,1730269729.897087
R_r3deg135h0,1729984012.5440593
R_r1deg90h0,1729985726.7575614
